[0.066s] [34mcolcon[0m [1;30mDEBUG[0m [32mCommand line arguments: ['/usr/bin/colcon', 'build', '--symlink-install'][0m
[0.066s] [34mcolcon[0m [1;30mDEBUG[0m [32mParsed command line arguments: Namespace(log_base=None, log_level=None, verb_name='build', build_base='build', install_base='install', merge_install=False, symlink_install=True, test_result_base=None, continue_on_error=False, executor='parallel', parallel_workers=16, event_handlers=None, ignore_user_meta=False, metas=['./colcon.meta'], base_paths=['.'], packages_ignore=None, packages_ignore_regex=None, paths=None, packages_up_to=None, packages_up_to_regex=None, packages_above=None, packages_above_and_dependencies=None, packages_above_depth=None, packages_select_by_dep=None, packages_skip_by_dep=None, packages_skip_up_to=None, packages_select_build_failed=False, packages_skip_build_finished=False, packages_select_test_failures=False, packages_skip_test_passed=False, packages_select=None, packages_skip=None, packages_select_regex=None, packages_skip_regex=None, packages_start=None, packages_end=None, allow_overriding=[], cmake_args=None, cmake_target=None, cmake_target_skip_unavailable=False, cmake_clean_cache=False, cmake_clean_first=False, cmake_force_configure=False, ament_cmake_args=None, catkin_cmake_args=None, catkin_skip_building_tests=False, mixin_files=None, mixin=None, verb_parser=<colcon_mixin.mixin.mixin_argument.MixinArgumentDecorator object at 0x7cbdd534f320>, verb_extension=<colcon_core.verb.build.BuildVerb object at 0x7cbdd534e5a0>, main=<bound method BuildVerb.main of <colcon_core.verb.build.BuildVerb object at 0x7cbdd534e5a0>>, mixin_verb=('build',))[0m
[0.088s] [34mcolcon.colcon_core.package_discovery[0m [1;30mLevel 1[0m discover_packages(colcon_meta) check parameters
[0.088s] [34mcolcon.colcon_core.package_discovery[0m [1;30mLevel 1[0m discover_packages(recursive) check parameters
[0.088s] [34mcolcon.colcon_core.package_discovery[0m [1;30mLevel 1[0m discover_packages(ignore) check parameters
[0.088s] [34mcolcon.colcon_core.package_discovery[0m [1;30mLevel 1[0m discover_packages(path) check parameters
[0.089s] [34mcolcon.colcon_core.package_discovery[0m [1;30mLevel 1[0m discover_packages(colcon_meta) discover
[0.089s] [34mcolcon.colcon_core.package_discovery[0m [1;30mLevel 1[0m discover_packages(recursive) discover
[0.089s] [34mcolcon.colcon_core.package_discovery[0m [1;30mINFO[0m Crawling recursively for packages in '/home/jw/BussingMate'
[0.089s] [34mcolcon.colcon_core.package_identification[0m [1;30mLevel 1[0m _identify(.) by extensions ['ignore', 'ignore_ament_install']
[0.089s] [34mcolcon.colcon_core.package_identification[0m [1;30mLevel 1[0m _identify(.) by extension 'ignore'
[0.089s] [34mcolcon.colcon_core.package_identification[0m [1;30mLevel 1[0m _identify(.) by extension 'ignore_ament_install'
[0.089s] [34mcolcon.colcon_core.package_identification[0m [1;30mLevel 1[0m _identify(.) by extensions ['colcon_pkg']
[0.089s] [34mcolcon.colcon_core.package_identification[0m [1;30mLevel 1[0m _identify(.) by extension 'colcon_pkg'
[0.089s] [34mcolcon.colcon_core.package_identification[0m [1;30mLevel 1[0m _identify(.) by extensions ['colcon_meta']
[0.089s] [34mcolcon.colcon_core.package_identification[0m [1;30mLevel 1[0m _identify(.) by extension 'colcon_meta'
[0.089s] [34mcolcon.colcon_core.package_identification[0m [1;30mLevel 1[0m _identify(.) by extensions ['ros']
[0.089s] [34mcolcon.colcon_core.package_identification[0m [1;30mLevel 1[0m _identify(.) by extension 'ros'
[0.102s] [34mcolcon.colcon_core.package_identification[0m [1;30mLevel 1[0m _identify(.) by extensions ['cmake', 'python']
[0.102s] [34mcolcon.colcon_core.package_identification[0m [1;30mLevel 1[0m _identify(.) by extension 'cmake'
[0.102s] [34mcolcon.colcon_core.package_identification[0m [1;30mLevel 1[0m _identify(.) by extension 'python'
[0.102s] [34mcolcon.colcon_core.package_identification[0m [1;30mLevel 1[0m _identify(.) by extensions ['python_setup_py']
[0.102s] [34mcolcon.colcon_core.package_identification[0m [1;30mLevel 1[0m _identify(.) by extension 'python_setup_py'
[0.102s] [34mcolcon.colcon_core.package_identification[0m [1;30mLevel 1[0m _identify(build) by extensions ['ignore', 'ignore_ament_install']
[0.102s] [34mcolcon.colcon_core.package_identification[0m [1;30mLevel 1[0m _identify(build) by extension 'ignore'
[0.102s] [34mcolcon.colcon_core.package_identification[0m [1;30mLevel 1[0m _identify(build) ignored
[0.102s] [34mcolcon.colcon_core.package_identification[0m [1;30mLevel 1[0m _identify(install) by extensions ['ignore', 'ignore_ament_install']
[0.102s] [34mcolcon.colcon_core.package_identification[0m [1;30mLevel 1[0m _identify(install) by extension 'ignore'
[0.102s] [34mcolcon.colcon_core.package_identification[0m [1;30mLevel 1[0m _identify(install) ignored
[0.103s] [34mcolcon.colcon_core.package_identification[0m [1;30mLevel 1[0m _identify(isaaclab_tasks) by extensions ['ignore', 'ignore_ament_install']
[0.103s] [34mcolcon.colcon_core.package_identification[0m [1;30mLevel 1[0m _identify(isaaclab_tasks) by extension 'ignore'
[0.103s] [34mcolcon.colcon_core.package_identification[0m [1;30mLevel 1[0m _identify(isaaclab_tasks) by extension 'ignore_ament_install'
[0.103s] [34mcolcon.colcon_core.package_identification[0m [1;30mLevel 1[0m _identify(isaaclab_tasks) by extensions ['colcon_pkg']
[0.103s] [34mcolcon.colcon_core.package_identification[0m [1;30mLevel 1[0m _identify(isaaclab_tasks) by extension 'colcon_pkg'
[0.103s] [34mcolcon.colcon_core.package_identification[0m [1;30mLevel 1[0m _identify(isaaclab_tasks) by extensions ['colcon_meta']
[0.103s] [34mcolcon.colcon_core.package_identification[0m [1;30mLevel 1[0m _identify(isaaclab_tasks) by extension 'colcon_meta'
[0.103s] [34mcolcon.colcon_core.package_identification[0m [1;30mLevel 1[0m _identify(isaaclab_tasks) by extensions ['ros']
[0.103s] [34mcolcon.colcon_core.package_identification[0m [1;30mLevel 1[0m _identify(isaaclab_tasks) by extension 'ros'
[0.103s] [34mcolcon.colcon_core.package_identification[0m [1;30mLevel 1[0m _identify(isaaclab_tasks) by extensions ['cmake', 'python']
[0.103s] [34mcolcon.colcon_core.package_identification[0m [1;30mLevel 1[0m _identify(isaaclab_tasks) by extension 'cmake'
[0.103s] [34mcolcon.colcon_core.package_identification[0m [1;30mLevel 1[0m _identify(isaaclab_tasks) by extension 'python'
[0.103s] [34mcolcon.colcon_core.package_identification[0m [1;30mLevel 1[0m _identify(isaaclab_tasks) by extensions ['python_setup_py']
[0.103s] [34mcolcon.colcon_core.package_identification[0m [1;30mLevel 1[0m _identify(isaaclab_tasks) by extension 'python_setup_py'
[0.213s] [34mcolcon.colcon_core.package_identification[0m [1;30mERROR[0m [31mException in package identification extension 'python_setup_py' in 'isaaclab_tasks': Command '['/usr/bin/python3', '-c', 'import sys;from contextlib import suppress;exec("with suppress(ImportError):    from setuptools.extern.packaging.specifiers    import SpecifierSet");exec("with suppress(ImportError):    from packaging.specifiers import SpecifierSet");from distutils.core import run_setup;dist = run_setup(    \'setup.py\', script_args=(\'--dry-run\',), stop_after=\'config\');skip_keys = (\'cmdclass\', \'distclass\', \'ext_modules\', \'metadata\');data = {    key: value for key, value in dist.__dict__.items()     if (        not key.startswith(\'_\') and         not callable(value) and         key not in skip_keys and         key not in dist.display_option_names    )};data[\'metadata\'] = {    k: v for k, v in dist.metadata.__dict__.items()     if k not in (\'license_files\', \'provides_extras\')};sys.stdout.buffer.write(repr(data).encode(\'utf-8\'))']' returned non-zero exit status 1.
Traceback (most recent call last):
  File "/usr/lib/python3/dist-packages/colcon_core/package_identification/__init__.py", line 144, in _identify
    retval = extension.identify(_reused_descriptor_instance)
             ^^^^^^^^^^^^^^^^^^^^^^^^^^^^^^^^^^^^^^^^^^^^^^^
  File "/usr/lib/python3/dist-packages/colcon_python_setup_py/package_identification/python_setup_py.py", line 48, in identify
    config = get_setup_information(setup_py)
             ^^^^^^^^^^^^^^^^^^^^^^^^^^^^^^^
  File "/usr/lib/python3/dist-packages/colcon_python_setup_py/package_identification/python_setup_py.py", line 249, in get_setup_information
    _setup_information_cache[hashable_env] = _get_setup_information(
                                             ^^^^^^^^^^^^^^^^^^^^^^^
  File "/usr/lib/python3/dist-packages/colcon_python_setup_py/package_identification/python_setup_py.py", line 296, in _get_setup_information
    result = subprocess.run(
             ^^^^^^^^^^^^^^^
  File "/usr/lib/python3.12/subprocess.py", line 571, in run
    raise CalledProcessError(retcode, process.args,
subprocess.CalledProcessError: Command '['/usr/bin/python3', '-c', 'import sys;from contextlib import suppress;exec("with suppress(ImportError):    from setuptools.extern.packaging.specifiers    import SpecifierSet");exec("with suppress(ImportError):    from packaging.specifiers import SpecifierSet");from distutils.core import run_setup;dist = run_setup(    \'setup.py\', script_args=(\'--dry-run\',), stop_after=\'config\');skip_keys = (\'cmdclass\', \'distclass\', \'ext_modules\', \'metadata\');data = {    key: value for key, value in dist.__dict__.items()     if (        not key.startswith(\'_\') and         not callable(value) and         key not in skip_keys and         key not in dist.display_option_names    )};data[\'metadata\'] = {    k: v for k, v in dist.metadata.__dict__.items()     if k not in (\'license_files\', \'provides_extras\')};sys.stdout.buffer.write(repr(data).encode(\'utf-8\'))']' returned non-zero exit status 1.
[0m
[0.213s] [34mcolcon.colcon_core.package_identification[0m [1;30mLevel 1[0m _identify(isaaclab_tasks/config) by extensions ['ignore', 'ignore_ament_install']
[0.213s] [34mcolcon.colcon_core.package_identification[0m [1;30mLevel 1[0m _identify(isaaclab_tasks/config) by extension 'ignore'
[0.213s] [34mcolcon.colcon_core.package_identification[0m [1;30mLevel 1[0m _identify(isaaclab_tasks/config) by extension 'ignore_ament_install'
[0.214s] [34mcolcon.colcon_core.package_identification[0m [1;30mLevel 1[0m _identify(isaaclab_tasks/config) by extensions ['colcon_pkg']
[0.214s] [34mcolcon.colcon_core.package_identification[0m [1;30mLevel 1[0m _identify(isaaclab_tasks/config) by extension 'colcon_pkg'
[0.214s] [34mcolcon.colcon_core.package_identification[0m [1;30mLevel 1[0m _identify(isaaclab_tasks/config) by extensions ['colcon_meta']
[0.214s] [34mcolcon.colcon_core.package_identification[0m [1;30mLevel 1[0m _identify(isaaclab_tasks/config) by extension 'colcon_meta'
[0.214s] [34mcolcon.colcon_core.package_identification[0m [1;30mLevel 1[0m _identify(isaaclab_tasks/config) by extensions ['ros']
[0.214s] [34mcolcon.colcon_core.package_identification[0m [1;30mLevel 1[0m _identify(isaaclab_tasks/config) by extension 'ros'
[0.214s] [34mcolcon.colcon_core.package_identification[0m [1;30mLevel 1[0m _identify(isaaclab_tasks/config) by extensions ['cmake', 'python']
[0.214s] [34mcolcon.colcon_core.package_identification[0m [1;30mLevel 1[0m _identify(isaaclab_tasks/config) by extension 'cmake'
[0.214s] [34mcolcon.colcon_core.package_identification[0m [1;30mLevel 1[0m _identify(isaaclab_tasks/config) by extension 'python'
[0.214s] [34mcolcon.colcon_core.package_identification[0m [1;30mLevel 1[0m _identify(isaaclab_tasks/config) by extensions ['python_setup_py']
[0.214s] [34mcolcon.colcon_core.package_identification[0m [1;30mLevel 1[0m _identify(isaaclab_tasks/config) by extension 'python_setup_py'
[0.214s] [34mcolcon.colcon_core.package_identification[0m [1;30mLevel 1[0m _identify(isaaclab_tasks/docs) by extensions ['ignore', 'ignore_ament_install']
[0.214s] [34mcolcon.colcon_core.package_identification[0m [1;30mLevel 1[0m _identify(isaaclab_tasks/docs) by extension 'ignore'
[0.214s] [34mcolcon.colcon_core.package_identification[0m [1;30mLevel 1[0m _identify(isaaclab_tasks/docs) by extension 'ignore_ament_install'
[0.214s] [34mcolcon.colcon_core.package_identification[0m [1;30mLevel 1[0m _identify(isaaclab_tasks/docs) by extensions ['colcon_pkg']
[0.214s] [34mcolcon.colcon_core.package_identification[0m [1;30mLevel 1[0m _identify(isaaclab_tasks/docs) by extension 'colcon_pkg'
[0.214s] [34mcolcon.colcon_core.package_identification[0m [1;30mLevel 1[0m _identify(isaaclab_tasks/docs) by extensions ['colcon_meta']
[0.214s] [34mcolcon.colcon_core.package_identification[0m [1;30mLevel 1[0m _identify(isaaclab_tasks/docs) by extension 'colcon_meta'
[0.214s] [34mcolcon.colcon_core.package_identification[0m [1;30mLevel 1[0m _identify(isaaclab_tasks/docs) by extensions ['ros']
[0.214s] [34mcolcon.colcon_core.package_identification[0m [1;30mLevel 1[0m _identify(isaaclab_tasks/docs) by extension 'ros'
[0.214s] [34mcolcon.colcon_core.package_identification[0m [1;30mLevel 1[0m _identify(isaaclab_tasks/docs) by extensions ['cmake', 'python']
[0.214s] [34mcolcon.colcon_core.package_identification[0m [1;30mLevel 1[0m _identify(isaaclab_tasks/docs) by extension 'cmake'
[0.214s] [34mcolcon.colcon_core.package_identification[0m [1;30mLevel 1[0m _identify(isaaclab_tasks/docs) by extension 'python'
[0.214s] [34mcolcon.colcon_core.package_identification[0m [1;30mLevel 1[0m _identify(isaaclab_tasks/docs) by extensions ['python_setup_py']
[0.214s] [34mcolcon.colcon_core.package_identification[0m [1;30mLevel 1[0m _identify(isaaclab_tasks/docs) by extension 'python_setup_py'
[0.214s] [34mcolcon.colcon_core.package_identification[0m [1;30mLevel 1[0m _identify(isaaclab_tasks/isaaclab_tasks) by extensions ['ignore', 'ignore_ament_install']
[0.214s] [34mcolcon.colcon_core.package_identification[0m [1;30mLevel 1[0m _identify(isaaclab_tasks/isaaclab_tasks) by extension 'ignore'
[0.214s] [34mcolcon.colcon_core.package_identification[0m [1;30mLevel 1[0m _identify(isaaclab_tasks/isaaclab_tasks) by extension 'ignore_ament_install'
[0.214s] [34mcolcon.colcon_core.package_identification[0m [1;30mLevel 1[0m _identify(isaaclab_tasks/isaaclab_tasks) by extensions ['colcon_pkg']
[0.214s] [34mcolcon.colcon_core.package_identification[0m [1;30mLevel 1[0m _identify(isaaclab_tasks/isaaclab_tasks) by extension 'colcon_pkg'
[0.214s] [34mcolcon.colcon_core.package_identification[0m [1;30mLevel 1[0m _identify(isaaclab_tasks/isaaclab_tasks) by extensions ['colcon_meta']
[0.214s] [34mcolcon.colcon_core.package_identification[0m [1;30mLevel 1[0m _identify(isaaclab_tasks/isaaclab_tasks) by extension 'colcon_meta'
[0.214s] [34mcolcon.colcon_core.package_identification[0m [1;30mLevel 1[0m _identify(isaaclab_tasks/isaaclab_tasks) by extensions ['ros']
[0.214s] [34mcolcon.colcon_core.package_identification[0m [1;30mLevel 1[0m _identify(isaaclab_tasks/isaaclab_tasks) by extension 'ros'
[0.214s] [34mcolcon.colcon_core.package_identification[0m [1;30mLevel 1[0m _identify(isaaclab_tasks/isaaclab_tasks) by extensions ['cmake', 'python']
[0.214s] [34mcolcon.colcon_core.package_identification[0m [1;30mLevel 1[0m _identify(isaaclab_tasks/isaaclab_tasks) by extension 'cmake'
[0.214s] [34mcolcon.colcon_core.package_identification[0m [1;30mLevel 1[0m _identify(isaaclab_tasks/isaaclab_tasks) by extension 'python'
[0.214s] [34mcolcon.colcon_core.package_identification[0m [1;30mLevel 1[0m _identify(isaaclab_tasks/isaaclab_tasks) by extensions ['python_setup_py']
[0.214s] [34mcolcon.colcon_core.package_identification[0m [1;30mLevel 1[0m _identify(isaaclab_tasks/isaaclab_tasks) by extension 'python_setup_py'
[0.214s] [34mcolcon.colcon_core.package_identification[0m [1;30mLevel 1[0m _identify(isaaclab_tasks/isaaclab_tasks/__pycache__) by extensions ['ignore', 'ignore_ament_install']
[0.214s] [34mcolcon.colcon_core.package_identification[0m [1;30mLevel 1[0m _identify(isaaclab_tasks/isaaclab_tasks/__pycache__) by extension 'ignore'
[0.214s] [34mcolcon.colcon_core.package_identification[0m [1;30mLevel 1[0m _identify(isaaclab_tasks/isaaclab_tasks/__pycache__) by extension 'ignore_ament_install'
[0.214s] [34mcolcon.colcon_core.package_identification[0m [1;30mLevel 1[0m _identify(isaaclab_tasks/isaaclab_tasks/__pycache__) by extensions ['colcon_pkg']
[0.214s] [34mcolcon.colcon_core.package_identification[0m [1;30mLevel 1[0m _identify(isaaclab_tasks/isaaclab_tasks/__pycache__) by extension 'colcon_pkg'
[0.214s] [34mcolcon.colcon_core.package_identification[0m [1;30mLevel 1[0m _identify(isaaclab_tasks/isaaclab_tasks/__pycache__) by extensions ['colcon_meta']
[0.214s] [34mcolcon.colcon_core.package_identification[0m [1;30mLevel 1[0m _identify(isaaclab_tasks/isaaclab_tasks/__pycache__) by extension 'colcon_meta'
[0.214s] [34mcolcon.colcon_core.package_identification[0m [1;30mLevel 1[0m _identify(isaaclab_tasks/isaaclab_tasks/__pycache__) by extensions ['ros']
[0.214s] [34mcolcon.colcon_core.package_identification[0m [1;30mLevel 1[0m _identify(isaaclab_tasks/isaaclab_tasks/__pycache__) by extension 'ros'
[0.214s] [34mcolcon.colcon_core.package_identification[0m [1;30mLevel 1[0m _identify(isaaclab_tasks/isaaclab_tasks/__pycache__) by extensions ['cmake', 'python']
[0.215s] [34mcolcon.colcon_core.package_identification[0m [1;30mLevel 1[0m _identify(isaaclab_tasks/isaaclab_tasks/__pycache__) by extension 'cmake'
[0.215s] [34mcolcon.colcon_core.package_identification[0m [1;30mLevel 1[0m _identify(isaaclab_tasks/isaaclab_tasks/__pycache__) by extension 'python'
[0.215s] [34mcolcon.colcon_core.package_identification[0m [1;30mLevel 1[0m _identify(isaaclab_tasks/isaaclab_tasks/__pycache__) by extensions ['python_setup_py']
[0.215s] [34mcolcon.colcon_core.package_identification[0m [1;30mLevel 1[0m _identify(isaaclab_tasks/isaaclab_tasks/__pycache__) by extension 'python_setup_py'
[0.215s] [34mcolcon.colcon_core.package_identification[0m [1;30mLevel 1[0m _identify(isaaclab_tasks/isaaclab_tasks/direct) by extensions ['ignore', 'ignore_ament_install']
[0.215s] [34mcolcon.colcon_core.package_identification[0m [1;30mLevel 1[0m _identify(isaaclab_tasks/isaaclab_tasks/direct) by extension 'ignore'
[0.215s] [34mcolcon.colcon_core.package_identification[0m [1;30mLevel 1[0m _identify(isaaclab_tasks/isaaclab_tasks/direct) by extension 'ignore_ament_install'
[0.215s] [34mcolcon.colcon_core.package_identification[0m [1;30mLevel 1[0m _identify(isaaclab_tasks/isaaclab_tasks/direct) by extensions ['colcon_pkg']
[0.215s] [34mcolcon.colcon_core.package_identification[0m [1;30mLevel 1[0m _identify(isaaclab_tasks/isaaclab_tasks/direct) by extension 'colcon_pkg'
[0.215s] [34mcolcon.colcon_core.package_identification[0m [1;30mLevel 1[0m _identify(isaaclab_tasks/isaaclab_tasks/direct) by extensions ['colcon_meta']
[0.215s] [34mcolcon.colcon_core.package_identification[0m [1;30mLevel 1[0m _identify(isaaclab_tasks/isaaclab_tasks/direct) by extension 'colcon_meta'
[0.215s] [34mcolcon.colcon_core.package_identification[0m [1;30mLevel 1[0m _identify(isaaclab_tasks/isaaclab_tasks/direct) by extensions ['ros']
[0.215s] [34mcolcon.colcon_core.package_identification[0m [1;30mLevel 1[0m _identify(isaaclab_tasks/isaaclab_tasks/direct) by extension 'ros'
[0.215s] [34mcolcon.colcon_core.package_identification[0m [1;30mLevel 1[0m _identify(isaaclab_tasks/isaaclab_tasks/direct) by extensions ['cmake', 'python']
[0.215s] [34mcolcon.colcon_core.package_identification[0m [1;30mLevel 1[0m _identify(isaaclab_tasks/isaaclab_tasks/direct) by extension 'cmake'
[0.215s] [34mcolcon.colcon_core.package_identification[0m [1;30mLevel 1[0m _identify(isaaclab_tasks/isaaclab_tasks/direct) by extension 'python'
[0.215s] [34mcolcon.colcon_core.package_identification[0m [1;30mLevel 1[0m _identify(isaaclab_tasks/isaaclab_tasks/direct) by extensions ['python_setup_py']
[0.215s] [34mcolcon.colcon_core.package_identification[0m [1;30mLevel 1[0m _identify(isaaclab_tasks/isaaclab_tasks/direct) by extension 'python_setup_py'
[0.215s] [34mcolcon.colcon_core.package_identification[0m [1;30mLevel 1[0m _identify(isaaclab_tasks/isaaclab_tasks/direct/__pycache__) by extensions ['ignore', 'ignore_ament_install']
[0.215s] [34mcolcon.colcon_core.package_identification[0m [1;30mLevel 1[0m _identify(isaaclab_tasks/isaaclab_tasks/direct/__pycache__) by extension 'ignore'
[0.215s] [34mcolcon.colcon_core.package_identification[0m [1;30mLevel 1[0m _identify(isaaclab_tasks/isaaclab_tasks/direct/__pycache__) by extension 'ignore_ament_install'
[0.215s] [34mcolcon.colcon_core.package_identification[0m [1;30mLevel 1[0m _identify(isaaclab_tasks/isaaclab_tasks/direct/__pycache__) by extensions ['colcon_pkg']
[0.215s] [34mcolcon.colcon_core.package_identification[0m [1;30mLevel 1[0m _identify(isaaclab_tasks/isaaclab_tasks/direct/__pycache__) by extension 'colcon_pkg'
[0.215s] [34mcolcon.colcon_core.package_identification[0m [1;30mLevel 1[0m _identify(isaaclab_tasks/isaaclab_tasks/direct/__pycache__) by extensions ['colcon_meta']
[0.215s] [34mcolcon.colcon_core.package_identification[0m [1;30mLevel 1[0m _identify(isaaclab_tasks/isaaclab_tasks/direct/__pycache__) by extension 'colcon_meta'
[0.215s] [34mcolcon.colcon_core.package_identification[0m [1;30mLevel 1[0m _identify(isaaclab_tasks/isaaclab_tasks/direct/__pycache__) by extensions ['ros']
[0.215s] [34mcolcon.colcon_core.package_identification[0m [1;30mLevel 1[0m _identify(isaaclab_tasks/isaaclab_tasks/direct/__pycache__) by extension 'ros'
[0.215s] [34mcolcon.colcon_core.package_identification[0m [1;30mLevel 1[0m _identify(isaaclab_tasks/isaaclab_tasks/direct/__pycache__) by extensions ['cmake', 'python']
[0.215s] [34mcolcon.colcon_core.package_identification[0m [1;30mLevel 1[0m _identify(isaaclab_tasks/isaaclab_tasks/direct/__pycache__) by extension 'cmake'
[0.215s] [34mcolcon.colcon_core.package_identification[0m [1;30mLevel 1[0m _identify(isaaclab_tasks/isaaclab_tasks/direct/__pycache__) by extension 'python'
[0.215s] [34mcolcon.colcon_core.package_identification[0m [1;30mLevel 1[0m _identify(isaaclab_tasks/isaaclab_tasks/direct/__pycache__) by extensions ['python_setup_py']
[0.215s] [34mcolcon.colcon_core.package_identification[0m [1;30mLevel 1[0m _identify(isaaclab_tasks/isaaclab_tasks/direct/__pycache__) by extension 'python_setup_py'
[0.215s] [34mcolcon.colcon_core.package_identification[0m [1;30mLevel 1[0m _identify(isaaclab_tasks/isaaclab_tasks/direct/allegro_hand) by extensions ['ignore', 'ignore_ament_install']
[0.215s] [34mcolcon.colcon_core.package_identification[0m [1;30mLevel 1[0m _identify(isaaclab_tasks/isaaclab_tasks/direct/allegro_hand) by extension 'ignore'
[0.215s] [34mcolcon.colcon_core.package_identification[0m [1;30mLevel 1[0m _identify(isaaclab_tasks/isaaclab_tasks/direct/allegro_hand) by extension 'ignore_ament_install'
[0.215s] [34mcolcon.colcon_core.package_identification[0m [1;30mLevel 1[0m _identify(isaaclab_tasks/isaaclab_tasks/direct/allegro_hand) by extensions ['colcon_pkg']
[0.215s] [34mcolcon.colcon_core.package_identification[0m [1;30mLevel 1[0m _identify(isaaclab_tasks/isaaclab_tasks/direct/allegro_hand) by extension 'colcon_pkg'
[0.215s] [34mcolcon.colcon_core.package_identification[0m [1;30mLevel 1[0m _identify(isaaclab_tasks/isaaclab_tasks/direct/allegro_hand) by extensions ['colcon_meta']
[0.215s] [34mcolcon.colcon_core.package_identification[0m [1;30mLevel 1[0m _identify(isaaclab_tasks/isaaclab_tasks/direct/allegro_hand) by extension 'colcon_meta'
[0.215s] [34mcolcon.colcon_core.package_identification[0m [1;30mLevel 1[0m _identify(isaaclab_tasks/isaaclab_tasks/direct/allegro_hand) by extensions ['ros']
[0.215s] [34mcolcon.colcon_core.package_identification[0m [1;30mLevel 1[0m _identify(isaaclab_tasks/isaaclab_tasks/direct/allegro_hand) by extension 'ros'
[0.215s] [34mcolcon.colcon_core.package_identification[0m [1;30mLevel 1[0m _identify(isaaclab_tasks/isaaclab_tasks/direct/allegro_hand) by extensions ['cmake', 'python']
[0.215s] [34mcolcon.colcon_core.package_identification[0m [1;30mLevel 1[0m _identify(isaaclab_tasks/isaaclab_tasks/direct/allegro_hand) by extension 'cmake'
[0.215s] [34mcolcon.colcon_core.package_identification[0m [1;30mLevel 1[0m _identify(isaaclab_tasks/isaaclab_tasks/direct/allegro_hand) by extension 'python'
[0.215s] [34mcolcon.colcon_core.package_identification[0m [1;30mLevel 1[0m _identify(isaaclab_tasks/isaaclab_tasks/direct/allegro_hand) by extensions ['python_setup_py']
[0.215s] [34mcolcon.colcon_core.package_identification[0m [1;30mLevel 1[0m _identify(isaaclab_tasks/isaaclab_tasks/direct/allegro_hand) by extension 'python_setup_py'
[0.216s] [34mcolcon.colcon_core.package_identification[0m [1;30mLevel 1[0m _identify(isaaclab_tasks/isaaclab_tasks/direct/allegro_hand/__pycache__) by extensions ['ignore', 'ignore_ament_install']
[0.216s] [34mcolcon.colcon_core.package_identification[0m [1;30mLevel 1[0m _identify(isaaclab_tasks/isaaclab_tasks/direct/allegro_hand/__pycache__) by extension 'ignore'
[0.216s] [34mcolcon.colcon_core.package_identification[0m [1;30mLevel 1[0m _identify(isaaclab_tasks/isaaclab_tasks/direct/allegro_hand/__pycache__) by extension 'ignore_ament_install'
[0.216s] [34mcolcon.colcon_core.package_identification[0m [1;30mLevel 1[0m _identify(isaaclab_tasks/isaaclab_tasks/direct/allegro_hand/__pycache__) by extensions ['colcon_pkg']
[0.216s] [34mcolcon.colcon_core.package_identification[0m [1;30mLevel 1[0m _identify(isaaclab_tasks/isaaclab_tasks/direct/allegro_hand/__pycache__) by extension 'colcon_pkg'
[0.216s] [34mcolcon.colcon_core.package_identification[0m [1;30mLevel 1[0m _identify(isaaclab_tasks/isaaclab_tasks/direct/allegro_hand/__pycache__) by extensions ['colcon_meta']
[0.216s] [34mcolcon.colcon_core.package_identification[0m [1;30mLevel 1[0m _identify(isaaclab_tasks/isaaclab_tasks/direct/allegro_hand/__pycache__) by extension 'colcon_meta'
[0.216s] [34mcolcon.colcon_core.package_identification[0m [1;30mLevel 1[0m _identify(isaaclab_tasks/isaaclab_tasks/direct/allegro_hand/__pycache__) by extensions ['ros']
[0.216s] [34mcolcon.colcon_core.package_identification[0m [1;30mLevel 1[0m _identify(isaaclab_tasks/isaaclab_tasks/direct/allegro_hand/__pycache__) by extension 'ros'
[0.216s] [34mcolcon.colcon_core.package_identification[0m [1;30mLevel 1[0m _identify(isaaclab_tasks/isaaclab_tasks/direct/allegro_hand/__pycache__) by extensions ['cmake', 'python']
[0.216s] [34mcolcon.colcon_core.package_identification[0m [1;30mLevel 1[0m _identify(isaaclab_tasks/isaaclab_tasks/direct/allegro_hand/__pycache__) by extension 'cmake'
[0.216s] [34mcolcon.colcon_core.package_identification[0m [1;30mLevel 1[0m _identify(isaaclab_tasks/isaaclab_tasks/direct/allegro_hand/__pycache__) by extension 'python'
[0.216s] [34mcolcon.colcon_core.package_identification[0m [1;30mLevel 1[0m _identify(isaaclab_tasks/isaaclab_tasks/direct/allegro_hand/__pycache__) by extensions ['python_setup_py']
[0.216s] [34mcolcon.colcon_core.package_identification[0m [1;30mLevel 1[0m _identify(isaaclab_tasks/isaaclab_tasks/direct/allegro_hand/__pycache__) by extension 'python_setup_py'
[0.216s] [34mcolcon.colcon_core.package_identification[0m [1;30mLevel 1[0m _identify(isaaclab_tasks/isaaclab_tasks/direct/allegro_hand/agents) by extensions ['ignore', 'ignore_ament_install']
[0.216s] [34mcolcon.colcon_core.package_identification[0m [1;30mLevel 1[0m _identify(isaaclab_tasks/isaaclab_tasks/direct/allegro_hand/agents) by extension 'ignore'
[0.216s] [34mcolcon.colcon_core.package_identification[0m [1;30mLevel 1[0m _identify(isaaclab_tasks/isaaclab_tasks/direct/allegro_hand/agents) by extension 'ignore_ament_install'
[0.216s] [34mcolcon.colcon_core.package_identification[0m [1;30mLevel 1[0m _identify(isaaclab_tasks/isaaclab_tasks/direct/allegro_hand/agents) by extensions ['colcon_pkg']
[0.216s] [34mcolcon.colcon_core.package_identification[0m [1;30mLevel 1[0m _identify(isaaclab_tasks/isaaclab_tasks/direct/allegro_hand/agents) by extension 'colcon_pkg'
[0.216s] [34mcolcon.colcon_core.package_identification[0m [1;30mLevel 1[0m _identify(isaaclab_tasks/isaaclab_tasks/direct/allegro_hand/agents) by extensions ['colcon_meta']
[0.216s] [34mcolcon.colcon_core.package_identification[0m [1;30mLevel 1[0m _identify(isaaclab_tasks/isaaclab_tasks/direct/allegro_hand/agents) by extension 'colcon_meta'
[0.216s] [34mcolcon.colcon_core.package_identification[0m [1;30mLevel 1[0m _identify(isaaclab_tasks/isaaclab_tasks/direct/allegro_hand/agents) by extensions ['ros']
[0.216s] [34mcolcon.colcon_core.package_identification[0m [1;30mLevel 1[0m _identify(isaaclab_tasks/isaaclab_tasks/direct/allegro_hand/agents) by extension 'ros'
[0.216s] [34mcolcon.colcon_core.package_identification[0m [1;30mLevel 1[0m _identify(isaaclab_tasks/isaaclab_tasks/direct/allegro_hand/agents) by extensions ['cmake', 'python']
[0.216s] [34mcolcon.colcon_core.package_identification[0m [1;30mLevel 1[0m _identify(isaaclab_tasks/isaaclab_tasks/direct/allegro_hand/agents) by extension 'cmake'
[0.216s] [34mcolcon.colcon_core.package_identification[0m [1;30mLevel 1[0m _identify(isaaclab_tasks/isaaclab_tasks/direct/allegro_hand/agents) by extension 'python'
[0.216s] [34mcolcon.colcon_core.package_identification[0m [1;30mLevel 1[0m _identify(isaaclab_tasks/isaaclab_tasks/direct/allegro_hand/agents) by extensions ['python_setup_py']
[0.216s] [34mcolcon.colcon_core.package_identification[0m [1;30mLevel 1[0m _identify(isaaclab_tasks/isaaclab_tasks/direct/allegro_hand/agents) by extension 'python_setup_py'
[0.216s] [34mcolcon.colcon_core.package_identification[0m [1;30mLevel 1[0m _identify(isaaclab_tasks/isaaclab_tasks/direct/allegro_hand/agents/__pycache__) by extensions ['ignore', 'ignore_ament_install']
[0.216s] [34mcolcon.colcon_core.package_identification[0m [1;30mLevel 1[0m _identify(isaaclab_tasks/isaaclab_tasks/direct/allegro_hand/agents/__pycache__) by extension 'ignore'
[0.216s] [34mcolcon.colcon_core.package_identification[0m [1;30mLevel 1[0m _identify(isaaclab_tasks/isaaclab_tasks/direct/allegro_hand/agents/__pycache__) by extension 'ignore_ament_install'
[0.216s] [34mcolcon.colcon_core.package_identification[0m [1;30mLevel 1[0m _identify(isaaclab_tasks/isaaclab_tasks/direct/allegro_hand/agents/__pycache__) by extensions ['colcon_pkg']
[0.216s] [34mcolcon.colcon_core.package_identification[0m [1;30mLevel 1[0m _identify(isaaclab_tasks/isaaclab_tasks/direct/allegro_hand/agents/__pycache__) by extension 'colcon_pkg'
[0.216s] [34mcolcon.colcon_core.package_identification[0m [1;30mLevel 1[0m _identify(isaaclab_tasks/isaaclab_tasks/direct/allegro_hand/agents/__pycache__) by extensions ['colcon_meta']
[0.216s] [34mcolcon.colcon_core.package_identification[0m [1;30mLevel 1[0m _identify(isaaclab_tasks/isaaclab_tasks/direct/allegro_hand/agents/__pycache__) by extension 'colcon_meta'
[0.216s] [34mcolcon.colcon_core.package_identification[0m [1;30mLevel 1[0m _identify(isaaclab_tasks/isaaclab_tasks/direct/allegro_hand/agents/__pycache__) by extensions ['ros']
[0.216s] [34mcolcon.colcon_core.package_identification[0m [1;30mLevel 1[0m _identify(isaaclab_tasks/isaaclab_tasks/direct/allegro_hand/agents/__pycache__) by extension 'ros'
[0.216s] [34mcolcon.colcon_core.package_identification[0m [1;30mLevel 1[0m _identify(isaaclab_tasks/isaaclab_tasks/direct/allegro_hand/agents/__pycache__) by extensions ['cmake', 'python']
[0.216s] [34mcolcon.colcon_core.package_identification[0m [1;30mLevel 1[0m _identify(isaaclab_tasks/isaaclab_tasks/direct/allegro_hand/agents/__pycache__) by extension 'cmake'
[0.216s] [34mcolcon.colcon_core.package_identification[0m [1;30mLevel 1[0m _identify(isaaclab_tasks/isaaclab_tasks/direct/allegro_hand/agents/__pycache__) by extension 'python'
[0.216s] [34mcolcon.colcon_core.package_identification[0m [1;30mLevel 1[0m _identify(isaaclab_tasks/isaaclab_tasks/direct/allegro_hand/agents/__pycache__) by extensions ['python_setup_py']
[0.216s] [34mcolcon.colcon_core.package_identification[0m [1;30mLevel 1[0m _identify(isaaclab_tasks/isaaclab_tasks/direct/allegro_hand/agents/__pycache__) by extension 'python_setup_py'
[0.216s] [34mcolcon.colcon_core.package_identification[0m [1;30mLevel 1[0m _identify(isaaclab_tasks/isaaclab_tasks/direct/ant) by extensions ['ignore', 'ignore_ament_install']
[0.216s] [34mcolcon.colcon_core.package_identification[0m [1;30mLevel 1[0m _identify(isaaclab_tasks/isaaclab_tasks/direct/ant) by extension 'ignore'
[0.216s] [34mcolcon.colcon_core.package_identification[0m [1;30mLevel 1[0m _identify(isaaclab_tasks/isaaclab_tasks/direct/ant) by extension 'ignore_ament_install'
[0.216s] [34mcolcon.colcon_core.package_identification[0m [1;30mLevel 1[0m _identify(isaaclab_tasks/isaaclab_tasks/direct/ant) by extensions ['colcon_pkg']
[0.217s] [34mcolcon.colcon_core.package_identification[0m [1;30mLevel 1[0m _identify(isaaclab_tasks/isaaclab_tasks/direct/ant) by extension 'colcon_pkg'
[0.217s] [34mcolcon.colcon_core.package_identification[0m [1;30mLevel 1[0m _identify(isaaclab_tasks/isaaclab_tasks/direct/ant) by extensions ['colcon_meta']
[0.217s] [34mcolcon.colcon_core.package_identification[0m [1;30mLevel 1[0m _identify(isaaclab_tasks/isaaclab_tasks/direct/ant) by extension 'colcon_meta'
[0.217s] [34mcolcon.colcon_core.package_identification[0m [1;30mLevel 1[0m _identify(isaaclab_tasks/isaaclab_tasks/direct/ant) by extensions ['ros']
[0.217s] [34mcolcon.colcon_core.package_identification[0m [1;30mLevel 1[0m _identify(isaaclab_tasks/isaaclab_tasks/direct/ant) by extension 'ros'
[0.217s] [34mcolcon.colcon_core.package_identification[0m [1;30mLevel 1[0m _identify(isaaclab_tasks/isaaclab_tasks/direct/ant) by extensions ['cmake', 'python']
[0.217s] [34mcolcon.colcon_core.package_identification[0m [1;30mLevel 1[0m _identify(isaaclab_tasks/isaaclab_tasks/direct/ant) by extension 'cmake'
[0.217s] [34mcolcon.colcon_core.package_identification[0m [1;30mLevel 1[0m _identify(isaaclab_tasks/isaaclab_tasks/direct/ant) by extension 'python'
[0.217s] [34mcolcon.colcon_core.package_identification[0m [1;30mLevel 1[0m _identify(isaaclab_tasks/isaaclab_tasks/direct/ant) by extensions ['python_setup_py']
[0.217s] [34mcolcon.colcon_core.package_identification[0m [1;30mLevel 1[0m _identify(isaaclab_tasks/isaaclab_tasks/direct/ant) by extension 'python_setup_py'
[0.217s] [34mcolcon.colcon_core.package_identification[0m [1;30mLevel 1[0m _identify(isaaclab_tasks/isaaclab_tasks/direct/ant/__pycache__) by extensions ['ignore', 'ignore_ament_install']
[0.217s] [34mcolcon.colcon_core.package_identification[0m [1;30mLevel 1[0m _identify(isaaclab_tasks/isaaclab_tasks/direct/ant/__pycache__) by extension 'ignore'
[0.217s] [34mcolcon.colcon_core.package_identification[0m [1;30mLevel 1[0m _identify(isaaclab_tasks/isaaclab_tasks/direct/ant/__pycache__) by extension 'ignore_ament_install'
[0.217s] [34mcolcon.colcon_core.package_identification[0m [1;30mLevel 1[0m _identify(isaaclab_tasks/isaaclab_tasks/direct/ant/__pycache__) by extensions ['colcon_pkg']
[0.217s] [34mcolcon.colcon_core.package_identification[0m [1;30mLevel 1[0m _identify(isaaclab_tasks/isaaclab_tasks/direct/ant/__pycache__) by extension 'colcon_pkg'
[0.217s] [34mcolcon.colcon_core.package_identification[0m [1;30mLevel 1[0m _identify(isaaclab_tasks/isaaclab_tasks/direct/ant/__pycache__) by extensions ['colcon_meta']
[0.217s] [34mcolcon.colcon_core.package_identification[0m [1;30mLevel 1[0m _identify(isaaclab_tasks/isaaclab_tasks/direct/ant/__pycache__) by extension 'colcon_meta'
[0.217s] [34mcolcon.colcon_core.package_identification[0m [1;30mLevel 1[0m _identify(isaaclab_tasks/isaaclab_tasks/direct/ant/__pycache__) by extensions ['ros']
[0.217s] [34mcolcon.colcon_core.package_identification[0m [1;30mLevel 1[0m _identify(isaaclab_tasks/isaaclab_tasks/direct/ant/__pycache__) by extension 'ros'
[0.217s] [34mcolcon.colcon_core.package_identification[0m [1;30mLevel 1[0m _identify(isaaclab_tasks/isaaclab_tasks/direct/ant/__pycache__) by extensions ['cmake', 'python']
[0.217s] [34mcolcon.colcon_core.package_identification[0m [1;30mLevel 1[0m _identify(isaaclab_tasks/isaaclab_tasks/direct/ant/__pycache__) by extension 'cmake'
[0.217s] [34mcolcon.colcon_core.package_identification[0m [1;30mLevel 1[0m _identify(isaaclab_tasks/isaaclab_tasks/direct/ant/__pycache__) by extension 'python'
[0.217s] [34mcolcon.colcon_core.package_identification[0m [1;30mLevel 1[0m _identify(isaaclab_tasks/isaaclab_tasks/direct/ant/__pycache__) by extensions ['python_setup_py']
[0.217s] [34mcolcon.colcon_core.package_identification[0m [1;30mLevel 1[0m _identify(isaaclab_tasks/isaaclab_tasks/direct/ant/__pycache__) by extension 'python_setup_py'
[0.217s] [34mcolcon.colcon_core.package_identification[0m [1;30mLevel 1[0m _identify(isaaclab_tasks/isaaclab_tasks/direct/ant/agents) by extensions ['ignore', 'ignore_ament_install']
[0.217s] [34mcolcon.colcon_core.package_identification[0m [1;30mLevel 1[0m _identify(isaaclab_tasks/isaaclab_tasks/direct/ant/agents) by extension 'ignore'
[0.217s] [34mcolcon.colcon_core.package_identification[0m [1;30mLevel 1[0m _identify(isaaclab_tasks/isaaclab_tasks/direct/ant/agents) by extension 'ignore_ament_install'
[0.217s] [34mcolcon.colcon_core.package_identification[0m [1;30mLevel 1[0m _identify(isaaclab_tasks/isaaclab_tasks/direct/ant/agents) by extensions ['colcon_pkg']
[0.217s] [34mcolcon.colcon_core.package_identification[0m [1;30mLevel 1[0m _identify(isaaclab_tasks/isaaclab_tasks/direct/ant/agents) by extension 'colcon_pkg'
[0.217s] [34mcolcon.colcon_core.package_identification[0m [1;30mLevel 1[0m _identify(isaaclab_tasks/isaaclab_tasks/direct/ant/agents) by extensions ['colcon_meta']
[0.217s] [34mcolcon.colcon_core.package_identification[0m [1;30mLevel 1[0m _identify(isaaclab_tasks/isaaclab_tasks/direct/ant/agents) by extension 'colcon_meta'
[0.217s] [34mcolcon.colcon_core.package_identification[0m [1;30mLevel 1[0m _identify(isaaclab_tasks/isaaclab_tasks/direct/ant/agents) by extensions ['ros']
[0.217s] [34mcolcon.colcon_core.package_identification[0m [1;30mLevel 1[0m _identify(isaaclab_tasks/isaaclab_tasks/direct/ant/agents) by extension 'ros'
[0.217s] [34mcolcon.colcon_core.package_identification[0m [1;30mLevel 1[0m _identify(isaaclab_tasks/isaaclab_tasks/direct/ant/agents) by extensions ['cmake', 'python']
[0.217s] [34mcolcon.colcon_core.package_identification[0m [1;30mLevel 1[0m _identify(isaaclab_tasks/isaaclab_tasks/direct/ant/agents) by extension 'cmake'
[0.217s] [34mcolcon.colcon_core.package_identification[0m [1;30mLevel 1[0m _identify(isaaclab_tasks/isaaclab_tasks/direct/ant/agents) by extension 'python'
[0.217s] [34mcolcon.colcon_core.package_identification[0m [1;30mLevel 1[0m _identify(isaaclab_tasks/isaaclab_tasks/direct/ant/agents) by extensions ['python_setup_py']
[0.217s] [34mcolcon.colcon_core.package_identification[0m [1;30mLevel 1[0m _identify(isaaclab_tasks/isaaclab_tasks/direct/ant/agents) by extension 'python_setup_py'
[0.217s] [34mcolcon.colcon_core.package_identification[0m [1;30mLevel 1[0m _identify(isaaclab_tasks/isaaclab_tasks/direct/ant/agents/__pycache__) by extensions ['ignore', 'ignore_ament_install']
[0.217s] [34mcolcon.colcon_core.package_identification[0m [1;30mLevel 1[0m _identify(isaaclab_tasks/isaaclab_tasks/direct/ant/agents/__pycache__) by extension 'ignore'
[0.217s] [34mcolcon.colcon_core.package_identification[0m [1;30mLevel 1[0m _identify(isaaclab_tasks/isaaclab_tasks/direct/ant/agents/__pycache__) by extension 'ignore_ament_install'
[0.217s] [34mcolcon.colcon_core.package_identification[0m [1;30mLevel 1[0m _identify(isaaclab_tasks/isaaclab_tasks/direct/ant/agents/__pycache__) by extensions ['colcon_pkg']
[0.217s] [34mcolcon.colcon_core.package_identification[0m [1;30mLevel 1[0m _identify(isaaclab_tasks/isaaclab_tasks/direct/ant/agents/__pycache__) by extension 'colcon_pkg'
[0.217s] [34mcolcon.colcon_core.package_identification[0m [1;30mLevel 1[0m _identify(isaaclab_tasks/isaaclab_tasks/direct/ant/agents/__pycache__) by extensions ['colcon_meta']
[0.217s] [34mcolcon.colcon_core.package_identification[0m [1;30mLevel 1[0m _identify(isaaclab_tasks/isaaclab_tasks/direct/ant/agents/__pycache__) by extension 'colcon_meta'
[0.217s] [34mcolcon.colcon_core.package_identification[0m [1;30mLevel 1[0m _identify(isaaclab_tasks/isaaclab_tasks/direct/ant/agents/__pycache__) by extensions ['ros']
[0.217s] [34mcolcon.colcon_core.package_identification[0m [1;30mLevel 1[0m _identify(isaaclab_tasks/isaaclab_tasks/direct/ant/agents/__pycache__) by extension 'ros'
[0.218s] [34mcolcon.colcon_core.package_identification[0m [1;30mLevel 1[0m _identify(isaaclab_tasks/isaaclab_tasks/direct/ant/agents/__pycache__) by extensions ['cmake', 'python']
[0.218s] [34mcolcon.colcon_core.package_identification[0m [1;30mLevel 1[0m _identify(isaaclab_tasks/isaaclab_tasks/direct/ant/agents/__pycache__) by extension 'cmake'
[0.218s] [34mcolcon.colcon_core.package_identification[0m [1;30mLevel 1[0m _identify(isaaclab_tasks/isaaclab_tasks/direct/ant/agents/__pycache__) by extension 'python'
[0.218s] [34mcolcon.colcon_core.package_identification[0m [1;30mLevel 1[0m _identify(isaaclab_tasks/isaaclab_tasks/direct/ant/agents/__pycache__) by extensions ['python_setup_py']
[0.218s] [34mcolcon.colcon_core.package_identification[0m [1;30mLevel 1[0m _identify(isaaclab_tasks/isaaclab_tasks/direct/ant/agents/__pycache__) by extension 'python_setup_py'
[0.218s] [34mcolcon.colcon_core.package_identification[0m [1;30mLevel 1[0m _identify(isaaclab_tasks/isaaclab_tasks/direct/anymal_c) by extensions ['ignore', 'ignore_ament_install']
[0.218s] [34mcolcon.colcon_core.package_identification[0m [1;30mLevel 1[0m _identify(isaaclab_tasks/isaaclab_tasks/direct/anymal_c) by extension 'ignore'
[0.218s] [34mcolcon.colcon_core.package_identification[0m [1;30mLevel 1[0m _identify(isaaclab_tasks/isaaclab_tasks/direct/anymal_c) by extension 'ignore_ament_install'
[0.218s] [34mcolcon.colcon_core.package_identification[0m [1;30mLevel 1[0m _identify(isaaclab_tasks/isaaclab_tasks/direct/anymal_c) by extensions ['colcon_pkg']
[0.218s] [34mcolcon.colcon_core.package_identification[0m [1;30mLevel 1[0m _identify(isaaclab_tasks/isaaclab_tasks/direct/anymal_c) by extension 'colcon_pkg'
[0.218s] [34mcolcon.colcon_core.package_identification[0m [1;30mLevel 1[0m _identify(isaaclab_tasks/isaaclab_tasks/direct/anymal_c) by extensions ['colcon_meta']
[0.218s] [34mcolcon.colcon_core.package_identification[0m [1;30mLevel 1[0m _identify(isaaclab_tasks/isaaclab_tasks/direct/anymal_c) by extension 'colcon_meta'
[0.218s] [34mcolcon.colcon_core.package_identification[0m [1;30mLevel 1[0m _identify(isaaclab_tasks/isaaclab_tasks/direct/anymal_c) by extensions ['ros']
[0.218s] [34mcolcon.colcon_core.package_identification[0m [1;30mLevel 1[0m _identify(isaaclab_tasks/isaaclab_tasks/direct/anymal_c) by extension 'ros'
[0.218s] [34mcolcon.colcon_core.package_identification[0m [1;30mLevel 1[0m _identify(isaaclab_tasks/isaaclab_tasks/direct/anymal_c) by extensions ['cmake', 'python']
[0.218s] [34mcolcon.colcon_core.package_identification[0m [1;30mLevel 1[0m _identify(isaaclab_tasks/isaaclab_tasks/direct/anymal_c) by extension 'cmake'
[0.218s] [34mcolcon.colcon_core.package_identification[0m [1;30mLevel 1[0m _identify(isaaclab_tasks/isaaclab_tasks/direct/anymal_c) by extension 'python'
[0.218s] [34mcolcon.colcon_core.package_identification[0m [1;30mLevel 1[0m _identify(isaaclab_tasks/isaaclab_tasks/direct/anymal_c) by extensions ['python_setup_py']
[0.218s] [34mcolcon.colcon_core.package_identification[0m [1;30mLevel 1[0m _identify(isaaclab_tasks/isaaclab_tasks/direct/anymal_c) by extension 'python_setup_py'
[0.218s] [34mcolcon.colcon_core.package_identification[0m [1;30mLevel 1[0m _identify(isaaclab_tasks/isaaclab_tasks/direct/anymal_c/__pycache__) by extensions ['ignore', 'ignore_ament_install']
[0.218s] [34mcolcon.colcon_core.package_identification[0m [1;30mLevel 1[0m _identify(isaaclab_tasks/isaaclab_tasks/direct/anymal_c/__pycache__) by extension 'ignore'
[0.218s] [34mcolcon.colcon_core.package_identification[0m [1;30mLevel 1[0m _identify(isaaclab_tasks/isaaclab_tasks/direct/anymal_c/__pycache__) by extension 'ignore_ament_install'
[0.218s] [34mcolcon.colcon_core.package_identification[0m [1;30mLevel 1[0m _identify(isaaclab_tasks/isaaclab_tasks/direct/anymal_c/__pycache__) by extensions ['colcon_pkg']
[0.218s] [34mcolcon.colcon_core.package_identification[0m [1;30mLevel 1[0m _identify(isaaclab_tasks/isaaclab_tasks/direct/anymal_c/__pycache__) by extension 'colcon_pkg'
[0.218s] [34mcolcon.colcon_core.package_identification[0m [1;30mLevel 1[0m _identify(isaaclab_tasks/isaaclab_tasks/direct/anymal_c/__pycache__) by extensions ['colcon_meta']
[0.218s] [34mcolcon.colcon_core.package_identification[0m [1;30mLevel 1[0m _identify(isaaclab_tasks/isaaclab_tasks/direct/anymal_c/__pycache__) by extension 'colcon_meta'
[0.218s] [34mcolcon.colcon_core.package_identification[0m [1;30mLevel 1[0m _identify(isaaclab_tasks/isaaclab_tasks/direct/anymal_c/__pycache__) by extensions ['ros']
[0.218s] [34mcolcon.colcon_core.package_identification[0m [1;30mLevel 1[0m _identify(isaaclab_tasks/isaaclab_tasks/direct/anymal_c/__pycache__) by extension 'ros'
[0.218s] [34mcolcon.colcon_core.package_identification[0m [1;30mLevel 1[0m _identify(isaaclab_tasks/isaaclab_tasks/direct/anymal_c/__pycache__) by extensions ['cmake', 'python']
[0.218s] [34mcolcon.colcon_core.package_identification[0m [1;30mLevel 1[0m _identify(isaaclab_tasks/isaaclab_tasks/direct/anymal_c/__pycache__) by extension 'cmake'
[0.218s] [34mcolcon.colcon_core.package_identification[0m [1;30mLevel 1[0m _identify(isaaclab_tasks/isaaclab_tasks/direct/anymal_c/__pycache__) by extension 'python'
[0.218s] [34mcolcon.colcon_core.package_identification[0m [1;30mLevel 1[0m _identify(isaaclab_tasks/isaaclab_tasks/direct/anymal_c/__pycache__) by extensions ['python_setup_py']
[0.218s] [34mcolcon.colcon_core.package_identification[0m [1;30mLevel 1[0m _identify(isaaclab_tasks/isaaclab_tasks/direct/anymal_c/__pycache__) by extension 'python_setup_py'
[0.218s] [34mcolcon.colcon_core.package_identification[0m [1;30mLevel 1[0m _identify(isaaclab_tasks/isaaclab_tasks/direct/anymal_c/agents) by extensions ['ignore', 'ignore_ament_install']
[0.218s] [34mcolcon.colcon_core.package_identification[0m [1;30mLevel 1[0m _identify(isaaclab_tasks/isaaclab_tasks/direct/anymal_c/agents) by extension 'ignore'
[0.218s] [34mcolcon.colcon_core.package_identification[0m [1;30mLevel 1[0m _identify(isaaclab_tasks/isaaclab_tasks/direct/anymal_c/agents) by extension 'ignore_ament_install'
[0.218s] [34mcolcon.colcon_core.package_identification[0m [1;30mLevel 1[0m _identify(isaaclab_tasks/isaaclab_tasks/direct/anymal_c/agents) by extensions ['colcon_pkg']
[0.218s] [34mcolcon.colcon_core.package_identification[0m [1;30mLevel 1[0m _identify(isaaclab_tasks/isaaclab_tasks/direct/anymal_c/agents) by extension 'colcon_pkg'
[0.218s] [34mcolcon.colcon_core.package_identification[0m [1;30mLevel 1[0m _identify(isaaclab_tasks/isaaclab_tasks/direct/anymal_c/agents) by extensions ['colcon_meta']
[0.218s] [34mcolcon.colcon_core.package_identification[0m [1;30mLevel 1[0m _identify(isaaclab_tasks/isaaclab_tasks/direct/anymal_c/agents) by extension 'colcon_meta'
[0.218s] [34mcolcon.colcon_core.package_identification[0m [1;30mLevel 1[0m _identify(isaaclab_tasks/isaaclab_tasks/direct/anymal_c/agents) by extensions ['ros']
[0.218s] [34mcolcon.colcon_core.package_identification[0m [1;30mLevel 1[0m _identify(isaaclab_tasks/isaaclab_tasks/direct/anymal_c/agents) by extension 'ros'
[0.218s] [34mcolcon.colcon_core.package_identification[0m [1;30mLevel 1[0m _identify(isaaclab_tasks/isaaclab_tasks/direct/anymal_c/agents) by extensions ['cmake', 'python']
[0.218s] [34mcolcon.colcon_core.package_identification[0m [1;30mLevel 1[0m _identify(isaaclab_tasks/isaaclab_tasks/direct/anymal_c/agents) by extension 'cmake'
[0.218s] [34mcolcon.colcon_core.package_identification[0m [1;30mLevel 1[0m _identify(isaaclab_tasks/isaaclab_tasks/direct/anymal_c/agents) by extension 'python'
[0.218s] [34mcolcon.colcon_core.package_identification[0m [1;30mLevel 1[0m _identify(isaaclab_tasks/isaaclab_tasks/direct/anymal_c/agents) by extensions ['python_setup_py']
[0.218s] [34mcolcon.colcon_core.package_identification[0m [1;30mLevel 1[0m _identify(isaaclab_tasks/isaaclab_tasks/direct/anymal_c/agents) by extension 'python_setup_py'
[0.218s] [34mcolcon.colcon_core.package_identification[0m [1;30mLevel 1[0m _identify(isaaclab_tasks/isaaclab_tasks/direct/anymal_c/agents/__pycache__) by extensions ['ignore', 'ignore_ament_install']
[0.218s] [34mcolcon.colcon_core.package_identification[0m [1;30mLevel 1[0m _identify(isaaclab_tasks/isaaclab_tasks/direct/anymal_c/agents/__pycache__) by extension 'ignore'
[0.219s] [34mcolcon.colcon_core.package_identification[0m [1;30mLevel 1[0m _identify(isaaclab_tasks/isaaclab_tasks/direct/anymal_c/agents/__pycache__) by extension 'ignore_ament_install'
[0.219s] [34mcolcon.colcon_core.package_identification[0m [1;30mLevel 1[0m _identify(isaaclab_tasks/isaaclab_tasks/direct/anymal_c/agents/__pycache__) by extensions ['colcon_pkg']
[0.219s] [34mcolcon.colcon_core.package_identification[0m [1;30mLevel 1[0m _identify(isaaclab_tasks/isaaclab_tasks/direct/anymal_c/agents/__pycache__) by extension 'colcon_pkg'
[0.219s] [34mcolcon.colcon_core.package_identification[0m [1;30mLevel 1[0m _identify(isaaclab_tasks/isaaclab_tasks/direct/anymal_c/agents/__pycache__) by extensions ['colcon_meta']
[0.219s] [34mcolcon.colcon_core.package_identification[0m [1;30mLevel 1[0m _identify(isaaclab_tasks/isaaclab_tasks/direct/anymal_c/agents/__pycache__) by extension 'colcon_meta'
[0.219s] [34mcolcon.colcon_core.package_identification[0m [1;30mLevel 1[0m _identify(isaaclab_tasks/isaaclab_tasks/direct/anymal_c/agents/__pycache__) by extensions ['ros']
[0.219s] [34mcolcon.colcon_core.package_identification[0m [1;30mLevel 1[0m _identify(isaaclab_tasks/isaaclab_tasks/direct/anymal_c/agents/__pycache__) by extension 'ros'
[0.219s] [34mcolcon.colcon_core.package_identification[0m [1;30mLevel 1[0m _identify(isaaclab_tasks/isaaclab_tasks/direct/anymal_c/agents/__pycache__) by extensions ['cmake', 'python']
[0.219s] [34mcolcon.colcon_core.package_identification[0m [1;30mLevel 1[0m _identify(isaaclab_tasks/isaaclab_tasks/direct/anymal_c/agents/__pycache__) by extension 'cmake'
[0.219s] [34mcolcon.colcon_core.package_identification[0m [1;30mLevel 1[0m _identify(isaaclab_tasks/isaaclab_tasks/direct/anymal_c/agents/__pycache__) by extension 'python'
[0.219s] [34mcolcon.colcon_core.package_identification[0m [1;30mLevel 1[0m _identify(isaaclab_tasks/isaaclab_tasks/direct/anymal_c/agents/__pycache__) by extensions ['python_setup_py']
[0.219s] [34mcolcon.colcon_core.package_identification[0m [1;30mLevel 1[0m _identify(isaaclab_tasks/isaaclab_tasks/direct/anymal_c/agents/__pycache__) by extension 'python_setup_py'
[0.219s] [34mcolcon.colcon_core.package_identification[0m [1;30mLevel 1[0m _identify(isaaclab_tasks/isaaclab_tasks/direct/automate) by extensions ['ignore', 'ignore_ament_install']
[0.219s] [34mcolcon.colcon_core.package_identification[0m [1;30mLevel 1[0m _identify(isaaclab_tasks/isaaclab_tasks/direct/automate) by extension 'ignore'
[0.219s] [34mcolcon.colcon_core.package_identification[0m [1;30mLevel 1[0m _identify(isaaclab_tasks/isaaclab_tasks/direct/automate) by extension 'ignore_ament_install'
[0.219s] [34mcolcon.colcon_core.package_identification[0m [1;30mLevel 1[0m _identify(isaaclab_tasks/isaaclab_tasks/direct/automate) by extensions ['colcon_pkg']
[0.219s] [34mcolcon.colcon_core.package_identification[0m [1;30mLevel 1[0m _identify(isaaclab_tasks/isaaclab_tasks/direct/automate) by extension 'colcon_pkg'
[0.219s] [34mcolcon.colcon_core.package_identification[0m [1;30mLevel 1[0m _identify(isaaclab_tasks/isaaclab_tasks/direct/automate) by extensions ['colcon_meta']
[0.219s] [34mcolcon.colcon_core.package_identification[0m [1;30mLevel 1[0m _identify(isaaclab_tasks/isaaclab_tasks/direct/automate) by extension 'colcon_meta'
[0.219s] [34mcolcon.colcon_core.package_identification[0m [1;30mLevel 1[0m _identify(isaaclab_tasks/isaaclab_tasks/direct/automate) by extensions ['ros']
[0.219s] [34mcolcon.colcon_core.package_identification[0m [1;30mLevel 1[0m _identify(isaaclab_tasks/isaaclab_tasks/direct/automate) by extension 'ros'
[0.219s] [34mcolcon.colcon_core.package_identification[0m [1;30mLevel 1[0m _identify(isaaclab_tasks/isaaclab_tasks/direct/automate) by extensions ['cmake', 'python']
[0.219s] [34mcolcon.colcon_core.package_identification[0m [1;30mLevel 1[0m _identify(isaaclab_tasks/isaaclab_tasks/direct/automate) by extension 'cmake'
[0.219s] [34mcolcon.colcon_core.package_identification[0m [1;30mLevel 1[0m _identify(isaaclab_tasks/isaaclab_tasks/direct/automate) by extension 'python'
[0.219s] [34mcolcon.colcon_core.package_identification[0m [1;30mLevel 1[0m _identify(isaaclab_tasks/isaaclab_tasks/direct/automate) by extensions ['python_setup_py']
[0.219s] [34mcolcon.colcon_core.package_identification[0m [1;30mLevel 1[0m _identify(isaaclab_tasks/isaaclab_tasks/direct/automate) by extension 'python_setup_py'
[0.219s] [34mcolcon.colcon_core.package_identification[0m [1;30mLevel 1[0m _identify(isaaclab_tasks/isaaclab_tasks/direct/automate/__pycache__) by extensions ['ignore', 'ignore_ament_install']
[0.219s] [34mcolcon.colcon_core.package_identification[0m [1;30mLevel 1[0m _identify(isaaclab_tasks/isaaclab_tasks/direct/automate/__pycache__) by extension 'ignore'
[0.219s] [34mcolcon.colcon_core.package_identification[0m [1;30mLevel 1[0m _identify(isaaclab_tasks/isaaclab_tasks/direct/automate/__pycache__) by extension 'ignore_ament_install'
[0.219s] [34mcolcon.colcon_core.package_identification[0m [1;30mLevel 1[0m _identify(isaaclab_tasks/isaaclab_tasks/direct/automate/__pycache__) by extensions ['colcon_pkg']
[0.219s] [34mcolcon.colcon_core.package_identification[0m [1;30mLevel 1[0m _identify(isaaclab_tasks/isaaclab_tasks/direct/automate/__pycache__) by extension 'colcon_pkg'
[0.219s] [34mcolcon.colcon_core.package_identification[0m [1;30mLevel 1[0m _identify(isaaclab_tasks/isaaclab_tasks/direct/automate/__pycache__) by extensions ['colcon_meta']
[0.219s] [34mcolcon.colcon_core.package_identification[0m [1;30mLevel 1[0m _identify(isaaclab_tasks/isaaclab_tasks/direct/automate/__pycache__) by extension 'colcon_meta'
[0.219s] [34mcolcon.colcon_core.package_identification[0m [1;30mLevel 1[0m _identify(isaaclab_tasks/isaaclab_tasks/direct/automate/__pycache__) by extensions ['ros']
[0.219s] [34mcolcon.colcon_core.package_identification[0m [1;30mLevel 1[0m _identify(isaaclab_tasks/isaaclab_tasks/direct/automate/__pycache__) by extension 'ros'
[0.219s] [34mcolcon.colcon_core.package_identification[0m [1;30mLevel 1[0m _identify(isaaclab_tasks/isaaclab_tasks/direct/automate/__pycache__) by extensions ['cmake', 'python']
[0.219s] [34mcolcon.colcon_core.package_identification[0m [1;30mLevel 1[0m _identify(isaaclab_tasks/isaaclab_tasks/direct/automate/__pycache__) by extension 'cmake'
[0.219s] [34mcolcon.colcon_core.package_identification[0m [1;30mLevel 1[0m _identify(isaaclab_tasks/isaaclab_tasks/direct/automate/__pycache__) by extension 'python'
[0.219s] [34mcolcon.colcon_core.package_identification[0m [1;30mLevel 1[0m _identify(isaaclab_tasks/isaaclab_tasks/direct/automate/__pycache__) by extensions ['python_setup_py']
[0.219s] [34mcolcon.colcon_core.package_identification[0m [1;30mLevel 1[0m _identify(isaaclab_tasks/isaaclab_tasks/direct/automate/__pycache__) by extension 'python_setup_py'
[0.219s] [34mcolcon.colcon_core.package_identification[0m [1;30mLevel 1[0m _identify(isaaclab_tasks/isaaclab_tasks/direct/automate/agents) by extensions ['ignore', 'ignore_ament_install']
[0.219s] [34mcolcon.colcon_core.package_identification[0m [1;30mLevel 1[0m _identify(isaaclab_tasks/isaaclab_tasks/direct/automate/agents) by extension 'ignore'
[0.219s] [34mcolcon.colcon_core.package_identification[0m [1;30mLevel 1[0m _identify(isaaclab_tasks/isaaclab_tasks/direct/automate/agents) by extension 'ignore_ament_install'
[0.219s] [34mcolcon.colcon_core.package_identification[0m [1;30mLevel 1[0m _identify(isaaclab_tasks/isaaclab_tasks/direct/automate/agents) by extensions ['colcon_pkg']
[0.219s] [34mcolcon.colcon_core.package_identification[0m [1;30mLevel 1[0m _identify(isaaclab_tasks/isaaclab_tasks/direct/automate/agents) by extension 'colcon_pkg'
[0.219s] [34mcolcon.colcon_core.package_identification[0m [1;30mLevel 1[0m _identify(isaaclab_tasks/isaaclab_tasks/direct/automate/agents) by extensions ['colcon_meta']
[0.219s] [34mcolcon.colcon_core.package_identification[0m [1;30mLevel 1[0m _identify(isaaclab_tasks/isaaclab_tasks/direct/automate/agents) by extension 'colcon_meta'
[0.219s] [34mcolcon.colcon_core.package_identification[0m [1;30mLevel 1[0m _identify(isaaclab_tasks/isaaclab_tasks/direct/automate/agents) by extensions ['ros']
[0.219s] [34mcolcon.colcon_core.package_identification[0m [1;30mLevel 1[0m _identify(isaaclab_tasks/isaaclab_tasks/direct/automate/agents) by extension 'ros'
[0.219s] [34mcolcon.colcon_core.package_identification[0m [1;30mLevel 1[0m _identify(isaaclab_tasks/isaaclab_tasks/direct/automate/agents) by extensions ['cmake', 'python']
[0.219s] [34mcolcon.colcon_core.package_identification[0m [1;30mLevel 1[0m _identify(isaaclab_tasks/isaaclab_tasks/direct/automate/agents) by extension 'cmake'
[0.219s] [34mcolcon.colcon_core.package_identification[0m [1;30mLevel 1[0m _identify(isaaclab_tasks/isaaclab_tasks/direct/automate/agents) by extension 'python'
[0.220s] [34mcolcon.colcon_core.package_identification[0m [1;30mLevel 1[0m _identify(isaaclab_tasks/isaaclab_tasks/direct/automate/agents) by extensions ['python_setup_py']
[0.220s] [34mcolcon.colcon_core.package_identification[0m [1;30mLevel 1[0m _identify(isaaclab_tasks/isaaclab_tasks/direct/automate/agents) by extension 'python_setup_py'
[0.220s] [34mcolcon.colcon_core.package_identification[0m [1;30mLevel 1[0m _identify(isaaclab_tasks/isaaclab_tasks/direct/automate/agents/__pycache__) by extensions ['ignore', 'ignore_ament_install']
[0.220s] [34mcolcon.colcon_core.package_identification[0m [1;30mLevel 1[0m _identify(isaaclab_tasks/isaaclab_tasks/direct/automate/agents/__pycache__) by extension 'ignore'
[0.220s] [34mcolcon.colcon_core.package_identification[0m [1;30mLevel 1[0m _identify(isaaclab_tasks/isaaclab_tasks/direct/automate/agents/__pycache__) by extension 'ignore_ament_install'
[0.220s] [34mcolcon.colcon_core.package_identification[0m [1;30mLevel 1[0m _identify(isaaclab_tasks/isaaclab_tasks/direct/automate/agents/__pycache__) by extensions ['colcon_pkg']
[0.220s] [34mcolcon.colcon_core.package_identification[0m [1;30mLevel 1[0m _identify(isaaclab_tasks/isaaclab_tasks/direct/automate/agents/__pycache__) by extension 'colcon_pkg'
[0.220s] [34mcolcon.colcon_core.package_identification[0m [1;30mLevel 1[0m _identify(isaaclab_tasks/isaaclab_tasks/direct/automate/agents/__pycache__) by extensions ['colcon_meta']
[0.220s] [34mcolcon.colcon_core.package_identification[0m [1;30mLevel 1[0m _identify(isaaclab_tasks/isaaclab_tasks/direct/automate/agents/__pycache__) by extension 'colcon_meta'
[0.220s] [34mcolcon.colcon_core.package_identification[0m [1;30mLevel 1[0m _identify(isaaclab_tasks/isaaclab_tasks/direct/automate/agents/__pycache__) by extensions ['ros']
[0.220s] [34mcolcon.colcon_core.package_identification[0m [1;30mLevel 1[0m _identify(isaaclab_tasks/isaaclab_tasks/direct/automate/agents/__pycache__) by extension 'ros'
[0.220s] [34mcolcon.colcon_core.package_identification[0m [1;30mLevel 1[0m _identify(isaaclab_tasks/isaaclab_tasks/direct/automate/agents/__pycache__) by extensions ['cmake', 'python']
[0.220s] [34mcolcon.colcon_core.package_identification[0m [1;30mLevel 1[0m _identify(isaaclab_tasks/isaaclab_tasks/direct/automate/agents/__pycache__) by extension 'cmake'
[0.220s] [34mcolcon.colcon_core.package_identification[0m [1;30mLevel 1[0m _identify(isaaclab_tasks/isaaclab_tasks/direct/automate/agents/__pycache__) by extension 'python'
[0.220s] [34mcolcon.colcon_core.package_identification[0m [1;30mLevel 1[0m _identify(isaaclab_tasks/isaaclab_tasks/direct/automate/agents/__pycache__) by extensions ['python_setup_py']
[0.220s] [34mcolcon.colcon_core.package_identification[0m [1;30mLevel 1[0m _identify(isaaclab_tasks/isaaclab_tasks/direct/automate/agents/__pycache__) by extension 'python_setup_py'
[0.220s] [34mcolcon.colcon_core.package_identification[0m [1;30mLevel 1[0m _identify(isaaclab_tasks/isaaclab_tasks/direct/cart_double_pendulum) by extensions ['ignore', 'ignore_ament_install']
[0.220s] [34mcolcon.colcon_core.package_identification[0m [1;30mLevel 1[0m _identify(isaaclab_tasks/isaaclab_tasks/direct/cart_double_pendulum) by extension 'ignore'
[0.220s] [34mcolcon.colcon_core.package_identification[0m [1;30mLevel 1[0m _identify(isaaclab_tasks/isaaclab_tasks/direct/cart_double_pendulum) by extension 'ignore_ament_install'
[0.220s] [34mcolcon.colcon_core.package_identification[0m [1;30mLevel 1[0m _identify(isaaclab_tasks/isaaclab_tasks/direct/cart_double_pendulum) by extensions ['colcon_pkg']
[0.220s] [34mcolcon.colcon_core.package_identification[0m [1;30mLevel 1[0m _identify(isaaclab_tasks/isaaclab_tasks/direct/cart_double_pendulum) by extension 'colcon_pkg'
[0.220s] [34mcolcon.colcon_core.package_identification[0m [1;30mLevel 1[0m _identify(isaaclab_tasks/isaaclab_tasks/direct/cart_double_pendulum) by extensions ['colcon_meta']
[0.220s] [34mcolcon.colcon_core.package_identification[0m [1;30mLevel 1[0m _identify(isaaclab_tasks/isaaclab_tasks/direct/cart_double_pendulum) by extension 'colcon_meta'
[0.220s] [34mcolcon.colcon_core.package_identification[0m [1;30mLevel 1[0m _identify(isaaclab_tasks/isaaclab_tasks/direct/cart_double_pendulum) by extensions ['ros']
[0.220s] [34mcolcon.colcon_core.package_identification[0m [1;30mLevel 1[0m _identify(isaaclab_tasks/isaaclab_tasks/direct/cart_double_pendulum) by extension 'ros'
[0.220s] [34mcolcon.colcon_core.package_identification[0m [1;30mLevel 1[0m _identify(isaaclab_tasks/isaaclab_tasks/direct/cart_double_pendulum) by extensions ['cmake', 'python']
[0.220s] [34mcolcon.colcon_core.package_identification[0m [1;30mLevel 1[0m _identify(isaaclab_tasks/isaaclab_tasks/direct/cart_double_pendulum) by extension 'cmake'
[0.220s] [34mcolcon.colcon_core.package_identification[0m [1;30mLevel 1[0m _identify(isaaclab_tasks/isaaclab_tasks/direct/cart_double_pendulum) by extension 'python'
[0.220s] [34mcolcon.colcon_core.package_identification[0m [1;30mLevel 1[0m _identify(isaaclab_tasks/isaaclab_tasks/direct/cart_double_pendulum) by extensions ['python_setup_py']
[0.220s] [34mcolcon.colcon_core.package_identification[0m [1;30mLevel 1[0m _identify(isaaclab_tasks/isaaclab_tasks/direct/cart_double_pendulum) by extension 'python_setup_py'
[0.220s] [34mcolcon.colcon_core.package_identification[0m [1;30mLevel 1[0m _identify(isaaclab_tasks/isaaclab_tasks/direct/cart_double_pendulum/__pycache__) by extensions ['ignore', 'ignore_ament_install']
[0.220s] [34mcolcon.colcon_core.package_identification[0m [1;30mLevel 1[0m _identify(isaaclab_tasks/isaaclab_tasks/direct/cart_double_pendulum/__pycache__) by extension 'ignore'
[0.220s] [34mcolcon.colcon_core.package_identification[0m [1;30mLevel 1[0m _identify(isaaclab_tasks/isaaclab_tasks/direct/cart_double_pendulum/__pycache__) by extension 'ignore_ament_install'
[0.220s] [34mcolcon.colcon_core.package_identification[0m [1;30mLevel 1[0m _identify(isaaclab_tasks/isaaclab_tasks/direct/cart_double_pendulum/__pycache__) by extensions ['colcon_pkg']
[0.220s] [34mcolcon.colcon_core.package_identification[0m [1;30mLevel 1[0m _identify(isaaclab_tasks/isaaclab_tasks/direct/cart_double_pendulum/__pycache__) by extension 'colcon_pkg'
[0.220s] [34mcolcon.colcon_core.package_identification[0m [1;30mLevel 1[0m _identify(isaaclab_tasks/isaaclab_tasks/direct/cart_double_pendulum/__pycache__) by extensions ['colcon_meta']
[0.220s] [34mcolcon.colcon_core.package_identification[0m [1;30mLevel 1[0m _identify(isaaclab_tasks/isaaclab_tasks/direct/cart_double_pendulum/__pycache__) by extension 'colcon_meta'
[0.220s] [34mcolcon.colcon_core.package_identification[0m [1;30mLevel 1[0m _identify(isaaclab_tasks/isaaclab_tasks/direct/cart_double_pendulum/__pycache__) by extensions ['ros']
[0.220s] [34mcolcon.colcon_core.package_identification[0m [1;30mLevel 1[0m _identify(isaaclab_tasks/isaaclab_tasks/direct/cart_double_pendulum/__pycache__) by extension 'ros'
[0.220s] [34mcolcon.colcon_core.package_identification[0m [1;30mLevel 1[0m _identify(isaaclab_tasks/isaaclab_tasks/direct/cart_double_pendulum/__pycache__) by extensions ['cmake', 'python']
[0.220s] [34mcolcon.colcon_core.package_identification[0m [1;30mLevel 1[0m _identify(isaaclab_tasks/isaaclab_tasks/direct/cart_double_pendulum/__pycache__) by extension 'cmake'
[0.220s] [34mcolcon.colcon_core.package_identification[0m [1;30mLevel 1[0m _identify(isaaclab_tasks/isaaclab_tasks/direct/cart_double_pendulum/__pycache__) by extension 'python'
[0.220s] [34mcolcon.colcon_core.package_identification[0m [1;30mLevel 1[0m _identify(isaaclab_tasks/isaaclab_tasks/direct/cart_double_pendulum/__pycache__) by extensions ['python_setup_py']
[0.220s] [34mcolcon.colcon_core.package_identification[0m [1;30mLevel 1[0m _identify(isaaclab_tasks/isaaclab_tasks/direct/cart_double_pendulum/__pycache__) by extension 'python_setup_py'
[0.220s] [34mcolcon.colcon_core.package_identification[0m [1;30mLevel 1[0m _identify(isaaclab_tasks/isaaclab_tasks/direct/cart_double_pendulum/agents) by extensions ['ignore', 'ignore_ament_install']
[0.220s] [34mcolcon.colcon_core.package_identification[0m [1;30mLevel 1[0m _identify(isaaclab_tasks/isaaclab_tasks/direct/cart_double_pendulum/agents) by extension 'ignore'
[0.220s] [34mcolcon.colcon_core.package_identification[0m [1;30mLevel 1[0m _identify(isaaclab_tasks/isaaclab_tasks/direct/cart_double_pendulum/agents) by extension 'ignore_ament_install'
[0.221s] [34mcolcon.colcon_core.package_identification[0m [1;30mLevel 1[0m _identify(isaaclab_tasks/isaaclab_tasks/direct/cart_double_pendulum/agents) by extensions ['colcon_pkg']
[0.221s] [34mcolcon.colcon_core.package_identification[0m [1;30mLevel 1[0m _identify(isaaclab_tasks/isaaclab_tasks/direct/cart_double_pendulum/agents) by extension 'colcon_pkg'
[0.221s] [34mcolcon.colcon_core.package_identification[0m [1;30mLevel 1[0m _identify(isaaclab_tasks/isaaclab_tasks/direct/cart_double_pendulum/agents) by extensions ['colcon_meta']
[0.221s] [34mcolcon.colcon_core.package_identification[0m [1;30mLevel 1[0m _identify(isaaclab_tasks/isaaclab_tasks/direct/cart_double_pendulum/agents) by extension 'colcon_meta'
[0.221s] [34mcolcon.colcon_core.package_identification[0m [1;30mLevel 1[0m _identify(isaaclab_tasks/isaaclab_tasks/direct/cart_double_pendulum/agents) by extensions ['ros']
[0.221s] [34mcolcon.colcon_core.package_identification[0m [1;30mLevel 1[0m _identify(isaaclab_tasks/isaaclab_tasks/direct/cart_double_pendulum/agents) by extension 'ros'
[0.221s] [34mcolcon.colcon_core.package_identification[0m [1;30mLevel 1[0m _identify(isaaclab_tasks/isaaclab_tasks/direct/cart_double_pendulum/agents) by extensions ['cmake', 'python']
[0.221s] [34mcolcon.colcon_core.package_identification[0m [1;30mLevel 1[0m _identify(isaaclab_tasks/isaaclab_tasks/direct/cart_double_pendulum/agents) by extension 'cmake'
[0.221s] [34mcolcon.colcon_core.package_identification[0m [1;30mLevel 1[0m _identify(isaaclab_tasks/isaaclab_tasks/direct/cart_double_pendulum/agents) by extension 'python'
[0.221s] [34mcolcon.colcon_core.package_identification[0m [1;30mLevel 1[0m _identify(isaaclab_tasks/isaaclab_tasks/direct/cart_double_pendulum/agents) by extensions ['python_setup_py']
[0.221s] [34mcolcon.colcon_core.package_identification[0m [1;30mLevel 1[0m _identify(isaaclab_tasks/isaaclab_tasks/direct/cart_double_pendulum/agents) by extension 'python_setup_py'
[0.221s] [34mcolcon.colcon_core.package_identification[0m [1;30mLevel 1[0m _identify(isaaclab_tasks/isaaclab_tasks/direct/cart_double_pendulum/agents/__pycache__) by extensions ['ignore', 'ignore_ament_install']
[0.221s] [34mcolcon.colcon_core.package_identification[0m [1;30mLevel 1[0m _identify(isaaclab_tasks/isaaclab_tasks/direct/cart_double_pendulum/agents/__pycache__) by extension 'ignore'
[0.221s] [34mcolcon.colcon_core.package_identification[0m [1;30mLevel 1[0m _identify(isaaclab_tasks/isaaclab_tasks/direct/cart_double_pendulum/agents/__pycache__) by extension 'ignore_ament_install'
[0.221s] [34mcolcon.colcon_core.package_identification[0m [1;30mLevel 1[0m _identify(isaaclab_tasks/isaaclab_tasks/direct/cart_double_pendulum/agents/__pycache__) by extensions ['colcon_pkg']
[0.221s] [34mcolcon.colcon_core.package_identification[0m [1;30mLevel 1[0m _identify(isaaclab_tasks/isaaclab_tasks/direct/cart_double_pendulum/agents/__pycache__) by extension 'colcon_pkg'
[0.221s] [34mcolcon.colcon_core.package_identification[0m [1;30mLevel 1[0m _identify(isaaclab_tasks/isaaclab_tasks/direct/cart_double_pendulum/agents/__pycache__) by extensions ['colcon_meta']
[0.221s] [34mcolcon.colcon_core.package_identification[0m [1;30mLevel 1[0m _identify(isaaclab_tasks/isaaclab_tasks/direct/cart_double_pendulum/agents/__pycache__) by extension 'colcon_meta'
[0.221s] [34mcolcon.colcon_core.package_identification[0m [1;30mLevel 1[0m _identify(isaaclab_tasks/isaaclab_tasks/direct/cart_double_pendulum/agents/__pycache__) by extensions ['ros']
[0.221s] [34mcolcon.colcon_core.package_identification[0m [1;30mLevel 1[0m _identify(isaaclab_tasks/isaaclab_tasks/direct/cart_double_pendulum/agents/__pycache__) by extension 'ros'
[0.221s] [34mcolcon.colcon_core.package_identification[0m [1;30mLevel 1[0m _identify(isaaclab_tasks/isaaclab_tasks/direct/cart_double_pendulum/agents/__pycache__) by extensions ['cmake', 'python']
[0.221s] [34mcolcon.colcon_core.package_identification[0m [1;30mLevel 1[0m _identify(isaaclab_tasks/isaaclab_tasks/direct/cart_double_pendulum/agents/__pycache__) by extension 'cmake'
[0.221s] [34mcolcon.colcon_core.package_identification[0m [1;30mLevel 1[0m _identify(isaaclab_tasks/isaaclab_tasks/direct/cart_double_pendulum/agents/__pycache__) by extension 'python'
[0.221s] [34mcolcon.colcon_core.package_identification[0m [1;30mLevel 1[0m _identify(isaaclab_tasks/isaaclab_tasks/direct/cart_double_pendulum/agents/__pycache__) by extensions ['python_setup_py']
[0.221s] [34mcolcon.colcon_core.package_identification[0m [1;30mLevel 1[0m _identify(isaaclab_tasks/isaaclab_tasks/direct/cart_double_pendulum/agents/__pycache__) by extension 'python_setup_py'
[0.221s] [34mcolcon.colcon_core.package_identification[0m [1;30mLevel 1[0m _identify(isaaclab_tasks/isaaclab_tasks/direct/cartpole) by extensions ['ignore', 'ignore_ament_install']
[0.221s] [34mcolcon.colcon_core.package_identification[0m [1;30mLevel 1[0m _identify(isaaclab_tasks/isaaclab_tasks/direct/cartpole) by extension 'ignore'
[0.221s] [34mcolcon.colcon_core.package_identification[0m [1;30mLevel 1[0m _identify(isaaclab_tasks/isaaclab_tasks/direct/cartpole) by extension 'ignore_ament_install'
[0.221s] [34mcolcon.colcon_core.package_identification[0m [1;30mLevel 1[0m _identify(isaaclab_tasks/isaaclab_tasks/direct/cartpole) by extensions ['colcon_pkg']
[0.221s] [34mcolcon.colcon_core.package_identification[0m [1;30mLevel 1[0m _identify(isaaclab_tasks/isaaclab_tasks/direct/cartpole) by extension 'colcon_pkg'
[0.221s] [34mcolcon.colcon_core.package_identification[0m [1;30mLevel 1[0m _identify(isaaclab_tasks/isaaclab_tasks/direct/cartpole) by extensions ['colcon_meta']
[0.221s] [34mcolcon.colcon_core.package_identification[0m [1;30mLevel 1[0m _identify(isaaclab_tasks/isaaclab_tasks/direct/cartpole) by extension 'colcon_meta'
[0.221s] [34mcolcon.colcon_core.package_identification[0m [1;30mLevel 1[0m _identify(isaaclab_tasks/isaaclab_tasks/direct/cartpole) by extensions ['ros']
[0.221s] [34mcolcon.colcon_core.package_identification[0m [1;30mLevel 1[0m _identify(isaaclab_tasks/isaaclab_tasks/direct/cartpole) by extension 'ros'
[0.221s] [34mcolcon.colcon_core.package_identification[0m [1;30mLevel 1[0m _identify(isaaclab_tasks/isaaclab_tasks/direct/cartpole) by extensions ['cmake', 'python']
[0.221s] [34mcolcon.colcon_core.package_identification[0m [1;30mLevel 1[0m _identify(isaaclab_tasks/isaaclab_tasks/direct/cartpole) by extension 'cmake'
[0.221s] [34mcolcon.colcon_core.package_identification[0m [1;30mLevel 1[0m _identify(isaaclab_tasks/isaaclab_tasks/direct/cartpole) by extension 'python'
[0.221s] [34mcolcon.colcon_core.package_identification[0m [1;30mLevel 1[0m _identify(isaaclab_tasks/isaaclab_tasks/direct/cartpole) by extensions ['python_setup_py']
[0.221s] [34mcolcon.colcon_core.package_identification[0m [1;30mLevel 1[0m _identify(isaaclab_tasks/isaaclab_tasks/direct/cartpole) by extension 'python_setup_py'
[0.221s] [34mcolcon.colcon_core.package_identification[0m [1;30mLevel 1[0m _identify(isaaclab_tasks/isaaclab_tasks/direct/cartpole/__pycache__) by extensions ['ignore', 'ignore_ament_install']
[0.221s] [34mcolcon.colcon_core.package_identification[0m [1;30mLevel 1[0m _identify(isaaclab_tasks/isaaclab_tasks/direct/cartpole/__pycache__) by extension 'ignore'
[0.221s] [34mcolcon.colcon_core.package_identification[0m [1;30mLevel 1[0m _identify(isaaclab_tasks/isaaclab_tasks/direct/cartpole/__pycache__) by extension 'ignore_ament_install'
[0.221s] [34mcolcon.colcon_core.package_identification[0m [1;30mLevel 1[0m _identify(isaaclab_tasks/isaaclab_tasks/direct/cartpole/__pycache__) by extensions ['colcon_pkg']
[0.221s] [34mcolcon.colcon_core.package_identification[0m [1;30mLevel 1[0m _identify(isaaclab_tasks/isaaclab_tasks/direct/cartpole/__pycache__) by extension 'colcon_pkg'
[0.221s] [34mcolcon.colcon_core.package_identification[0m [1;30mLevel 1[0m _identify(isaaclab_tasks/isaaclab_tasks/direct/cartpole/__pycache__) by extensions ['colcon_meta']
[0.221s] [34mcolcon.colcon_core.package_identification[0m [1;30mLevel 1[0m _identify(isaaclab_tasks/isaaclab_tasks/direct/cartpole/__pycache__) by extension 'colcon_meta'
[0.221s] [34mcolcon.colcon_core.package_identification[0m [1;30mLevel 1[0m _identify(isaaclab_tasks/isaaclab_tasks/direct/cartpole/__pycache__) by extensions ['ros']
[0.221s] [34mcolcon.colcon_core.package_identification[0m [1;30mLevel 1[0m _identify(isaaclab_tasks/isaaclab_tasks/direct/cartpole/__pycache__) by extension 'ros'
[0.221s] [34mcolcon.colcon_core.package_identification[0m [1;30mLevel 1[0m _identify(isaaclab_tasks/isaaclab_tasks/direct/cartpole/__pycache__) by extensions ['cmake', 'python']
[0.221s] [34mcolcon.colcon_core.package_identification[0m [1;30mLevel 1[0m _identify(isaaclab_tasks/isaaclab_tasks/direct/cartpole/__pycache__) by extension 'cmake'
[0.221s] [34mcolcon.colcon_core.package_identification[0m [1;30mLevel 1[0m _identify(isaaclab_tasks/isaaclab_tasks/direct/cartpole/__pycache__) by extension 'python'
[0.222s] [34mcolcon.colcon_core.package_identification[0m [1;30mLevel 1[0m _identify(isaaclab_tasks/isaaclab_tasks/direct/cartpole/__pycache__) by extensions ['python_setup_py']
[0.222s] [34mcolcon.colcon_core.package_identification[0m [1;30mLevel 1[0m _identify(isaaclab_tasks/isaaclab_tasks/direct/cartpole/__pycache__) by extension 'python_setup_py'
[0.222s] [34mcolcon.colcon_core.package_identification[0m [1;30mLevel 1[0m _identify(isaaclab_tasks/isaaclab_tasks/direct/cartpole/agents) by extensions ['ignore', 'ignore_ament_install']
[0.222s] [34mcolcon.colcon_core.package_identification[0m [1;30mLevel 1[0m _identify(isaaclab_tasks/isaaclab_tasks/direct/cartpole/agents) by extension 'ignore'
[0.222s] [34mcolcon.colcon_core.package_identification[0m [1;30mLevel 1[0m _identify(isaaclab_tasks/isaaclab_tasks/direct/cartpole/agents) by extension 'ignore_ament_install'
[0.222s] [34mcolcon.colcon_core.package_identification[0m [1;30mLevel 1[0m _identify(isaaclab_tasks/isaaclab_tasks/direct/cartpole/agents) by extensions ['colcon_pkg']
[0.222s] [34mcolcon.colcon_core.package_identification[0m [1;30mLevel 1[0m _identify(isaaclab_tasks/isaaclab_tasks/direct/cartpole/agents) by extension 'colcon_pkg'
[0.222s] [34mcolcon.colcon_core.package_identification[0m [1;30mLevel 1[0m _identify(isaaclab_tasks/isaaclab_tasks/direct/cartpole/agents) by extensions ['colcon_meta']
[0.222s] [34mcolcon.colcon_core.package_identification[0m [1;30mLevel 1[0m _identify(isaaclab_tasks/isaaclab_tasks/direct/cartpole/agents) by extension 'colcon_meta'
[0.222s] [34mcolcon.colcon_core.package_identification[0m [1;30mLevel 1[0m _identify(isaaclab_tasks/isaaclab_tasks/direct/cartpole/agents) by extensions ['ros']
[0.222s] [34mcolcon.colcon_core.package_identification[0m [1;30mLevel 1[0m _identify(isaaclab_tasks/isaaclab_tasks/direct/cartpole/agents) by extension 'ros'
[0.222s] [34mcolcon.colcon_core.package_identification[0m [1;30mLevel 1[0m _identify(isaaclab_tasks/isaaclab_tasks/direct/cartpole/agents) by extensions ['cmake', 'python']
[0.222s] [34mcolcon.colcon_core.package_identification[0m [1;30mLevel 1[0m _identify(isaaclab_tasks/isaaclab_tasks/direct/cartpole/agents) by extension 'cmake'
[0.222s] [34mcolcon.colcon_core.package_identification[0m [1;30mLevel 1[0m _identify(isaaclab_tasks/isaaclab_tasks/direct/cartpole/agents) by extension 'python'
[0.222s] [34mcolcon.colcon_core.package_identification[0m [1;30mLevel 1[0m _identify(isaaclab_tasks/isaaclab_tasks/direct/cartpole/agents) by extensions ['python_setup_py']
[0.222s] [34mcolcon.colcon_core.package_identification[0m [1;30mLevel 1[0m _identify(isaaclab_tasks/isaaclab_tasks/direct/cartpole/agents) by extension 'python_setup_py'
[0.222s] [34mcolcon.colcon_core.package_identification[0m [1;30mLevel 1[0m _identify(isaaclab_tasks/isaaclab_tasks/direct/cartpole/agents/__pycache__) by extensions ['ignore', 'ignore_ament_install']
[0.222s] [34mcolcon.colcon_core.package_identification[0m [1;30mLevel 1[0m _identify(isaaclab_tasks/isaaclab_tasks/direct/cartpole/agents/__pycache__) by extension 'ignore'
[0.222s] [34mcolcon.colcon_core.package_identification[0m [1;30mLevel 1[0m _identify(isaaclab_tasks/isaaclab_tasks/direct/cartpole/agents/__pycache__) by extension 'ignore_ament_install'
[0.222s] [34mcolcon.colcon_core.package_identification[0m [1;30mLevel 1[0m _identify(isaaclab_tasks/isaaclab_tasks/direct/cartpole/agents/__pycache__) by extensions ['colcon_pkg']
[0.222s] [34mcolcon.colcon_core.package_identification[0m [1;30mLevel 1[0m _identify(isaaclab_tasks/isaaclab_tasks/direct/cartpole/agents/__pycache__) by extension 'colcon_pkg'
[0.222s] [34mcolcon.colcon_core.package_identification[0m [1;30mLevel 1[0m _identify(isaaclab_tasks/isaaclab_tasks/direct/cartpole/agents/__pycache__) by extensions ['colcon_meta']
[0.222s] [34mcolcon.colcon_core.package_identification[0m [1;30mLevel 1[0m _identify(isaaclab_tasks/isaaclab_tasks/direct/cartpole/agents/__pycache__) by extension 'colcon_meta'
[0.222s] [34mcolcon.colcon_core.package_identification[0m [1;30mLevel 1[0m _identify(isaaclab_tasks/isaaclab_tasks/direct/cartpole/agents/__pycache__) by extensions ['ros']
[0.222s] [34mcolcon.colcon_core.package_identification[0m [1;30mLevel 1[0m _identify(isaaclab_tasks/isaaclab_tasks/direct/cartpole/agents/__pycache__) by extension 'ros'
[0.222s] [34mcolcon.colcon_core.package_identification[0m [1;30mLevel 1[0m _identify(isaaclab_tasks/isaaclab_tasks/direct/cartpole/agents/__pycache__) by extensions ['cmake', 'python']
[0.222s] [34mcolcon.colcon_core.package_identification[0m [1;30mLevel 1[0m _identify(isaaclab_tasks/isaaclab_tasks/direct/cartpole/agents/__pycache__) by extension 'cmake'
[0.222s] [34mcolcon.colcon_core.package_identification[0m [1;30mLevel 1[0m _identify(isaaclab_tasks/isaaclab_tasks/direct/cartpole/agents/__pycache__) by extension 'python'
[0.222s] [34mcolcon.colcon_core.package_identification[0m [1;30mLevel 1[0m _identify(isaaclab_tasks/isaaclab_tasks/direct/cartpole/agents/__pycache__) by extensions ['python_setup_py']
[0.222s] [34mcolcon.colcon_core.package_identification[0m [1;30mLevel 1[0m _identify(isaaclab_tasks/isaaclab_tasks/direct/cartpole/agents/__pycache__) by extension 'python_setup_py'
[0.222s] [34mcolcon.colcon_core.package_identification[0m [1;30mLevel 1[0m _identify(isaaclab_tasks/isaaclab_tasks/direct/cartpole_showcase) by extensions ['ignore', 'ignore_ament_install']
[0.222s] [34mcolcon.colcon_core.package_identification[0m [1;30mLevel 1[0m _identify(isaaclab_tasks/isaaclab_tasks/direct/cartpole_showcase) by extension 'ignore'
[0.222s] [34mcolcon.colcon_core.package_identification[0m [1;30mLevel 1[0m _identify(isaaclab_tasks/isaaclab_tasks/direct/cartpole_showcase) by extension 'ignore_ament_install'
[0.222s] [34mcolcon.colcon_core.package_identification[0m [1;30mLevel 1[0m _identify(isaaclab_tasks/isaaclab_tasks/direct/cartpole_showcase) by extensions ['colcon_pkg']
[0.222s] [34mcolcon.colcon_core.package_identification[0m [1;30mLevel 1[0m _identify(isaaclab_tasks/isaaclab_tasks/direct/cartpole_showcase) by extension 'colcon_pkg'
[0.222s] [34mcolcon.colcon_core.package_identification[0m [1;30mLevel 1[0m _identify(isaaclab_tasks/isaaclab_tasks/direct/cartpole_showcase) by extensions ['colcon_meta']
[0.222s] [34mcolcon.colcon_core.package_identification[0m [1;30mLevel 1[0m _identify(isaaclab_tasks/isaaclab_tasks/direct/cartpole_showcase) by extension 'colcon_meta'
[0.223s] [34mcolcon.colcon_core.package_identification[0m [1;30mLevel 1[0m _identify(isaaclab_tasks/isaaclab_tasks/direct/cartpole_showcase) by extensions ['ros']
[0.223s] [34mcolcon.colcon_core.package_identification[0m [1;30mLevel 1[0m _identify(isaaclab_tasks/isaaclab_tasks/direct/cartpole_showcase) by extension 'ros'
[0.223s] [34mcolcon.colcon_core.package_identification[0m [1;30mLevel 1[0m _identify(isaaclab_tasks/isaaclab_tasks/direct/cartpole_showcase) by extensions ['cmake', 'python']
[0.223s] [34mcolcon.colcon_core.package_identification[0m [1;30mLevel 1[0m _identify(isaaclab_tasks/isaaclab_tasks/direct/cartpole_showcase) by extension 'cmake'
[0.223s] [34mcolcon.colcon_core.package_identification[0m [1;30mLevel 1[0m _identify(isaaclab_tasks/isaaclab_tasks/direct/cartpole_showcase) by extension 'python'
[0.223s] [34mcolcon.colcon_core.package_identification[0m [1;30mLevel 1[0m _identify(isaaclab_tasks/isaaclab_tasks/direct/cartpole_showcase) by extensions ['python_setup_py']
[0.223s] [34mcolcon.colcon_core.package_identification[0m [1;30mLevel 1[0m _identify(isaaclab_tasks/isaaclab_tasks/direct/cartpole_showcase) by extension 'python_setup_py'
[0.223s] [34mcolcon.colcon_core.package_identification[0m [1;30mLevel 1[0m _identify(isaaclab_tasks/isaaclab_tasks/direct/cartpole_showcase/__pycache__) by extensions ['ignore', 'ignore_ament_install']
[0.223s] [34mcolcon.colcon_core.package_identification[0m [1;30mLevel 1[0m _identify(isaaclab_tasks/isaaclab_tasks/direct/cartpole_showcase/__pycache__) by extension 'ignore'
[0.223s] [34mcolcon.colcon_core.package_identification[0m [1;30mLevel 1[0m _identify(isaaclab_tasks/isaaclab_tasks/direct/cartpole_showcase/__pycache__) by extension 'ignore_ament_install'
[0.223s] [34mcolcon.colcon_core.package_identification[0m [1;30mLevel 1[0m _identify(isaaclab_tasks/isaaclab_tasks/direct/cartpole_showcase/__pycache__) by extensions ['colcon_pkg']
[0.223s] [34mcolcon.colcon_core.package_identification[0m [1;30mLevel 1[0m _identify(isaaclab_tasks/isaaclab_tasks/direct/cartpole_showcase/__pycache__) by extension 'colcon_pkg'
[0.223s] [34mcolcon.colcon_core.package_identification[0m [1;30mLevel 1[0m _identify(isaaclab_tasks/isaaclab_tasks/direct/cartpole_showcase/__pycache__) by extensions ['colcon_meta']
[0.223s] [34mcolcon.colcon_core.package_identification[0m [1;30mLevel 1[0m _identify(isaaclab_tasks/isaaclab_tasks/direct/cartpole_showcase/__pycache__) by extension 'colcon_meta'
[0.223s] [34mcolcon.colcon_core.package_identification[0m [1;30mLevel 1[0m _identify(isaaclab_tasks/isaaclab_tasks/direct/cartpole_showcase/__pycache__) by extensions ['ros']
[0.223s] [34mcolcon.colcon_core.package_identification[0m [1;30mLevel 1[0m _identify(isaaclab_tasks/isaaclab_tasks/direct/cartpole_showcase/__pycache__) by extension 'ros'
[0.223s] [34mcolcon.colcon_core.package_identification[0m [1;30mLevel 1[0m _identify(isaaclab_tasks/isaaclab_tasks/direct/cartpole_showcase/__pycache__) by extensions ['cmake', 'python']
[0.223s] [34mcolcon.colcon_core.package_identification[0m [1;30mLevel 1[0m _identify(isaaclab_tasks/isaaclab_tasks/direct/cartpole_showcase/__pycache__) by extension 'cmake'
[0.223s] [34mcolcon.colcon_core.package_identification[0m [1;30mLevel 1[0m _identify(isaaclab_tasks/isaaclab_tasks/direct/cartpole_showcase/__pycache__) by extension 'python'
[0.223s] [34mcolcon.colcon_core.package_identification[0m [1;30mLevel 1[0m _identify(isaaclab_tasks/isaaclab_tasks/direct/cartpole_showcase/__pycache__) by extensions ['python_setup_py']
[0.223s] [34mcolcon.colcon_core.package_identification[0m [1;30mLevel 1[0m _identify(isaaclab_tasks/isaaclab_tasks/direct/cartpole_showcase/__pycache__) by extension 'python_setup_py'
[0.223s] [34mcolcon.colcon_core.package_identification[0m [1;30mLevel 1[0m _identify(isaaclab_tasks/isaaclab_tasks/direct/cartpole_showcase/cartpole) by extensions ['ignore', 'ignore_ament_install']
[0.223s] [34mcolcon.colcon_core.package_identification[0m [1;30mLevel 1[0m _identify(isaaclab_tasks/isaaclab_tasks/direct/cartpole_showcase/cartpole) by extension 'ignore'
[0.223s] [34mcolcon.colcon_core.package_identification[0m [1;30mLevel 1[0m _identify(isaaclab_tasks/isaaclab_tasks/direct/cartpole_showcase/cartpole) by extension 'ignore_ament_install'
[0.223s] [34mcolcon.colcon_core.package_identification[0m [1;30mLevel 1[0m _identify(isaaclab_tasks/isaaclab_tasks/direct/cartpole_showcase/cartpole) by extensions ['colcon_pkg']
[0.223s] [34mcolcon.colcon_core.package_identification[0m [1;30mLevel 1[0m _identify(isaaclab_tasks/isaaclab_tasks/direct/cartpole_showcase/cartpole) by extension 'colcon_pkg'
[0.223s] [34mcolcon.colcon_core.package_identification[0m [1;30mLevel 1[0m _identify(isaaclab_tasks/isaaclab_tasks/direct/cartpole_showcase/cartpole) by extensions ['colcon_meta']
[0.223s] [34mcolcon.colcon_core.package_identification[0m [1;30mLevel 1[0m _identify(isaaclab_tasks/isaaclab_tasks/direct/cartpole_showcase/cartpole) by extension 'colcon_meta'
[0.223s] [34mcolcon.colcon_core.package_identification[0m [1;30mLevel 1[0m _identify(isaaclab_tasks/isaaclab_tasks/direct/cartpole_showcase/cartpole) by extensions ['ros']
[0.223s] [34mcolcon.colcon_core.package_identification[0m [1;30mLevel 1[0m _identify(isaaclab_tasks/isaaclab_tasks/direct/cartpole_showcase/cartpole) by extension 'ros'
[0.223s] [34mcolcon.colcon_core.package_identification[0m [1;30mLevel 1[0m _identify(isaaclab_tasks/isaaclab_tasks/direct/cartpole_showcase/cartpole) by extensions ['cmake', 'python']
[0.223s] [34mcolcon.colcon_core.package_identification[0m [1;30mLevel 1[0m _identify(isaaclab_tasks/isaaclab_tasks/direct/cartpole_showcase/cartpole) by extension 'cmake'
[0.223s] [34mcolcon.colcon_core.package_identification[0m [1;30mLevel 1[0m _identify(isaaclab_tasks/isaaclab_tasks/direct/cartpole_showcase/cartpole) by extension 'python'
[0.223s] [34mcolcon.colcon_core.package_identification[0m [1;30mLevel 1[0m _identify(isaaclab_tasks/isaaclab_tasks/direct/cartpole_showcase/cartpole) by extensions ['python_setup_py']
[0.223s] [34mcolcon.colcon_core.package_identification[0m [1;30mLevel 1[0m _identify(isaaclab_tasks/isaaclab_tasks/direct/cartpole_showcase/cartpole) by extension 'python_setup_py'
[0.223s] [34mcolcon.colcon_core.package_identification[0m [1;30mLevel 1[0m _identify(isaaclab_tasks/isaaclab_tasks/direct/cartpole_showcase/cartpole/__pycache__) by extensions ['ignore', 'ignore_ament_install']
[0.223s] [34mcolcon.colcon_core.package_identification[0m [1;30mLevel 1[0m _identify(isaaclab_tasks/isaaclab_tasks/direct/cartpole_showcase/cartpole/__pycache__) by extension 'ignore'
[0.223s] [34mcolcon.colcon_core.package_identification[0m [1;30mLevel 1[0m _identify(isaaclab_tasks/isaaclab_tasks/direct/cartpole_showcase/cartpole/__pycache__) by extension 'ignore_ament_install'
[0.223s] [34mcolcon.colcon_core.package_identification[0m [1;30mLevel 1[0m _identify(isaaclab_tasks/isaaclab_tasks/direct/cartpole_showcase/cartpole/__pycache__) by extensions ['colcon_pkg']
[0.223s] [34mcolcon.colcon_core.package_identification[0m [1;30mLevel 1[0m _identify(isaaclab_tasks/isaaclab_tasks/direct/cartpole_showcase/cartpole/__pycache__) by extension 'colcon_pkg'
[0.223s] [34mcolcon.colcon_core.package_identification[0m [1;30mLevel 1[0m _identify(isaaclab_tasks/isaaclab_tasks/direct/cartpole_showcase/cartpole/__pycache__) by extensions ['colcon_meta']
[0.223s] [34mcolcon.colcon_core.package_identification[0m [1;30mLevel 1[0m _identify(isaaclab_tasks/isaaclab_tasks/direct/cartpole_showcase/cartpole/__pycache__) by extension 'colcon_meta'
[0.223s] [34mcolcon.colcon_core.package_identification[0m [1;30mLevel 1[0m _identify(isaaclab_tasks/isaaclab_tasks/direct/cartpole_showcase/cartpole/__pycache__) by extensions ['ros']
[0.223s] [34mcolcon.colcon_core.package_identification[0m [1;30mLevel 1[0m _identify(isaaclab_tasks/isaaclab_tasks/direct/cartpole_showcase/cartpole/__pycache__) by extension 'ros'
[0.223s] [34mcolcon.colcon_core.package_identification[0m [1;30mLevel 1[0m _identify(isaaclab_tasks/isaaclab_tasks/direct/cartpole_showcase/cartpole/__pycache__) by extensions ['cmake', 'python']
[0.223s] [34mcolcon.colcon_core.package_identification[0m [1;30mLevel 1[0m _identify(isaaclab_tasks/isaaclab_tasks/direct/cartpole_showcase/cartpole/__pycache__) by extension 'cmake'
[0.223s] [34mcolcon.colcon_core.package_identification[0m [1;30mLevel 1[0m _identify(isaaclab_tasks/isaaclab_tasks/direct/cartpole_showcase/cartpole/__pycache__) by extension 'python'
[0.223s] [34mcolcon.colcon_core.package_identification[0m [1;30mLevel 1[0m _identify(isaaclab_tasks/isaaclab_tasks/direct/cartpole_showcase/cartpole/__pycache__) by extensions ['python_setup_py']
[0.223s] [34mcolcon.colcon_core.package_identification[0m [1;30mLevel 1[0m _identify(isaaclab_tasks/isaaclab_tasks/direct/cartpole_showcase/cartpole/__pycache__) by extension 'python_setup_py'
[0.224s] [34mcolcon.colcon_core.package_identification[0m [1;30mLevel 1[0m _identify(isaaclab_tasks/isaaclab_tasks/direct/cartpole_showcase/cartpole/agents) by extensions ['ignore', 'ignore_ament_install']
[0.224s] [34mcolcon.colcon_core.package_identification[0m [1;30mLevel 1[0m _identify(isaaclab_tasks/isaaclab_tasks/direct/cartpole_showcase/cartpole/agents) by extension 'ignore'
[0.224s] [34mcolcon.colcon_core.package_identification[0m [1;30mLevel 1[0m _identify(isaaclab_tasks/isaaclab_tasks/direct/cartpole_showcase/cartpole/agents) by extension 'ignore_ament_install'
[0.224s] [34mcolcon.colcon_core.package_identification[0m [1;30mLevel 1[0m _identify(isaaclab_tasks/isaaclab_tasks/direct/cartpole_showcase/cartpole/agents) by extensions ['colcon_pkg']
[0.224s] [34mcolcon.colcon_core.package_identification[0m [1;30mLevel 1[0m _identify(isaaclab_tasks/isaaclab_tasks/direct/cartpole_showcase/cartpole/agents) by extension 'colcon_pkg'
[0.224s] [34mcolcon.colcon_core.package_identification[0m [1;30mLevel 1[0m _identify(isaaclab_tasks/isaaclab_tasks/direct/cartpole_showcase/cartpole/agents) by extensions ['colcon_meta']
[0.224s] [34mcolcon.colcon_core.package_identification[0m [1;30mLevel 1[0m _identify(isaaclab_tasks/isaaclab_tasks/direct/cartpole_showcase/cartpole/agents) by extension 'colcon_meta'
[0.224s] [34mcolcon.colcon_core.package_identification[0m [1;30mLevel 1[0m _identify(isaaclab_tasks/isaaclab_tasks/direct/cartpole_showcase/cartpole/agents) by extensions ['ros']
[0.224s] [34mcolcon.colcon_core.package_identification[0m [1;30mLevel 1[0m _identify(isaaclab_tasks/isaaclab_tasks/direct/cartpole_showcase/cartpole/agents) by extension 'ros'
[0.224s] [34mcolcon.colcon_core.package_identification[0m [1;30mLevel 1[0m _identify(isaaclab_tasks/isaaclab_tasks/direct/cartpole_showcase/cartpole/agents) by extensions ['cmake', 'python']
[0.224s] [34mcolcon.colcon_core.package_identification[0m [1;30mLevel 1[0m _identify(isaaclab_tasks/isaaclab_tasks/direct/cartpole_showcase/cartpole/agents) by extension 'cmake'
[0.224s] [34mcolcon.colcon_core.package_identification[0m [1;30mLevel 1[0m _identify(isaaclab_tasks/isaaclab_tasks/direct/cartpole_showcase/cartpole/agents) by extension 'python'
[0.224s] [34mcolcon.colcon_core.package_identification[0m [1;30mLevel 1[0m _identify(isaaclab_tasks/isaaclab_tasks/direct/cartpole_showcase/cartpole/agents) by extensions ['python_setup_py']
[0.224s] [34mcolcon.colcon_core.package_identification[0m [1;30mLevel 1[0m _identify(isaaclab_tasks/isaaclab_tasks/direct/cartpole_showcase/cartpole/agents) by extension 'python_setup_py'
[0.224s] [34mcolcon.colcon_core.package_identification[0m [1;30mLevel 1[0m _identify(isaaclab_tasks/isaaclab_tasks/direct/cartpole_showcase/cartpole/agents/__pycache__) by extensions ['ignore', 'ignore_ament_install']
[0.224s] [34mcolcon.colcon_core.package_identification[0m [1;30mLevel 1[0m _identify(isaaclab_tasks/isaaclab_tasks/direct/cartpole_showcase/cartpole/agents/__pycache__) by extension 'ignore'
[0.224s] [34mcolcon.colcon_core.package_identification[0m [1;30mLevel 1[0m _identify(isaaclab_tasks/isaaclab_tasks/direct/cartpole_showcase/cartpole/agents/__pycache__) by extension 'ignore_ament_install'
[0.224s] [34mcolcon.colcon_core.package_identification[0m [1;30mLevel 1[0m _identify(isaaclab_tasks/isaaclab_tasks/direct/cartpole_showcase/cartpole/agents/__pycache__) by extensions ['colcon_pkg']
[0.224s] [34mcolcon.colcon_core.package_identification[0m [1;30mLevel 1[0m _identify(isaaclab_tasks/isaaclab_tasks/direct/cartpole_showcase/cartpole/agents/__pycache__) by extension 'colcon_pkg'
[0.224s] [34mcolcon.colcon_core.package_identification[0m [1;30mLevel 1[0m _identify(isaaclab_tasks/isaaclab_tasks/direct/cartpole_showcase/cartpole/agents/__pycache__) by extensions ['colcon_meta']
[0.224s] [34mcolcon.colcon_core.package_identification[0m [1;30mLevel 1[0m _identify(isaaclab_tasks/isaaclab_tasks/direct/cartpole_showcase/cartpole/agents/__pycache__) by extension 'colcon_meta'
[0.224s] [34mcolcon.colcon_core.package_identification[0m [1;30mLevel 1[0m _identify(isaaclab_tasks/isaaclab_tasks/direct/cartpole_showcase/cartpole/agents/__pycache__) by extensions ['ros']
[0.224s] [34mcolcon.colcon_core.package_identification[0m [1;30mLevel 1[0m _identify(isaaclab_tasks/isaaclab_tasks/direct/cartpole_showcase/cartpole/agents/__pycache__) by extension 'ros'
[0.224s] [34mcolcon.colcon_core.package_identification[0m [1;30mLevel 1[0m _identify(isaaclab_tasks/isaaclab_tasks/direct/cartpole_showcase/cartpole/agents/__pycache__) by extensions ['cmake', 'python']
[0.224s] [34mcolcon.colcon_core.package_identification[0m [1;30mLevel 1[0m _identify(isaaclab_tasks/isaaclab_tasks/direct/cartpole_showcase/cartpole/agents/__pycache__) by extension 'cmake'
[0.224s] [34mcolcon.colcon_core.package_identification[0m [1;30mLevel 1[0m _identify(isaaclab_tasks/isaaclab_tasks/direct/cartpole_showcase/cartpole/agents/__pycache__) by extension 'python'
[0.224s] [34mcolcon.colcon_core.package_identification[0m [1;30mLevel 1[0m _identify(isaaclab_tasks/isaaclab_tasks/direct/cartpole_showcase/cartpole/agents/__pycache__) by extensions ['python_setup_py']
[0.224s] [34mcolcon.colcon_core.package_identification[0m [1;30mLevel 1[0m _identify(isaaclab_tasks/isaaclab_tasks/direct/cartpole_showcase/cartpole/agents/__pycache__) by extension 'python_setup_py'
[0.224s] [34mcolcon.colcon_core.package_identification[0m [1;30mLevel 1[0m _identify(isaaclab_tasks/isaaclab_tasks/direct/cartpole_showcase/cartpole_camera) by extensions ['ignore', 'ignore_ament_install']
[0.224s] [34mcolcon.colcon_core.package_identification[0m [1;30mLevel 1[0m _identify(isaaclab_tasks/isaaclab_tasks/direct/cartpole_showcase/cartpole_camera) by extension 'ignore'
[0.224s] [34mcolcon.colcon_core.package_identification[0m [1;30mLevel 1[0m _identify(isaaclab_tasks/isaaclab_tasks/direct/cartpole_showcase/cartpole_camera) by extension 'ignore_ament_install'
[0.224s] [34mcolcon.colcon_core.package_identification[0m [1;30mLevel 1[0m _identify(isaaclab_tasks/isaaclab_tasks/direct/cartpole_showcase/cartpole_camera) by extensions ['colcon_pkg']
[0.224s] [34mcolcon.colcon_core.package_identification[0m [1;30mLevel 1[0m _identify(isaaclab_tasks/isaaclab_tasks/direct/cartpole_showcase/cartpole_camera) by extension 'colcon_pkg'
[0.224s] [34mcolcon.colcon_core.package_identification[0m [1;30mLevel 1[0m _identify(isaaclab_tasks/isaaclab_tasks/direct/cartpole_showcase/cartpole_camera) by extensions ['colcon_meta']
[0.224s] [34mcolcon.colcon_core.package_identification[0m [1;30mLevel 1[0m _identify(isaaclab_tasks/isaaclab_tasks/direct/cartpole_showcase/cartpole_camera) by extension 'colcon_meta'
[0.224s] [34mcolcon.colcon_core.package_identification[0m [1;30mLevel 1[0m _identify(isaaclab_tasks/isaaclab_tasks/direct/cartpole_showcase/cartpole_camera) by extensions ['ros']
[0.224s] [34mcolcon.colcon_core.package_identification[0m [1;30mLevel 1[0m _identify(isaaclab_tasks/isaaclab_tasks/direct/cartpole_showcase/cartpole_camera) by extension 'ros'
[0.224s] [34mcolcon.colcon_core.package_identification[0m [1;30mLevel 1[0m _identify(isaaclab_tasks/isaaclab_tasks/direct/cartpole_showcase/cartpole_camera) by extensions ['cmake', 'python']
[0.224s] [34mcolcon.colcon_core.package_identification[0m [1;30mLevel 1[0m _identify(isaaclab_tasks/isaaclab_tasks/direct/cartpole_showcase/cartpole_camera) by extension 'cmake'
[0.224s] [34mcolcon.colcon_core.package_identification[0m [1;30mLevel 1[0m _identify(isaaclab_tasks/isaaclab_tasks/direct/cartpole_showcase/cartpole_camera) by extension 'python'
[0.224s] [34mcolcon.colcon_core.package_identification[0m [1;30mLevel 1[0m _identify(isaaclab_tasks/isaaclab_tasks/direct/cartpole_showcase/cartpole_camera) by extensions ['python_setup_py']
[0.224s] [34mcolcon.colcon_core.package_identification[0m [1;30mLevel 1[0m _identify(isaaclab_tasks/isaaclab_tasks/direct/cartpole_showcase/cartpole_camera) by extension 'python_setup_py'
[0.224s] [34mcolcon.colcon_core.package_identification[0m [1;30mLevel 1[0m _identify(isaaclab_tasks/isaaclab_tasks/direct/cartpole_showcase/cartpole_camera/__pycache__) by extensions ['ignore', 'ignore_ament_install']
[0.224s] [34mcolcon.colcon_core.package_identification[0m [1;30mLevel 1[0m _identify(isaaclab_tasks/isaaclab_tasks/direct/cartpole_showcase/cartpole_camera/__pycache__) by extension 'ignore'
[0.224s] [34mcolcon.colcon_core.package_identification[0m [1;30mLevel 1[0m _identify(isaaclab_tasks/isaaclab_tasks/direct/cartpole_showcase/cartpole_camera/__pycache__) by extension 'ignore_ament_install'
[0.224s] [34mcolcon.colcon_core.package_identification[0m [1;30mLevel 1[0m _identify(isaaclab_tasks/isaaclab_tasks/direct/cartpole_showcase/cartpole_camera/__pycache__) by extensions ['colcon_pkg']
[0.224s] [34mcolcon.colcon_core.package_identification[0m [1;30mLevel 1[0m _identify(isaaclab_tasks/isaaclab_tasks/direct/cartpole_showcase/cartpole_camera/__pycache__) by extension 'colcon_pkg'
[0.224s] [34mcolcon.colcon_core.package_identification[0m [1;30mLevel 1[0m _identify(isaaclab_tasks/isaaclab_tasks/direct/cartpole_showcase/cartpole_camera/__pycache__) by extensions ['colcon_meta']
[0.225s] [34mcolcon.colcon_core.package_identification[0m [1;30mLevel 1[0m _identify(isaaclab_tasks/isaaclab_tasks/direct/cartpole_showcase/cartpole_camera/__pycache__) by extension 'colcon_meta'
[0.225s] [34mcolcon.colcon_core.package_identification[0m [1;30mLevel 1[0m _identify(isaaclab_tasks/isaaclab_tasks/direct/cartpole_showcase/cartpole_camera/__pycache__) by extensions ['ros']
[0.225s] [34mcolcon.colcon_core.package_identification[0m [1;30mLevel 1[0m _identify(isaaclab_tasks/isaaclab_tasks/direct/cartpole_showcase/cartpole_camera/__pycache__) by extension 'ros'
[0.225s] [34mcolcon.colcon_core.package_identification[0m [1;30mLevel 1[0m _identify(isaaclab_tasks/isaaclab_tasks/direct/cartpole_showcase/cartpole_camera/__pycache__) by extensions ['cmake', 'python']
[0.225s] [34mcolcon.colcon_core.package_identification[0m [1;30mLevel 1[0m _identify(isaaclab_tasks/isaaclab_tasks/direct/cartpole_showcase/cartpole_camera/__pycache__) by extension 'cmake'
[0.225s] [34mcolcon.colcon_core.package_identification[0m [1;30mLevel 1[0m _identify(isaaclab_tasks/isaaclab_tasks/direct/cartpole_showcase/cartpole_camera/__pycache__) by extension 'python'
[0.225s] [34mcolcon.colcon_core.package_identification[0m [1;30mLevel 1[0m _identify(isaaclab_tasks/isaaclab_tasks/direct/cartpole_showcase/cartpole_camera/__pycache__) by extensions ['python_setup_py']
[0.225s] [34mcolcon.colcon_core.package_identification[0m [1;30mLevel 1[0m _identify(isaaclab_tasks/isaaclab_tasks/direct/cartpole_showcase/cartpole_camera/__pycache__) by extension 'python_setup_py'
[0.225s] [34mcolcon.colcon_core.package_identification[0m [1;30mLevel 1[0m _identify(isaaclab_tasks/isaaclab_tasks/direct/cartpole_showcase/cartpole_camera/agents) by extensions ['ignore', 'ignore_ament_install']
[0.225s] [34mcolcon.colcon_core.package_identification[0m [1;30mLevel 1[0m _identify(isaaclab_tasks/isaaclab_tasks/direct/cartpole_showcase/cartpole_camera/agents) by extension 'ignore'
[0.225s] [34mcolcon.colcon_core.package_identification[0m [1;30mLevel 1[0m _identify(isaaclab_tasks/isaaclab_tasks/direct/cartpole_showcase/cartpole_camera/agents) by extension 'ignore_ament_install'
[0.225s] [34mcolcon.colcon_core.package_identification[0m [1;30mLevel 1[0m _identify(isaaclab_tasks/isaaclab_tasks/direct/cartpole_showcase/cartpole_camera/agents) by extensions ['colcon_pkg']
[0.225s] [34mcolcon.colcon_core.package_identification[0m [1;30mLevel 1[0m _identify(isaaclab_tasks/isaaclab_tasks/direct/cartpole_showcase/cartpole_camera/agents) by extension 'colcon_pkg'
[0.225s] [34mcolcon.colcon_core.package_identification[0m [1;30mLevel 1[0m _identify(isaaclab_tasks/isaaclab_tasks/direct/cartpole_showcase/cartpole_camera/agents) by extensions ['colcon_meta']
[0.225s] [34mcolcon.colcon_core.package_identification[0m [1;30mLevel 1[0m _identify(isaaclab_tasks/isaaclab_tasks/direct/cartpole_showcase/cartpole_camera/agents) by extension 'colcon_meta'
[0.225s] [34mcolcon.colcon_core.package_identification[0m [1;30mLevel 1[0m _identify(isaaclab_tasks/isaaclab_tasks/direct/cartpole_showcase/cartpole_camera/agents) by extensions ['ros']
[0.225s] [34mcolcon.colcon_core.package_identification[0m [1;30mLevel 1[0m _identify(isaaclab_tasks/isaaclab_tasks/direct/cartpole_showcase/cartpole_camera/agents) by extension 'ros'
[0.225s] [34mcolcon.colcon_core.package_identification[0m [1;30mLevel 1[0m _identify(isaaclab_tasks/isaaclab_tasks/direct/cartpole_showcase/cartpole_camera/agents) by extensions ['cmake', 'python']
[0.225s] [34mcolcon.colcon_core.package_identification[0m [1;30mLevel 1[0m _identify(isaaclab_tasks/isaaclab_tasks/direct/cartpole_showcase/cartpole_camera/agents) by extension 'cmake'
[0.225s] [34mcolcon.colcon_core.package_identification[0m [1;30mLevel 1[0m _identify(isaaclab_tasks/isaaclab_tasks/direct/cartpole_showcase/cartpole_camera/agents) by extension 'python'
[0.225s] [34mcolcon.colcon_core.package_identification[0m [1;30mLevel 1[0m _identify(isaaclab_tasks/isaaclab_tasks/direct/cartpole_showcase/cartpole_camera/agents) by extensions ['python_setup_py']
[0.225s] [34mcolcon.colcon_core.package_identification[0m [1;30mLevel 1[0m _identify(isaaclab_tasks/isaaclab_tasks/direct/cartpole_showcase/cartpole_camera/agents) by extension 'python_setup_py'
[0.225s] [34mcolcon.colcon_core.package_identification[0m [1;30mLevel 1[0m _identify(isaaclab_tasks/isaaclab_tasks/direct/cartpole_showcase/cartpole_camera/agents/__pycache__) by extensions ['ignore', 'ignore_ament_install']
[0.225s] [34mcolcon.colcon_core.package_identification[0m [1;30mLevel 1[0m _identify(isaaclab_tasks/isaaclab_tasks/direct/cartpole_showcase/cartpole_camera/agents/__pycache__) by extension 'ignore'
[0.225s] [34mcolcon.colcon_core.package_identification[0m [1;30mLevel 1[0m _identify(isaaclab_tasks/isaaclab_tasks/direct/cartpole_showcase/cartpole_camera/agents/__pycache__) by extension 'ignore_ament_install'
[0.225s] [34mcolcon.colcon_core.package_identification[0m [1;30mLevel 1[0m _identify(isaaclab_tasks/isaaclab_tasks/direct/cartpole_showcase/cartpole_camera/agents/__pycache__) by extensions ['colcon_pkg']
[0.225s] [34mcolcon.colcon_core.package_identification[0m [1;30mLevel 1[0m _identify(isaaclab_tasks/isaaclab_tasks/direct/cartpole_showcase/cartpole_camera/agents/__pycache__) by extension 'colcon_pkg'
[0.225s] [34mcolcon.colcon_core.package_identification[0m [1;30mLevel 1[0m _identify(isaaclab_tasks/isaaclab_tasks/direct/cartpole_showcase/cartpole_camera/agents/__pycache__) by extensions ['colcon_meta']
[0.225s] [34mcolcon.colcon_core.package_identification[0m [1;30mLevel 1[0m _identify(isaaclab_tasks/isaaclab_tasks/direct/cartpole_showcase/cartpole_camera/agents/__pycache__) by extension 'colcon_meta'
[0.225s] [34mcolcon.colcon_core.package_identification[0m [1;30mLevel 1[0m _identify(isaaclab_tasks/isaaclab_tasks/direct/cartpole_showcase/cartpole_camera/agents/__pycache__) by extensions ['ros']
[0.225s] [34mcolcon.colcon_core.package_identification[0m [1;30mLevel 1[0m _identify(isaaclab_tasks/isaaclab_tasks/direct/cartpole_showcase/cartpole_camera/agents/__pycache__) by extension 'ros'
[0.225s] [34mcolcon.colcon_core.package_identification[0m [1;30mLevel 1[0m _identify(isaaclab_tasks/isaaclab_tasks/direct/cartpole_showcase/cartpole_camera/agents/__pycache__) by extensions ['cmake', 'python']
[0.225s] [34mcolcon.colcon_core.package_identification[0m [1;30mLevel 1[0m _identify(isaaclab_tasks/isaaclab_tasks/direct/cartpole_showcase/cartpole_camera/agents/__pycache__) by extension 'cmake'
[0.225s] [34mcolcon.colcon_core.package_identification[0m [1;30mLevel 1[0m _identify(isaaclab_tasks/isaaclab_tasks/direct/cartpole_showcase/cartpole_camera/agents/__pycache__) by extension 'python'
[0.225s] [34mcolcon.colcon_core.package_identification[0m [1;30mLevel 1[0m _identify(isaaclab_tasks/isaaclab_tasks/direct/cartpole_showcase/cartpole_camera/agents/__pycache__) by extensions ['python_setup_py']
[0.225s] [34mcolcon.colcon_core.package_identification[0m [1;30mLevel 1[0m _identify(isaaclab_tasks/isaaclab_tasks/direct/cartpole_showcase/cartpole_camera/agents/__pycache__) by extension 'python_setup_py'
[0.225s] [34mcolcon.colcon_core.package_identification[0m [1;30mLevel 1[0m _identify(isaaclab_tasks/isaaclab_tasks/direct/factory) by extensions ['ignore', 'ignore_ament_install']
[0.225s] [34mcolcon.colcon_core.package_identification[0m [1;30mLevel 1[0m _identify(isaaclab_tasks/isaaclab_tasks/direct/factory) by extension 'ignore'
[0.225s] [34mcolcon.colcon_core.package_identification[0m [1;30mLevel 1[0m _identify(isaaclab_tasks/isaaclab_tasks/direct/factory) by extension 'ignore_ament_install'
[0.225s] [34mcolcon.colcon_core.package_identification[0m [1;30mLevel 1[0m _identify(isaaclab_tasks/isaaclab_tasks/direct/factory) by extensions ['colcon_pkg']
[0.225s] [34mcolcon.colcon_core.package_identification[0m [1;30mLevel 1[0m _identify(isaaclab_tasks/isaaclab_tasks/direct/factory) by extension 'colcon_pkg'
[0.225s] [34mcolcon.colcon_core.package_identification[0m [1;30mLevel 1[0m _identify(isaaclab_tasks/isaaclab_tasks/direct/factory) by extensions ['colcon_meta']
[0.225s] [34mcolcon.colcon_core.package_identification[0m [1;30mLevel 1[0m _identify(isaaclab_tasks/isaaclab_tasks/direct/factory) by extension 'colcon_meta'
[0.225s] [34mcolcon.colcon_core.package_identification[0m [1;30mLevel 1[0m _identify(isaaclab_tasks/isaaclab_tasks/direct/factory) by extensions ['ros']
[0.225s] [34mcolcon.colcon_core.package_identification[0m [1;30mLevel 1[0m _identify(isaaclab_tasks/isaaclab_tasks/direct/factory) by extension 'ros'
[0.225s] [34mcolcon.colcon_core.package_identification[0m [1;30mLevel 1[0m _identify(isaaclab_tasks/isaaclab_tasks/direct/factory) by extensions ['cmake', 'python']
[0.225s] [34mcolcon.colcon_core.package_identification[0m [1;30mLevel 1[0m _identify(isaaclab_tasks/isaaclab_tasks/direct/factory) by extension 'cmake'
[0.225s] [34mcolcon.colcon_core.package_identification[0m [1;30mLevel 1[0m _identify(isaaclab_tasks/isaaclab_tasks/direct/factory) by extension 'python'
[0.225s] [34mcolcon.colcon_core.package_identification[0m [1;30mLevel 1[0m _identify(isaaclab_tasks/isaaclab_tasks/direct/factory) by extensions ['python_setup_py']
[0.225s] [34mcolcon.colcon_core.package_identification[0m [1;30mLevel 1[0m _identify(isaaclab_tasks/isaaclab_tasks/direct/factory) by extension 'python_setup_py'
[0.226s] [34mcolcon.colcon_core.package_identification[0m [1;30mLevel 1[0m _identify(isaaclab_tasks/isaaclab_tasks/direct/factory/__pycache__) by extensions ['ignore', 'ignore_ament_install']
[0.226s] [34mcolcon.colcon_core.package_identification[0m [1;30mLevel 1[0m _identify(isaaclab_tasks/isaaclab_tasks/direct/factory/__pycache__) by extension 'ignore'
[0.226s] [34mcolcon.colcon_core.package_identification[0m [1;30mLevel 1[0m _identify(isaaclab_tasks/isaaclab_tasks/direct/factory/__pycache__) by extension 'ignore_ament_install'
[0.226s] [34mcolcon.colcon_core.package_identification[0m [1;30mLevel 1[0m _identify(isaaclab_tasks/isaaclab_tasks/direct/factory/__pycache__) by extensions ['colcon_pkg']
[0.226s] [34mcolcon.colcon_core.package_identification[0m [1;30mLevel 1[0m _identify(isaaclab_tasks/isaaclab_tasks/direct/factory/__pycache__) by extension 'colcon_pkg'
[0.226s] [34mcolcon.colcon_core.package_identification[0m [1;30mLevel 1[0m _identify(isaaclab_tasks/isaaclab_tasks/direct/factory/__pycache__) by extensions ['colcon_meta']
[0.226s] [34mcolcon.colcon_core.package_identification[0m [1;30mLevel 1[0m _identify(isaaclab_tasks/isaaclab_tasks/direct/factory/__pycache__) by extension 'colcon_meta'
[0.226s] [34mcolcon.colcon_core.package_identification[0m [1;30mLevel 1[0m _identify(isaaclab_tasks/isaaclab_tasks/direct/factory/__pycache__) by extensions ['ros']
[0.226s] [34mcolcon.colcon_core.package_identification[0m [1;30mLevel 1[0m _identify(isaaclab_tasks/isaaclab_tasks/direct/factory/__pycache__) by extension 'ros'
[0.226s] [34mcolcon.colcon_core.package_identification[0m [1;30mLevel 1[0m _identify(isaaclab_tasks/isaaclab_tasks/direct/factory/__pycache__) by extensions ['cmake', 'python']
[0.226s] [34mcolcon.colcon_core.package_identification[0m [1;30mLevel 1[0m _identify(isaaclab_tasks/isaaclab_tasks/direct/factory/__pycache__) by extension 'cmake'
[0.226s] [34mcolcon.colcon_core.package_identification[0m [1;30mLevel 1[0m _identify(isaaclab_tasks/isaaclab_tasks/direct/factory/__pycache__) by extension 'python'
[0.226s] [34mcolcon.colcon_core.package_identification[0m [1;30mLevel 1[0m _identify(isaaclab_tasks/isaaclab_tasks/direct/factory/__pycache__) by extensions ['python_setup_py']
[0.226s] [34mcolcon.colcon_core.package_identification[0m [1;30mLevel 1[0m _identify(isaaclab_tasks/isaaclab_tasks/direct/factory/__pycache__) by extension 'python_setup_py'
[0.226s] [34mcolcon.colcon_core.package_identification[0m [1;30mLevel 1[0m _identify(isaaclab_tasks/isaaclab_tasks/direct/factory/agents) by extensions ['ignore', 'ignore_ament_install']
[0.226s] [34mcolcon.colcon_core.package_identification[0m [1;30mLevel 1[0m _identify(isaaclab_tasks/isaaclab_tasks/direct/factory/agents) by extension 'ignore'
[0.226s] [34mcolcon.colcon_core.package_identification[0m [1;30mLevel 1[0m _identify(isaaclab_tasks/isaaclab_tasks/direct/factory/agents) by extension 'ignore_ament_install'
[0.226s] [34mcolcon.colcon_core.package_identification[0m [1;30mLevel 1[0m _identify(isaaclab_tasks/isaaclab_tasks/direct/factory/agents) by extensions ['colcon_pkg']
[0.226s] [34mcolcon.colcon_core.package_identification[0m [1;30mLevel 1[0m _identify(isaaclab_tasks/isaaclab_tasks/direct/factory/agents) by extension 'colcon_pkg'
[0.226s] [34mcolcon.colcon_core.package_identification[0m [1;30mLevel 1[0m _identify(isaaclab_tasks/isaaclab_tasks/direct/factory/agents) by extensions ['colcon_meta']
[0.226s] [34mcolcon.colcon_core.package_identification[0m [1;30mLevel 1[0m _identify(isaaclab_tasks/isaaclab_tasks/direct/factory/agents) by extension 'colcon_meta'
[0.226s] [34mcolcon.colcon_core.package_identification[0m [1;30mLevel 1[0m _identify(isaaclab_tasks/isaaclab_tasks/direct/factory/agents) by extensions ['ros']
[0.226s] [34mcolcon.colcon_core.package_identification[0m [1;30mLevel 1[0m _identify(isaaclab_tasks/isaaclab_tasks/direct/factory/agents) by extension 'ros'
[0.226s] [34mcolcon.colcon_core.package_identification[0m [1;30mLevel 1[0m _identify(isaaclab_tasks/isaaclab_tasks/direct/factory/agents) by extensions ['cmake', 'python']
[0.226s] [34mcolcon.colcon_core.package_identification[0m [1;30mLevel 1[0m _identify(isaaclab_tasks/isaaclab_tasks/direct/factory/agents) by extension 'cmake'
[0.226s] [34mcolcon.colcon_core.package_identification[0m [1;30mLevel 1[0m _identify(isaaclab_tasks/isaaclab_tasks/direct/factory/agents) by extension 'python'
[0.226s] [34mcolcon.colcon_core.package_identification[0m [1;30mLevel 1[0m _identify(isaaclab_tasks/isaaclab_tasks/direct/factory/agents) by extensions ['python_setup_py']
[0.226s] [34mcolcon.colcon_core.package_identification[0m [1;30mLevel 1[0m _identify(isaaclab_tasks/isaaclab_tasks/direct/factory/agents) by extension 'python_setup_py'
[0.226s] [34mcolcon.colcon_core.package_identification[0m [1;30mLevel 1[0m _identify(isaaclab_tasks/isaaclab_tasks/direct/factory/agents/__pycache__) by extensions ['ignore', 'ignore_ament_install']
[0.226s] [34mcolcon.colcon_core.package_identification[0m [1;30mLevel 1[0m _identify(isaaclab_tasks/isaaclab_tasks/direct/factory/agents/__pycache__) by extension 'ignore'
[0.226s] [34mcolcon.colcon_core.package_identification[0m [1;30mLevel 1[0m _identify(isaaclab_tasks/isaaclab_tasks/direct/factory/agents/__pycache__) by extension 'ignore_ament_install'
[0.226s] [34mcolcon.colcon_core.package_identification[0m [1;30mLevel 1[0m _identify(isaaclab_tasks/isaaclab_tasks/direct/factory/agents/__pycache__) by extensions ['colcon_pkg']
[0.226s] [34mcolcon.colcon_core.package_identification[0m [1;30mLevel 1[0m _identify(isaaclab_tasks/isaaclab_tasks/direct/factory/agents/__pycache__) by extension 'colcon_pkg'
[0.226s] [34mcolcon.colcon_core.package_identification[0m [1;30mLevel 1[0m _identify(isaaclab_tasks/isaaclab_tasks/direct/factory/agents/__pycache__) by extensions ['colcon_meta']
[0.226s] [34mcolcon.colcon_core.package_identification[0m [1;30mLevel 1[0m _identify(isaaclab_tasks/isaaclab_tasks/direct/factory/agents/__pycache__) by extension 'colcon_meta'
[0.226s] [34mcolcon.colcon_core.package_identification[0m [1;30mLevel 1[0m _identify(isaaclab_tasks/isaaclab_tasks/direct/factory/agents/__pycache__) by extensions ['ros']
[0.226s] [34mcolcon.colcon_core.package_identification[0m [1;30mLevel 1[0m _identify(isaaclab_tasks/isaaclab_tasks/direct/factory/agents/__pycache__) by extension 'ros'
[0.226s] [34mcolcon.colcon_core.package_identification[0m [1;30mLevel 1[0m _identify(isaaclab_tasks/isaaclab_tasks/direct/factory/agents/__pycache__) by extensions ['cmake', 'python']
[0.226s] [34mcolcon.colcon_core.package_identification[0m [1;30mLevel 1[0m _identify(isaaclab_tasks/isaaclab_tasks/direct/factory/agents/__pycache__) by extension 'cmake'
[0.226s] [34mcolcon.colcon_core.package_identification[0m [1;30mLevel 1[0m _identify(isaaclab_tasks/isaaclab_tasks/direct/factory/agents/__pycache__) by extension 'python'
[0.226s] [34mcolcon.colcon_core.package_identification[0m [1;30mLevel 1[0m _identify(isaaclab_tasks/isaaclab_tasks/direct/factory/agents/__pycache__) by extensions ['python_setup_py']
[0.226s] [34mcolcon.colcon_core.package_identification[0m [1;30mLevel 1[0m _identify(isaaclab_tasks/isaaclab_tasks/direct/factory/agents/__pycache__) by extension 'python_setup_py'
[0.226s] [34mcolcon.colcon_core.package_identification[0m [1;30mLevel 1[0m _identify(isaaclab_tasks/isaaclab_tasks/direct/forge) by extensions ['ignore', 'ignore_ament_install']
[0.226s] [34mcolcon.colcon_core.package_identification[0m [1;30mLevel 1[0m _identify(isaaclab_tasks/isaaclab_tasks/direct/forge) by extension 'ignore'
[0.226s] [34mcolcon.colcon_core.package_identification[0m [1;30mLevel 1[0m _identify(isaaclab_tasks/isaaclab_tasks/direct/forge) by extension 'ignore_ament_install'
[0.226s] [34mcolcon.colcon_core.package_identification[0m [1;30mLevel 1[0m _identify(isaaclab_tasks/isaaclab_tasks/direct/forge) by extensions ['colcon_pkg']
[0.226s] [34mcolcon.colcon_core.package_identification[0m [1;30mLevel 1[0m _identify(isaaclab_tasks/isaaclab_tasks/direct/forge) by extension 'colcon_pkg'
[0.226s] [34mcolcon.colcon_core.package_identification[0m [1;30mLevel 1[0m _identify(isaaclab_tasks/isaaclab_tasks/direct/forge) by extensions ['colcon_meta']
[0.226s] [34mcolcon.colcon_core.package_identification[0m [1;30mLevel 1[0m _identify(isaaclab_tasks/isaaclab_tasks/direct/forge) by extension 'colcon_meta'
[0.226s] [34mcolcon.colcon_core.package_identification[0m [1;30mLevel 1[0m _identify(isaaclab_tasks/isaaclab_tasks/direct/forge) by extensions ['ros']
[0.226s] [34mcolcon.colcon_core.package_identification[0m [1;30mLevel 1[0m _identify(isaaclab_tasks/isaaclab_tasks/direct/forge) by extension 'ros'
[0.227s] [34mcolcon.colcon_core.package_identification[0m [1;30mLevel 1[0m _identify(isaaclab_tasks/isaaclab_tasks/direct/forge) by extensions ['cmake', 'python']
[0.227s] [34mcolcon.colcon_core.package_identification[0m [1;30mLevel 1[0m _identify(isaaclab_tasks/isaaclab_tasks/direct/forge) by extension 'cmake'
[0.227s] [34mcolcon.colcon_core.package_identification[0m [1;30mLevel 1[0m _identify(isaaclab_tasks/isaaclab_tasks/direct/forge) by extension 'python'
[0.227s] [34mcolcon.colcon_core.package_identification[0m [1;30mLevel 1[0m _identify(isaaclab_tasks/isaaclab_tasks/direct/forge) by extensions ['python_setup_py']
[0.227s] [34mcolcon.colcon_core.package_identification[0m [1;30mLevel 1[0m _identify(isaaclab_tasks/isaaclab_tasks/direct/forge) by extension 'python_setup_py'
[0.227s] [34mcolcon.colcon_core.package_identification[0m [1;30mLevel 1[0m _identify(isaaclab_tasks/isaaclab_tasks/direct/forge/__pycache__) by extensions ['ignore', 'ignore_ament_install']
[0.227s] [34mcolcon.colcon_core.package_identification[0m [1;30mLevel 1[0m _identify(isaaclab_tasks/isaaclab_tasks/direct/forge/__pycache__) by extension 'ignore'
[0.227s] [34mcolcon.colcon_core.package_identification[0m [1;30mLevel 1[0m _identify(isaaclab_tasks/isaaclab_tasks/direct/forge/__pycache__) by extension 'ignore_ament_install'
[0.227s] [34mcolcon.colcon_core.package_identification[0m [1;30mLevel 1[0m _identify(isaaclab_tasks/isaaclab_tasks/direct/forge/__pycache__) by extensions ['colcon_pkg']
[0.227s] [34mcolcon.colcon_core.package_identification[0m [1;30mLevel 1[0m _identify(isaaclab_tasks/isaaclab_tasks/direct/forge/__pycache__) by extension 'colcon_pkg'
[0.227s] [34mcolcon.colcon_core.package_identification[0m [1;30mLevel 1[0m _identify(isaaclab_tasks/isaaclab_tasks/direct/forge/__pycache__) by extensions ['colcon_meta']
[0.227s] [34mcolcon.colcon_core.package_identification[0m [1;30mLevel 1[0m _identify(isaaclab_tasks/isaaclab_tasks/direct/forge/__pycache__) by extension 'colcon_meta'
[0.227s] [34mcolcon.colcon_core.package_identification[0m [1;30mLevel 1[0m _identify(isaaclab_tasks/isaaclab_tasks/direct/forge/__pycache__) by extensions ['ros']
[0.227s] [34mcolcon.colcon_core.package_identification[0m [1;30mLevel 1[0m _identify(isaaclab_tasks/isaaclab_tasks/direct/forge/__pycache__) by extension 'ros'
[0.227s] [34mcolcon.colcon_core.package_identification[0m [1;30mLevel 1[0m _identify(isaaclab_tasks/isaaclab_tasks/direct/forge/__pycache__) by extensions ['cmake', 'python']
[0.227s] [34mcolcon.colcon_core.package_identification[0m [1;30mLevel 1[0m _identify(isaaclab_tasks/isaaclab_tasks/direct/forge/__pycache__) by extension 'cmake'
[0.227s] [34mcolcon.colcon_core.package_identification[0m [1;30mLevel 1[0m _identify(isaaclab_tasks/isaaclab_tasks/direct/forge/__pycache__) by extension 'python'
[0.227s] [34mcolcon.colcon_core.package_identification[0m [1;30mLevel 1[0m _identify(isaaclab_tasks/isaaclab_tasks/direct/forge/__pycache__) by extensions ['python_setup_py']
[0.227s] [34mcolcon.colcon_core.package_identification[0m [1;30mLevel 1[0m _identify(isaaclab_tasks/isaaclab_tasks/direct/forge/__pycache__) by extension 'python_setup_py'
[0.227s] [34mcolcon.colcon_core.package_identification[0m [1;30mLevel 1[0m _identify(isaaclab_tasks/isaaclab_tasks/direct/forge/agents) by extensions ['ignore', 'ignore_ament_install']
[0.227s] [34mcolcon.colcon_core.package_identification[0m [1;30mLevel 1[0m _identify(isaaclab_tasks/isaaclab_tasks/direct/forge/agents) by extension 'ignore'
[0.227s] [34mcolcon.colcon_core.package_identification[0m [1;30mLevel 1[0m _identify(isaaclab_tasks/isaaclab_tasks/direct/forge/agents) by extension 'ignore_ament_install'
[0.227s] [34mcolcon.colcon_core.package_identification[0m [1;30mLevel 1[0m _identify(isaaclab_tasks/isaaclab_tasks/direct/forge/agents) by extensions ['colcon_pkg']
[0.227s] [34mcolcon.colcon_core.package_identification[0m [1;30mLevel 1[0m _identify(isaaclab_tasks/isaaclab_tasks/direct/forge/agents) by extension 'colcon_pkg'
[0.227s] [34mcolcon.colcon_core.package_identification[0m [1;30mLevel 1[0m _identify(isaaclab_tasks/isaaclab_tasks/direct/forge/agents) by extensions ['colcon_meta']
[0.227s] [34mcolcon.colcon_core.package_identification[0m [1;30mLevel 1[0m _identify(isaaclab_tasks/isaaclab_tasks/direct/forge/agents) by extension 'colcon_meta'
[0.227s] [34mcolcon.colcon_core.package_identification[0m [1;30mLevel 1[0m _identify(isaaclab_tasks/isaaclab_tasks/direct/forge/agents) by extensions ['ros']
[0.227s] [34mcolcon.colcon_core.package_identification[0m [1;30mLevel 1[0m _identify(isaaclab_tasks/isaaclab_tasks/direct/forge/agents) by extension 'ros'
[0.227s] [34mcolcon.colcon_core.package_identification[0m [1;30mLevel 1[0m _identify(isaaclab_tasks/isaaclab_tasks/direct/forge/agents) by extensions ['cmake', 'python']
[0.227s] [34mcolcon.colcon_core.package_identification[0m [1;30mLevel 1[0m _identify(isaaclab_tasks/isaaclab_tasks/direct/forge/agents) by extension 'cmake'
[0.227s] [34mcolcon.colcon_core.package_identification[0m [1;30mLevel 1[0m _identify(isaaclab_tasks/isaaclab_tasks/direct/forge/agents) by extension 'python'
[0.227s] [34mcolcon.colcon_core.package_identification[0m [1;30mLevel 1[0m _identify(isaaclab_tasks/isaaclab_tasks/direct/forge/agents) by extensions ['python_setup_py']
[0.227s] [34mcolcon.colcon_core.package_identification[0m [1;30mLevel 1[0m _identify(isaaclab_tasks/isaaclab_tasks/direct/forge/agents) by extension 'python_setup_py'
[0.227s] [34mcolcon.colcon_core.package_identification[0m [1;30mLevel 1[0m _identify(isaaclab_tasks/isaaclab_tasks/direct/forge/agents/__pycache__) by extensions ['ignore', 'ignore_ament_install']
[0.227s] [34mcolcon.colcon_core.package_identification[0m [1;30mLevel 1[0m _identify(isaaclab_tasks/isaaclab_tasks/direct/forge/agents/__pycache__) by extension 'ignore'
[0.227s] [34mcolcon.colcon_core.package_identification[0m [1;30mLevel 1[0m _identify(isaaclab_tasks/isaaclab_tasks/direct/forge/agents/__pycache__) by extension 'ignore_ament_install'
[0.227s] [34mcolcon.colcon_core.package_identification[0m [1;30mLevel 1[0m _identify(isaaclab_tasks/isaaclab_tasks/direct/forge/agents/__pycache__) by extensions ['colcon_pkg']
[0.227s] [34mcolcon.colcon_core.package_identification[0m [1;30mLevel 1[0m _identify(isaaclab_tasks/isaaclab_tasks/direct/forge/agents/__pycache__) by extension 'colcon_pkg'
[0.227s] [34mcolcon.colcon_core.package_identification[0m [1;30mLevel 1[0m _identify(isaaclab_tasks/isaaclab_tasks/direct/forge/agents/__pycache__) by extensions ['colcon_meta']
[0.227s] [34mcolcon.colcon_core.package_identification[0m [1;30mLevel 1[0m _identify(isaaclab_tasks/isaaclab_tasks/direct/forge/agents/__pycache__) by extension 'colcon_meta'
[0.227s] [34mcolcon.colcon_core.package_identification[0m [1;30mLevel 1[0m _identify(isaaclab_tasks/isaaclab_tasks/direct/forge/agents/__pycache__) by extensions ['ros']
[0.227s] [34mcolcon.colcon_core.package_identification[0m [1;30mLevel 1[0m _identify(isaaclab_tasks/isaaclab_tasks/direct/forge/agents/__pycache__) by extension 'ros'
[0.227s] [34mcolcon.colcon_core.package_identification[0m [1;30mLevel 1[0m _identify(isaaclab_tasks/isaaclab_tasks/direct/forge/agents/__pycache__) by extensions ['cmake', 'python']
[0.227s] [34mcolcon.colcon_core.package_identification[0m [1;30mLevel 1[0m _identify(isaaclab_tasks/isaaclab_tasks/direct/forge/agents/__pycache__) by extension 'cmake'
[0.227s] [34mcolcon.colcon_core.package_identification[0m [1;30mLevel 1[0m _identify(isaaclab_tasks/isaaclab_tasks/direct/forge/agents/__pycache__) by extension 'python'
[0.227s] [34mcolcon.colcon_core.package_identification[0m [1;30mLevel 1[0m _identify(isaaclab_tasks/isaaclab_tasks/direct/forge/agents/__pycache__) by extensions ['python_setup_py']
[0.227s] [34mcolcon.colcon_core.package_identification[0m [1;30mLevel 1[0m _identify(isaaclab_tasks/isaaclab_tasks/direct/forge/agents/__pycache__) by extension 'python_setup_py'
[0.227s] [34mcolcon.colcon_core.package_identification[0m [1;30mLevel 1[0m _identify(isaaclab_tasks/isaaclab_tasks/direct/franka_cabinet) by extensions ['ignore', 'ignore_ament_install']
[0.227s] [34mcolcon.colcon_core.package_identification[0m [1;30mLevel 1[0m _identify(isaaclab_tasks/isaaclab_tasks/direct/franka_cabinet) by extension 'ignore'
[0.227s] [34mcolcon.colcon_core.package_identification[0m [1;30mLevel 1[0m _identify(isaaclab_tasks/isaaclab_tasks/direct/franka_cabinet) by extension 'ignore_ament_install'
[0.228s] [34mcolcon.colcon_core.package_identification[0m [1;30mLevel 1[0m _identify(isaaclab_tasks/isaaclab_tasks/direct/franka_cabinet) by extensions ['colcon_pkg']
[0.228s] [34mcolcon.colcon_core.package_identification[0m [1;30mLevel 1[0m _identify(isaaclab_tasks/isaaclab_tasks/direct/franka_cabinet) by extension 'colcon_pkg'
[0.228s] [34mcolcon.colcon_core.package_identification[0m [1;30mLevel 1[0m _identify(isaaclab_tasks/isaaclab_tasks/direct/franka_cabinet) by extensions ['colcon_meta']
[0.228s] [34mcolcon.colcon_core.package_identification[0m [1;30mLevel 1[0m _identify(isaaclab_tasks/isaaclab_tasks/direct/franka_cabinet) by extension 'colcon_meta'
[0.228s] [34mcolcon.colcon_core.package_identification[0m [1;30mLevel 1[0m _identify(isaaclab_tasks/isaaclab_tasks/direct/franka_cabinet) by extensions ['ros']
[0.228s] [34mcolcon.colcon_core.package_identification[0m [1;30mLevel 1[0m _identify(isaaclab_tasks/isaaclab_tasks/direct/franka_cabinet) by extension 'ros'
[0.228s] [34mcolcon.colcon_core.package_identification[0m [1;30mLevel 1[0m _identify(isaaclab_tasks/isaaclab_tasks/direct/franka_cabinet) by extensions ['cmake', 'python']
[0.228s] [34mcolcon.colcon_core.package_identification[0m [1;30mLevel 1[0m _identify(isaaclab_tasks/isaaclab_tasks/direct/franka_cabinet) by extension 'cmake'
[0.228s] [34mcolcon.colcon_core.package_identification[0m [1;30mLevel 1[0m _identify(isaaclab_tasks/isaaclab_tasks/direct/franka_cabinet) by extension 'python'
[0.228s] [34mcolcon.colcon_core.package_identification[0m [1;30mLevel 1[0m _identify(isaaclab_tasks/isaaclab_tasks/direct/franka_cabinet) by extensions ['python_setup_py']
[0.228s] [34mcolcon.colcon_core.package_identification[0m [1;30mLevel 1[0m _identify(isaaclab_tasks/isaaclab_tasks/direct/franka_cabinet) by extension 'python_setup_py'
[0.228s] [34mcolcon.colcon_core.package_identification[0m [1;30mLevel 1[0m _identify(isaaclab_tasks/isaaclab_tasks/direct/franka_cabinet/__pycache__) by extensions ['ignore', 'ignore_ament_install']
[0.228s] [34mcolcon.colcon_core.package_identification[0m [1;30mLevel 1[0m _identify(isaaclab_tasks/isaaclab_tasks/direct/franka_cabinet/__pycache__) by extension 'ignore'
[0.228s] [34mcolcon.colcon_core.package_identification[0m [1;30mLevel 1[0m _identify(isaaclab_tasks/isaaclab_tasks/direct/franka_cabinet/__pycache__) by extension 'ignore_ament_install'
[0.228s] [34mcolcon.colcon_core.package_identification[0m [1;30mLevel 1[0m _identify(isaaclab_tasks/isaaclab_tasks/direct/franka_cabinet/__pycache__) by extensions ['colcon_pkg']
[0.228s] [34mcolcon.colcon_core.package_identification[0m [1;30mLevel 1[0m _identify(isaaclab_tasks/isaaclab_tasks/direct/franka_cabinet/__pycache__) by extension 'colcon_pkg'
[0.228s] [34mcolcon.colcon_core.package_identification[0m [1;30mLevel 1[0m _identify(isaaclab_tasks/isaaclab_tasks/direct/franka_cabinet/__pycache__) by extensions ['colcon_meta']
[0.228s] [34mcolcon.colcon_core.package_identification[0m [1;30mLevel 1[0m _identify(isaaclab_tasks/isaaclab_tasks/direct/franka_cabinet/__pycache__) by extension 'colcon_meta'
[0.228s] [34mcolcon.colcon_core.package_identification[0m [1;30mLevel 1[0m _identify(isaaclab_tasks/isaaclab_tasks/direct/franka_cabinet/__pycache__) by extensions ['ros']
[0.228s] [34mcolcon.colcon_core.package_identification[0m [1;30mLevel 1[0m _identify(isaaclab_tasks/isaaclab_tasks/direct/franka_cabinet/__pycache__) by extension 'ros'
[0.228s] [34mcolcon.colcon_core.package_identification[0m [1;30mLevel 1[0m _identify(isaaclab_tasks/isaaclab_tasks/direct/franka_cabinet/__pycache__) by extensions ['cmake', 'python']
[0.228s] [34mcolcon.colcon_core.package_identification[0m [1;30mLevel 1[0m _identify(isaaclab_tasks/isaaclab_tasks/direct/franka_cabinet/__pycache__) by extension 'cmake'
[0.228s] [34mcolcon.colcon_core.package_identification[0m [1;30mLevel 1[0m _identify(isaaclab_tasks/isaaclab_tasks/direct/franka_cabinet/__pycache__) by extension 'python'
[0.228s] [34mcolcon.colcon_core.package_identification[0m [1;30mLevel 1[0m _identify(isaaclab_tasks/isaaclab_tasks/direct/franka_cabinet/__pycache__) by extensions ['python_setup_py']
[0.228s] [34mcolcon.colcon_core.package_identification[0m [1;30mLevel 1[0m _identify(isaaclab_tasks/isaaclab_tasks/direct/franka_cabinet/__pycache__) by extension 'python_setup_py'
[0.228s] [34mcolcon.colcon_core.package_identification[0m [1;30mLevel 1[0m _identify(isaaclab_tasks/isaaclab_tasks/direct/franka_cabinet/agents) by extensions ['ignore', 'ignore_ament_install']
[0.228s] [34mcolcon.colcon_core.package_identification[0m [1;30mLevel 1[0m _identify(isaaclab_tasks/isaaclab_tasks/direct/franka_cabinet/agents) by extension 'ignore'
[0.228s] [34mcolcon.colcon_core.package_identification[0m [1;30mLevel 1[0m _identify(isaaclab_tasks/isaaclab_tasks/direct/franka_cabinet/agents) by extension 'ignore_ament_install'
[0.228s] [34mcolcon.colcon_core.package_identification[0m [1;30mLevel 1[0m _identify(isaaclab_tasks/isaaclab_tasks/direct/franka_cabinet/agents) by extensions ['colcon_pkg']
[0.228s] [34mcolcon.colcon_core.package_identification[0m [1;30mLevel 1[0m _identify(isaaclab_tasks/isaaclab_tasks/direct/franka_cabinet/agents) by extension 'colcon_pkg'
[0.228s] [34mcolcon.colcon_core.package_identification[0m [1;30mLevel 1[0m _identify(isaaclab_tasks/isaaclab_tasks/direct/franka_cabinet/agents) by extensions ['colcon_meta']
[0.228s] [34mcolcon.colcon_core.package_identification[0m [1;30mLevel 1[0m _identify(isaaclab_tasks/isaaclab_tasks/direct/franka_cabinet/agents) by extension 'colcon_meta'
[0.228s] [34mcolcon.colcon_core.package_identification[0m [1;30mLevel 1[0m _identify(isaaclab_tasks/isaaclab_tasks/direct/franka_cabinet/agents) by extensions ['ros']
[0.228s] [34mcolcon.colcon_core.package_identification[0m [1;30mLevel 1[0m _identify(isaaclab_tasks/isaaclab_tasks/direct/franka_cabinet/agents) by extension 'ros'
[0.228s] [34mcolcon.colcon_core.package_identification[0m [1;30mLevel 1[0m _identify(isaaclab_tasks/isaaclab_tasks/direct/franka_cabinet/agents) by extensions ['cmake', 'python']
[0.228s] [34mcolcon.colcon_core.package_identification[0m [1;30mLevel 1[0m _identify(isaaclab_tasks/isaaclab_tasks/direct/franka_cabinet/agents) by extension 'cmake'
[0.228s] [34mcolcon.colcon_core.package_identification[0m [1;30mLevel 1[0m _identify(isaaclab_tasks/isaaclab_tasks/direct/franka_cabinet/agents) by extension 'python'
[0.228s] [34mcolcon.colcon_core.package_identification[0m [1;30mLevel 1[0m _identify(isaaclab_tasks/isaaclab_tasks/direct/franka_cabinet/agents) by extensions ['python_setup_py']
[0.228s] [34mcolcon.colcon_core.package_identification[0m [1;30mLevel 1[0m _identify(isaaclab_tasks/isaaclab_tasks/direct/franka_cabinet/agents) by extension 'python_setup_py'
[0.228s] [34mcolcon.colcon_core.package_identification[0m [1;30mLevel 1[0m _identify(isaaclab_tasks/isaaclab_tasks/direct/franka_cabinet/agents/__pycache__) by extensions ['ignore', 'ignore_ament_install']
[0.228s] [34mcolcon.colcon_core.package_identification[0m [1;30mLevel 1[0m _identify(isaaclab_tasks/isaaclab_tasks/direct/franka_cabinet/agents/__pycache__) by extension 'ignore'
[0.228s] [34mcolcon.colcon_core.package_identification[0m [1;30mLevel 1[0m _identify(isaaclab_tasks/isaaclab_tasks/direct/franka_cabinet/agents/__pycache__) by extension 'ignore_ament_install'
[0.228s] [34mcolcon.colcon_core.package_identification[0m [1;30mLevel 1[0m _identify(isaaclab_tasks/isaaclab_tasks/direct/franka_cabinet/agents/__pycache__) by extensions ['colcon_pkg']
[0.228s] [34mcolcon.colcon_core.package_identification[0m [1;30mLevel 1[0m _identify(isaaclab_tasks/isaaclab_tasks/direct/franka_cabinet/agents/__pycache__) by extension 'colcon_pkg'
[0.228s] [34mcolcon.colcon_core.package_identification[0m [1;30mLevel 1[0m _identify(isaaclab_tasks/isaaclab_tasks/direct/franka_cabinet/agents/__pycache__) by extensions ['colcon_meta']
[0.228s] [34mcolcon.colcon_core.package_identification[0m [1;30mLevel 1[0m _identify(isaaclab_tasks/isaaclab_tasks/direct/franka_cabinet/agents/__pycache__) by extension 'colcon_meta'
[0.228s] [34mcolcon.colcon_core.package_identification[0m [1;30mLevel 1[0m _identify(isaaclab_tasks/isaaclab_tasks/direct/franka_cabinet/agents/__pycache__) by extensions ['ros']
[0.228s] [34mcolcon.colcon_core.package_identification[0m [1;30mLevel 1[0m _identify(isaaclab_tasks/isaaclab_tasks/direct/franka_cabinet/agents/__pycache__) by extension 'ros'
[0.228s] [34mcolcon.colcon_core.package_identification[0m [1;30mLevel 1[0m _identify(isaaclab_tasks/isaaclab_tasks/direct/franka_cabinet/agents/__pycache__) by extensions ['cmake', 'python']
[0.228s] [34mcolcon.colcon_core.package_identification[0m [1;30mLevel 1[0m _identify(isaaclab_tasks/isaaclab_tasks/direct/franka_cabinet/agents/__pycache__) by extension 'cmake'
[0.228s] [34mcolcon.colcon_core.package_identification[0m [1;30mLevel 1[0m _identify(isaaclab_tasks/isaaclab_tasks/direct/franka_cabinet/agents/__pycache__) by extension 'python'
[0.228s] [34mcolcon.colcon_core.package_identification[0m [1;30mLevel 1[0m _identify(isaaclab_tasks/isaaclab_tasks/direct/franka_cabinet/agents/__pycache__) by extensions ['python_setup_py']
[0.228s] [34mcolcon.colcon_core.package_identification[0m [1;30mLevel 1[0m _identify(isaaclab_tasks/isaaclab_tasks/direct/franka_cabinet/agents/__pycache__) by extension 'python_setup_py'
[0.229s] [34mcolcon.colcon_core.package_identification[0m [1;30mLevel 1[0m _identify(isaaclab_tasks/isaaclab_tasks/direct/humanoid) by extensions ['ignore', 'ignore_ament_install']
[0.229s] [34mcolcon.colcon_core.package_identification[0m [1;30mLevel 1[0m _identify(isaaclab_tasks/isaaclab_tasks/direct/humanoid) by extension 'ignore'
[0.229s] [34mcolcon.colcon_core.package_identification[0m [1;30mLevel 1[0m _identify(isaaclab_tasks/isaaclab_tasks/direct/humanoid) by extension 'ignore_ament_install'
[0.229s] [34mcolcon.colcon_core.package_identification[0m [1;30mLevel 1[0m _identify(isaaclab_tasks/isaaclab_tasks/direct/humanoid) by extensions ['colcon_pkg']
[0.229s] [34mcolcon.colcon_core.package_identification[0m [1;30mLevel 1[0m _identify(isaaclab_tasks/isaaclab_tasks/direct/humanoid) by extension 'colcon_pkg'
[0.229s] [34mcolcon.colcon_core.package_identification[0m [1;30mLevel 1[0m _identify(isaaclab_tasks/isaaclab_tasks/direct/humanoid) by extensions ['colcon_meta']
[0.229s] [34mcolcon.colcon_core.package_identification[0m [1;30mLevel 1[0m _identify(isaaclab_tasks/isaaclab_tasks/direct/humanoid) by extension 'colcon_meta'
[0.229s] [34mcolcon.colcon_core.package_identification[0m [1;30mLevel 1[0m _identify(isaaclab_tasks/isaaclab_tasks/direct/humanoid) by extensions ['ros']
[0.229s] [34mcolcon.colcon_core.package_identification[0m [1;30mLevel 1[0m _identify(isaaclab_tasks/isaaclab_tasks/direct/humanoid) by extension 'ros'
[0.229s] [34mcolcon.colcon_core.package_identification[0m [1;30mLevel 1[0m _identify(isaaclab_tasks/isaaclab_tasks/direct/humanoid) by extensions ['cmake', 'python']
[0.229s] [34mcolcon.colcon_core.package_identification[0m [1;30mLevel 1[0m _identify(isaaclab_tasks/isaaclab_tasks/direct/humanoid) by extension 'cmake'
[0.229s] [34mcolcon.colcon_core.package_identification[0m [1;30mLevel 1[0m _identify(isaaclab_tasks/isaaclab_tasks/direct/humanoid) by extension 'python'
[0.229s] [34mcolcon.colcon_core.package_identification[0m [1;30mLevel 1[0m _identify(isaaclab_tasks/isaaclab_tasks/direct/humanoid) by extensions ['python_setup_py']
[0.229s] [34mcolcon.colcon_core.package_identification[0m [1;30mLevel 1[0m _identify(isaaclab_tasks/isaaclab_tasks/direct/humanoid) by extension 'python_setup_py'
[0.229s] [34mcolcon.colcon_core.package_identification[0m [1;30mLevel 1[0m _identify(isaaclab_tasks/isaaclab_tasks/direct/humanoid/__pycache__) by extensions ['ignore', 'ignore_ament_install']
[0.229s] [34mcolcon.colcon_core.package_identification[0m [1;30mLevel 1[0m _identify(isaaclab_tasks/isaaclab_tasks/direct/humanoid/__pycache__) by extension 'ignore'
[0.229s] [34mcolcon.colcon_core.package_identification[0m [1;30mLevel 1[0m _identify(isaaclab_tasks/isaaclab_tasks/direct/humanoid/__pycache__) by extension 'ignore_ament_install'
[0.229s] [34mcolcon.colcon_core.package_identification[0m [1;30mLevel 1[0m _identify(isaaclab_tasks/isaaclab_tasks/direct/humanoid/__pycache__) by extensions ['colcon_pkg']
[0.229s] [34mcolcon.colcon_core.package_identification[0m [1;30mLevel 1[0m _identify(isaaclab_tasks/isaaclab_tasks/direct/humanoid/__pycache__) by extension 'colcon_pkg'
[0.229s] [34mcolcon.colcon_core.package_identification[0m [1;30mLevel 1[0m _identify(isaaclab_tasks/isaaclab_tasks/direct/humanoid/__pycache__) by extensions ['colcon_meta']
[0.229s] [34mcolcon.colcon_core.package_identification[0m [1;30mLevel 1[0m _identify(isaaclab_tasks/isaaclab_tasks/direct/humanoid/__pycache__) by extension 'colcon_meta'
[0.229s] [34mcolcon.colcon_core.package_identification[0m [1;30mLevel 1[0m _identify(isaaclab_tasks/isaaclab_tasks/direct/humanoid/__pycache__) by extensions ['ros']
[0.229s] [34mcolcon.colcon_core.package_identification[0m [1;30mLevel 1[0m _identify(isaaclab_tasks/isaaclab_tasks/direct/humanoid/__pycache__) by extension 'ros'
[0.229s] [34mcolcon.colcon_core.package_identification[0m [1;30mLevel 1[0m _identify(isaaclab_tasks/isaaclab_tasks/direct/humanoid/__pycache__) by extensions ['cmake', 'python']
[0.229s] [34mcolcon.colcon_core.package_identification[0m [1;30mLevel 1[0m _identify(isaaclab_tasks/isaaclab_tasks/direct/humanoid/__pycache__) by extension 'cmake'
[0.229s] [34mcolcon.colcon_core.package_identification[0m [1;30mLevel 1[0m _identify(isaaclab_tasks/isaaclab_tasks/direct/humanoid/__pycache__) by extension 'python'
[0.229s] [34mcolcon.colcon_core.package_identification[0m [1;30mLevel 1[0m _identify(isaaclab_tasks/isaaclab_tasks/direct/humanoid/__pycache__) by extensions ['python_setup_py']
[0.229s] [34mcolcon.colcon_core.package_identification[0m [1;30mLevel 1[0m _identify(isaaclab_tasks/isaaclab_tasks/direct/humanoid/__pycache__) by extension 'python_setup_py'
[0.229s] [34mcolcon.colcon_core.package_identification[0m [1;30mLevel 1[0m _identify(isaaclab_tasks/isaaclab_tasks/direct/humanoid/agents) by extensions ['ignore', 'ignore_ament_install']
[0.229s] [34mcolcon.colcon_core.package_identification[0m [1;30mLevel 1[0m _identify(isaaclab_tasks/isaaclab_tasks/direct/humanoid/agents) by extension 'ignore'
[0.229s] [34mcolcon.colcon_core.package_identification[0m [1;30mLevel 1[0m _identify(isaaclab_tasks/isaaclab_tasks/direct/humanoid/agents) by extension 'ignore_ament_install'
[0.229s] [34mcolcon.colcon_core.package_identification[0m [1;30mLevel 1[0m _identify(isaaclab_tasks/isaaclab_tasks/direct/humanoid/agents) by extensions ['colcon_pkg']
[0.229s] [34mcolcon.colcon_core.package_identification[0m [1;30mLevel 1[0m _identify(isaaclab_tasks/isaaclab_tasks/direct/humanoid/agents) by extension 'colcon_pkg'
[0.229s] [34mcolcon.colcon_core.package_identification[0m [1;30mLevel 1[0m _identify(isaaclab_tasks/isaaclab_tasks/direct/humanoid/agents) by extensions ['colcon_meta']
[0.229s] [34mcolcon.colcon_core.package_identification[0m [1;30mLevel 1[0m _identify(isaaclab_tasks/isaaclab_tasks/direct/humanoid/agents) by extension 'colcon_meta'
[0.229s] [34mcolcon.colcon_core.package_identification[0m [1;30mLevel 1[0m _identify(isaaclab_tasks/isaaclab_tasks/direct/humanoid/agents) by extensions ['ros']
[0.229s] [34mcolcon.colcon_core.package_identification[0m [1;30mLevel 1[0m _identify(isaaclab_tasks/isaaclab_tasks/direct/humanoid/agents) by extension 'ros'
[0.229s] [34mcolcon.colcon_core.package_identification[0m [1;30mLevel 1[0m _identify(isaaclab_tasks/isaaclab_tasks/direct/humanoid/agents) by extensions ['cmake', 'python']
[0.229s] [34mcolcon.colcon_core.package_identification[0m [1;30mLevel 1[0m _identify(isaaclab_tasks/isaaclab_tasks/direct/humanoid/agents) by extension 'cmake'
[0.229s] [34mcolcon.colcon_core.package_identification[0m [1;30mLevel 1[0m _identify(isaaclab_tasks/isaaclab_tasks/direct/humanoid/agents) by extension 'python'
[0.229s] [34mcolcon.colcon_core.package_identification[0m [1;30mLevel 1[0m _identify(isaaclab_tasks/isaaclab_tasks/direct/humanoid/agents) by extensions ['python_setup_py']
[0.229s] [34mcolcon.colcon_core.package_identification[0m [1;30mLevel 1[0m _identify(isaaclab_tasks/isaaclab_tasks/direct/humanoid/agents) by extension 'python_setup_py'
[0.229s] [34mcolcon.colcon_core.package_identification[0m [1;30mLevel 1[0m _identify(isaaclab_tasks/isaaclab_tasks/direct/humanoid/agents/__pycache__) by extensions ['ignore', 'ignore_ament_install']
[0.229s] [34mcolcon.colcon_core.package_identification[0m [1;30mLevel 1[0m _identify(isaaclab_tasks/isaaclab_tasks/direct/humanoid/agents/__pycache__) by extension 'ignore'
[0.229s] [34mcolcon.colcon_core.package_identification[0m [1;30mLevel 1[0m _identify(isaaclab_tasks/isaaclab_tasks/direct/humanoid/agents/__pycache__) by extension 'ignore_ament_install'
[0.229s] [34mcolcon.colcon_core.package_identification[0m [1;30mLevel 1[0m _identify(isaaclab_tasks/isaaclab_tasks/direct/humanoid/agents/__pycache__) by extensions ['colcon_pkg']
[0.229s] [34mcolcon.colcon_core.package_identification[0m [1;30mLevel 1[0m _identify(isaaclab_tasks/isaaclab_tasks/direct/humanoid/agents/__pycache__) by extension 'colcon_pkg'
[0.230s] [34mcolcon.colcon_core.package_identification[0m [1;30mLevel 1[0m _identify(isaaclab_tasks/isaaclab_tasks/direct/humanoid/agents/__pycache__) by extensions ['colcon_meta']
[0.230s] [34mcolcon.colcon_core.package_identification[0m [1;30mLevel 1[0m _identify(isaaclab_tasks/isaaclab_tasks/direct/humanoid/agents/__pycache__) by extension 'colcon_meta'
[0.230s] [34mcolcon.colcon_core.package_identification[0m [1;30mLevel 1[0m _identify(isaaclab_tasks/isaaclab_tasks/direct/humanoid/agents/__pycache__) by extensions ['ros']
[0.230s] [34mcolcon.colcon_core.package_identification[0m [1;30mLevel 1[0m _identify(isaaclab_tasks/isaaclab_tasks/direct/humanoid/agents/__pycache__) by extension 'ros'
[0.230s] [34mcolcon.colcon_core.package_identification[0m [1;30mLevel 1[0m _identify(isaaclab_tasks/isaaclab_tasks/direct/humanoid/agents/__pycache__) by extensions ['cmake', 'python']
[0.230s] [34mcolcon.colcon_core.package_identification[0m [1;30mLevel 1[0m _identify(isaaclab_tasks/isaaclab_tasks/direct/humanoid/agents/__pycache__) by extension 'cmake'
[0.230s] [34mcolcon.colcon_core.package_identification[0m [1;30mLevel 1[0m _identify(isaaclab_tasks/isaaclab_tasks/direct/humanoid/agents/__pycache__) by extension 'python'
[0.230s] [34mcolcon.colcon_core.package_identification[0m [1;30mLevel 1[0m _identify(isaaclab_tasks/isaaclab_tasks/direct/humanoid/agents/__pycache__) by extensions ['python_setup_py']
[0.230s] [34mcolcon.colcon_core.package_identification[0m [1;30mLevel 1[0m _identify(isaaclab_tasks/isaaclab_tasks/direct/humanoid/agents/__pycache__) by extension 'python_setup_py'
[0.230s] [34mcolcon.colcon_core.package_identification[0m [1;30mLevel 1[0m _identify(isaaclab_tasks/isaaclab_tasks/direct/humanoid_amp) by extensions ['ignore', 'ignore_ament_install']
[0.230s] [34mcolcon.colcon_core.package_identification[0m [1;30mLevel 1[0m _identify(isaaclab_tasks/isaaclab_tasks/direct/humanoid_amp) by extension 'ignore'
[0.230s] [34mcolcon.colcon_core.package_identification[0m [1;30mLevel 1[0m _identify(isaaclab_tasks/isaaclab_tasks/direct/humanoid_amp) by extension 'ignore_ament_install'
[0.230s] [34mcolcon.colcon_core.package_identification[0m [1;30mLevel 1[0m _identify(isaaclab_tasks/isaaclab_tasks/direct/humanoid_amp) by extensions ['colcon_pkg']
[0.230s] [34mcolcon.colcon_core.package_identification[0m [1;30mLevel 1[0m _identify(isaaclab_tasks/isaaclab_tasks/direct/humanoid_amp) by extension 'colcon_pkg'
[0.230s] [34mcolcon.colcon_core.package_identification[0m [1;30mLevel 1[0m _identify(isaaclab_tasks/isaaclab_tasks/direct/humanoid_amp) by extensions ['colcon_meta']
[0.230s] [34mcolcon.colcon_core.package_identification[0m [1;30mLevel 1[0m _identify(isaaclab_tasks/isaaclab_tasks/direct/humanoid_amp) by extension 'colcon_meta'
[0.230s] [34mcolcon.colcon_core.package_identification[0m [1;30mLevel 1[0m _identify(isaaclab_tasks/isaaclab_tasks/direct/humanoid_amp) by extensions ['ros']
[0.230s] [34mcolcon.colcon_core.package_identification[0m [1;30mLevel 1[0m _identify(isaaclab_tasks/isaaclab_tasks/direct/humanoid_amp) by extension 'ros'
[0.230s] [34mcolcon.colcon_core.package_identification[0m [1;30mLevel 1[0m _identify(isaaclab_tasks/isaaclab_tasks/direct/humanoid_amp) by extensions ['cmake', 'python']
[0.230s] [34mcolcon.colcon_core.package_identification[0m [1;30mLevel 1[0m _identify(isaaclab_tasks/isaaclab_tasks/direct/humanoid_amp) by extension 'cmake'
[0.230s] [34mcolcon.colcon_core.package_identification[0m [1;30mLevel 1[0m _identify(isaaclab_tasks/isaaclab_tasks/direct/humanoid_amp) by extension 'python'
[0.230s] [34mcolcon.colcon_core.package_identification[0m [1;30mLevel 1[0m _identify(isaaclab_tasks/isaaclab_tasks/direct/humanoid_amp) by extensions ['python_setup_py']
[0.230s] [34mcolcon.colcon_core.package_identification[0m [1;30mLevel 1[0m _identify(isaaclab_tasks/isaaclab_tasks/direct/humanoid_amp) by extension 'python_setup_py'
[0.230s] [34mcolcon.colcon_core.package_identification[0m [1;30mLevel 1[0m _identify(isaaclab_tasks/isaaclab_tasks/direct/humanoid_amp/__pycache__) by extensions ['ignore', 'ignore_ament_install']
[0.230s] [34mcolcon.colcon_core.package_identification[0m [1;30mLevel 1[0m _identify(isaaclab_tasks/isaaclab_tasks/direct/humanoid_amp/__pycache__) by extension 'ignore'
[0.230s] [34mcolcon.colcon_core.package_identification[0m [1;30mLevel 1[0m _identify(isaaclab_tasks/isaaclab_tasks/direct/humanoid_amp/__pycache__) by extension 'ignore_ament_install'
[0.230s] [34mcolcon.colcon_core.package_identification[0m [1;30mLevel 1[0m _identify(isaaclab_tasks/isaaclab_tasks/direct/humanoid_amp/__pycache__) by extensions ['colcon_pkg']
[0.230s] [34mcolcon.colcon_core.package_identification[0m [1;30mLevel 1[0m _identify(isaaclab_tasks/isaaclab_tasks/direct/humanoid_amp/__pycache__) by extension 'colcon_pkg'
[0.230s] [34mcolcon.colcon_core.package_identification[0m [1;30mLevel 1[0m _identify(isaaclab_tasks/isaaclab_tasks/direct/humanoid_amp/__pycache__) by extensions ['colcon_meta']
[0.230s] [34mcolcon.colcon_core.package_identification[0m [1;30mLevel 1[0m _identify(isaaclab_tasks/isaaclab_tasks/direct/humanoid_amp/__pycache__) by extension 'colcon_meta'
[0.230s] [34mcolcon.colcon_core.package_identification[0m [1;30mLevel 1[0m _identify(isaaclab_tasks/isaaclab_tasks/direct/humanoid_amp/__pycache__) by extensions ['ros']
[0.230s] [34mcolcon.colcon_core.package_identification[0m [1;30mLevel 1[0m _identify(isaaclab_tasks/isaaclab_tasks/direct/humanoid_amp/__pycache__) by extension 'ros'
[0.230s] [34mcolcon.colcon_core.package_identification[0m [1;30mLevel 1[0m _identify(isaaclab_tasks/isaaclab_tasks/direct/humanoid_amp/__pycache__) by extensions ['cmake', 'python']
[0.230s] [34mcolcon.colcon_core.package_identification[0m [1;30mLevel 1[0m _identify(isaaclab_tasks/isaaclab_tasks/direct/humanoid_amp/__pycache__) by extension 'cmake'
[0.230s] [34mcolcon.colcon_core.package_identification[0m [1;30mLevel 1[0m _identify(isaaclab_tasks/isaaclab_tasks/direct/humanoid_amp/__pycache__) by extension 'python'
[0.230s] [34mcolcon.colcon_core.package_identification[0m [1;30mLevel 1[0m _identify(isaaclab_tasks/isaaclab_tasks/direct/humanoid_amp/__pycache__) by extensions ['python_setup_py']
[0.230s] [34mcolcon.colcon_core.package_identification[0m [1;30mLevel 1[0m _identify(isaaclab_tasks/isaaclab_tasks/direct/humanoid_amp/__pycache__) by extension 'python_setup_py'
[0.230s] [34mcolcon.colcon_core.package_identification[0m [1;30mLevel 1[0m _identify(isaaclab_tasks/isaaclab_tasks/direct/humanoid_amp/agents) by extensions ['ignore', 'ignore_ament_install']
[0.230s] [34mcolcon.colcon_core.package_identification[0m [1;30mLevel 1[0m _identify(isaaclab_tasks/isaaclab_tasks/direct/humanoid_amp/agents) by extension 'ignore'
[0.230s] [34mcolcon.colcon_core.package_identification[0m [1;30mLevel 1[0m _identify(isaaclab_tasks/isaaclab_tasks/direct/humanoid_amp/agents) by extension 'ignore_ament_install'
[0.230s] [34mcolcon.colcon_core.package_identification[0m [1;30mLevel 1[0m _identify(isaaclab_tasks/isaaclab_tasks/direct/humanoid_amp/agents) by extensions ['colcon_pkg']
[0.230s] [34mcolcon.colcon_core.package_identification[0m [1;30mLevel 1[0m _identify(isaaclab_tasks/isaaclab_tasks/direct/humanoid_amp/agents) by extension 'colcon_pkg'
[0.230s] [34mcolcon.colcon_core.package_identification[0m [1;30mLevel 1[0m _identify(isaaclab_tasks/isaaclab_tasks/direct/humanoid_amp/agents) by extensions ['colcon_meta']
[0.230s] [34mcolcon.colcon_core.package_identification[0m [1;30mLevel 1[0m _identify(isaaclab_tasks/isaaclab_tasks/direct/humanoid_amp/agents) by extension 'colcon_meta'
[0.230s] [34mcolcon.colcon_core.package_identification[0m [1;30mLevel 1[0m _identify(isaaclab_tasks/isaaclab_tasks/direct/humanoid_amp/agents) by extensions ['ros']
[0.230s] [34mcolcon.colcon_core.package_identification[0m [1;30mLevel 1[0m _identify(isaaclab_tasks/isaaclab_tasks/direct/humanoid_amp/agents) by extension 'ros'
[0.230s] [34mcolcon.colcon_core.package_identification[0m [1;30mLevel 1[0m _identify(isaaclab_tasks/isaaclab_tasks/direct/humanoid_amp/agents) by extensions ['cmake', 'python']
[0.230s] [34mcolcon.colcon_core.package_identification[0m [1;30mLevel 1[0m _identify(isaaclab_tasks/isaaclab_tasks/direct/humanoid_amp/agents) by extension 'cmake'
[0.230s] [34mcolcon.colcon_core.package_identification[0m [1;30mLevel 1[0m _identify(isaaclab_tasks/isaaclab_tasks/direct/humanoid_amp/agents) by extension 'python'
[0.230s] [34mcolcon.colcon_core.package_identification[0m [1;30mLevel 1[0m _identify(isaaclab_tasks/isaaclab_tasks/direct/humanoid_amp/agents) by extensions ['python_setup_py']
[0.230s] [34mcolcon.colcon_core.package_identification[0m [1;30mLevel 1[0m _identify(isaaclab_tasks/isaaclab_tasks/direct/humanoid_amp/agents) by extension 'python_setup_py'
[0.231s] [34mcolcon.colcon_core.package_identification[0m [1;30mLevel 1[0m _identify(isaaclab_tasks/isaaclab_tasks/direct/humanoid_amp/agents/__pycache__) by extensions ['ignore', 'ignore_ament_install']
[0.231s] [34mcolcon.colcon_core.package_identification[0m [1;30mLevel 1[0m _identify(isaaclab_tasks/isaaclab_tasks/direct/humanoid_amp/agents/__pycache__) by extension 'ignore'
[0.231s] [34mcolcon.colcon_core.package_identification[0m [1;30mLevel 1[0m _identify(isaaclab_tasks/isaaclab_tasks/direct/humanoid_amp/agents/__pycache__) by extension 'ignore_ament_install'
[0.231s] [34mcolcon.colcon_core.package_identification[0m [1;30mLevel 1[0m _identify(isaaclab_tasks/isaaclab_tasks/direct/humanoid_amp/agents/__pycache__) by extensions ['colcon_pkg']
[0.231s] [34mcolcon.colcon_core.package_identification[0m [1;30mLevel 1[0m _identify(isaaclab_tasks/isaaclab_tasks/direct/humanoid_amp/agents/__pycache__) by extension 'colcon_pkg'
[0.231s] [34mcolcon.colcon_core.package_identification[0m [1;30mLevel 1[0m _identify(isaaclab_tasks/isaaclab_tasks/direct/humanoid_amp/agents/__pycache__) by extensions ['colcon_meta']
[0.231s] [34mcolcon.colcon_core.package_identification[0m [1;30mLevel 1[0m _identify(isaaclab_tasks/isaaclab_tasks/direct/humanoid_amp/agents/__pycache__) by extension 'colcon_meta'
[0.231s] [34mcolcon.colcon_core.package_identification[0m [1;30mLevel 1[0m _identify(isaaclab_tasks/isaaclab_tasks/direct/humanoid_amp/agents/__pycache__) by extensions ['ros']
[0.231s] [34mcolcon.colcon_core.package_identification[0m [1;30mLevel 1[0m _identify(isaaclab_tasks/isaaclab_tasks/direct/humanoid_amp/agents/__pycache__) by extension 'ros'
[0.231s] [34mcolcon.colcon_core.package_identification[0m [1;30mLevel 1[0m _identify(isaaclab_tasks/isaaclab_tasks/direct/humanoid_amp/agents/__pycache__) by extensions ['cmake', 'python']
[0.231s] [34mcolcon.colcon_core.package_identification[0m [1;30mLevel 1[0m _identify(isaaclab_tasks/isaaclab_tasks/direct/humanoid_amp/agents/__pycache__) by extension 'cmake'
[0.231s] [34mcolcon.colcon_core.package_identification[0m [1;30mLevel 1[0m _identify(isaaclab_tasks/isaaclab_tasks/direct/humanoid_amp/agents/__pycache__) by extension 'python'
[0.231s] [34mcolcon.colcon_core.package_identification[0m [1;30mLevel 1[0m _identify(isaaclab_tasks/isaaclab_tasks/direct/humanoid_amp/agents/__pycache__) by extensions ['python_setup_py']
[0.231s] [34mcolcon.colcon_core.package_identification[0m [1;30mLevel 1[0m _identify(isaaclab_tasks/isaaclab_tasks/direct/humanoid_amp/agents/__pycache__) by extension 'python_setup_py'
[0.231s] [34mcolcon.colcon_core.package_identification[0m [1;30mLevel 1[0m _identify(isaaclab_tasks/isaaclab_tasks/direct/humanoid_amp/motions) by extensions ['ignore', 'ignore_ament_install']
[0.231s] [34mcolcon.colcon_core.package_identification[0m [1;30mLevel 1[0m _identify(isaaclab_tasks/isaaclab_tasks/direct/humanoid_amp/motions) by extension 'ignore'
[0.231s] [34mcolcon.colcon_core.package_identification[0m [1;30mLevel 1[0m _identify(isaaclab_tasks/isaaclab_tasks/direct/humanoid_amp/motions) by extension 'ignore_ament_install'
[0.231s] [34mcolcon.colcon_core.package_identification[0m [1;30mLevel 1[0m _identify(isaaclab_tasks/isaaclab_tasks/direct/humanoid_amp/motions) by extensions ['colcon_pkg']
[0.231s] [34mcolcon.colcon_core.package_identification[0m [1;30mLevel 1[0m _identify(isaaclab_tasks/isaaclab_tasks/direct/humanoid_amp/motions) by extension 'colcon_pkg'
[0.231s] [34mcolcon.colcon_core.package_identification[0m [1;30mLevel 1[0m _identify(isaaclab_tasks/isaaclab_tasks/direct/humanoid_amp/motions) by extensions ['colcon_meta']
[0.231s] [34mcolcon.colcon_core.package_identification[0m [1;30mLevel 1[0m _identify(isaaclab_tasks/isaaclab_tasks/direct/humanoid_amp/motions) by extension 'colcon_meta'
[0.231s] [34mcolcon.colcon_core.package_identification[0m [1;30mLevel 1[0m _identify(isaaclab_tasks/isaaclab_tasks/direct/humanoid_amp/motions) by extensions ['ros']
[0.231s] [34mcolcon.colcon_core.package_identification[0m [1;30mLevel 1[0m _identify(isaaclab_tasks/isaaclab_tasks/direct/humanoid_amp/motions) by extension 'ros'
[0.231s] [34mcolcon.colcon_core.package_identification[0m [1;30mLevel 1[0m _identify(isaaclab_tasks/isaaclab_tasks/direct/humanoid_amp/motions) by extensions ['cmake', 'python']
[0.231s] [34mcolcon.colcon_core.package_identification[0m [1;30mLevel 1[0m _identify(isaaclab_tasks/isaaclab_tasks/direct/humanoid_amp/motions) by extension 'cmake'
[0.231s] [34mcolcon.colcon_core.package_identification[0m [1;30mLevel 1[0m _identify(isaaclab_tasks/isaaclab_tasks/direct/humanoid_amp/motions) by extension 'python'
[0.231s] [34mcolcon.colcon_core.package_identification[0m [1;30mLevel 1[0m _identify(isaaclab_tasks/isaaclab_tasks/direct/humanoid_amp/motions) by extensions ['python_setup_py']
[0.231s] [34mcolcon.colcon_core.package_identification[0m [1;30mLevel 1[0m _identify(isaaclab_tasks/isaaclab_tasks/direct/humanoid_amp/motions) by extension 'python_setup_py'
[0.231s] [34mcolcon.colcon_core.package_identification[0m [1;30mLevel 1[0m _identify(isaaclab_tasks/isaaclab_tasks/direct/humanoid_amp/motions/__pycache__) by extensions ['ignore', 'ignore_ament_install']
[0.231s] [34mcolcon.colcon_core.package_identification[0m [1;30mLevel 1[0m _identify(isaaclab_tasks/isaaclab_tasks/direct/humanoid_amp/motions/__pycache__) by extension 'ignore'
[0.231s] [34mcolcon.colcon_core.package_identification[0m [1;30mLevel 1[0m _identify(isaaclab_tasks/isaaclab_tasks/direct/humanoid_amp/motions/__pycache__) by extension 'ignore_ament_install'
[0.231s] [34mcolcon.colcon_core.package_identification[0m [1;30mLevel 1[0m _identify(isaaclab_tasks/isaaclab_tasks/direct/humanoid_amp/motions/__pycache__) by extensions ['colcon_pkg']
[0.231s] [34mcolcon.colcon_core.package_identification[0m [1;30mLevel 1[0m _identify(isaaclab_tasks/isaaclab_tasks/direct/humanoid_amp/motions/__pycache__) by extension 'colcon_pkg'
[0.231s] [34mcolcon.colcon_core.package_identification[0m [1;30mLevel 1[0m _identify(isaaclab_tasks/isaaclab_tasks/direct/humanoid_amp/motions/__pycache__) by extensions ['colcon_meta']
[0.231s] [34mcolcon.colcon_core.package_identification[0m [1;30mLevel 1[0m _identify(isaaclab_tasks/isaaclab_tasks/direct/humanoid_amp/motions/__pycache__) by extension 'colcon_meta'
[0.231s] [34mcolcon.colcon_core.package_identification[0m [1;30mLevel 1[0m _identify(isaaclab_tasks/isaaclab_tasks/direct/humanoid_amp/motions/__pycache__) by extensions ['ros']
[0.231s] [34mcolcon.colcon_core.package_identification[0m [1;30mLevel 1[0m _identify(isaaclab_tasks/isaaclab_tasks/direct/humanoid_amp/motions/__pycache__) by extension 'ros'
[0.231s] [34mcolcon.colcon_core.package_identification[0m [1;30mLevel 1[0m _identify(isaaclab_tasks/isaaclab_tasks/direct/humanoid_amp/motions/__pycache__) by extensions ['cmake', 'python']
[0.231s] [34mcolcon.colcon_core.package_identification[0m [1;30mLevel 1[0m _identify(isaaclab_tasks/isaaclab_tasks/direct/humanoid_amp/motions/__pycache__) by extension 'cmake'
[0.231s] [34mcolcon.colcon_core.package_identification[0m [1;30mLevel 1[0m _identify(isaaclab_tasks/isaaclab_tasks/direct/humanoid_amp/motions/__pycache__) by extension 'python'
[0.231s] [34mcolcon.colcon_core.package_identification[0m [1;30mLevel 1[0m _identify(isaaclab_tasks/isaaclab_tasks/direct/humanoid_amp/motions/__pycache__) by extensions ['python_setup_py']
[0.231s] [34mcolcon.colcon_core.package_identification[0m [1;30mLevel 1[0m _identify(isaaclab_tasks/isaaclab_tasks/direct/humanoid_amp/motions/__pycache__) by extension 'python_setup_py'
[0.231s] [34mcolcon.colcon_core.package_identification[0m [1;30mLevel 1[0m _identify(isaaclab_tasks/isaaclab_tasks/direct/inhand_manipulation) by extensions ['ignore', 'ignore_ament_install']
[0.231s] [34mcolcon.colcon_core.package_identification[0m [1;30mLevel 1[0m _identify(isaaclab_tasks/isaaclab_tasks/direct/inhand_manipulation) by extension 'ignore'
[0.231s] [34mcolcon.colcon_core.package_identification[0m [1;30mLevel 1[0m _identify(isaaclab_tasks/isaaclab_tasks/direct/inhand_manipulation) by extension 'ignore_ament_install'
[0.231s] [34mcolcon.colcon_core.package_identification[0m [1;30mLevel 1[0m _identify(isaaclab_tasks/isaaclab_tasks/direct/inhand_manipulation) by extensions ['colcon_pkg']
[0.231s] [34mcolcon.colcon_core.package_identification[0m [1;30mLevel 1[0m _identify(isaaclab_tasks/isaaclab_tasks/direct/inhand_manipulation) by extension 'colcon_pkg'
[0.231s] [34mcolcon.colcon_core.package_identification[0m [1;30mLevel 1[0m _identify(isaaclab_tasks/isaaclab_tasks/direct/inhand_manipulation) by extensions ['colcon_meta']
[0.231s] [34mcolcon.colcon_core.package_identification[0m [1;30mLevel 1[0m _identify(isaaclab_tasks/isaaclab_tasks/direct/inhand_manipulation) by extension 'colcon_meta'
[0.232s] [34mcolcon.colcon_core.package_identification[0m [1;30mLevel 1[0m _identify(isaaclab_tasks/isaaclab_tasks/direct/inhand_manipulation) by extensions ['ros']
[0.232s] [34mcolcon.colcon_core.package_identification[0m [1;30mLevel 1[0m _identify(isaaclab_tasks/isaaclab_tasks/direct/inhand_manipulation) by extension 'ros'
[0.232s] [34mcolcon.colcon_core.package_identification[0m [1;30mLevel 1[0m _identify(isaaclab_tasks/isaaclab_tasks/direct/inhand_manipulation) by extensions ['cmake', 'python']
[0.232s] [34mcolcon.colcon_core.package_identification[0m [1;30mLevel 1[0m _identify(isaaclab_tasks/isaaclab_tasks/direct/inhand_manipulation) by extension 'cmake'
[0.232s] [34mcolcon.colcon_core.package_identification[0m [1;30mLevel 1[0m _identify(isaaclab_tasks/isaaclab_tasks/direct/inhand_manipulation) by extension 'python'
[0.232s] [34mcolcon.colcon_core.package_identification[0m [1;30mLevel 1[0m _identify(isaaclab_tasks/isaaclab_tasks/direct/inhand_manipulation) by extensions ['python_setup_py']
[0.232s] [34mcolcon.colcon_core.package_identification[0m [1;30mLevel 1[0m _identify(isaaclab_tasks/isaaclab_tasks/direct/inhand_manipulation) by extension 'python_setup_py'
[0.232s] [34mcolcon.colcon_core.package_identification[0m [1;30mLevel 1[0m _identify(isaaclab_tasks/isaaclab_tasks/direct/inhand_manipulation/__pycache__) by extensions ['ignore', 'ignore_ament_install']
[0.232s] [34mcolcon.colcon_core.package_identification[0m [1;30mLevel 1[0m _identify(isaaclab_tasks/isaaclab_tasks/direct/inhand_manipulation/__pycache__) by extension 'ignore'
[0.232s] [34mcolcon.colcon_core.package_identification[0m [1;30mLevel 1[0m _identify(isaaclab_tasks/isaaclab_tasks/direct/inhand_manipulation/__pycache__) by extension 'ignore_ament_install'
[0.232s] [34mcolcon.colcon_core.package_identification[0m [1;30mLevel 1[0m _identify(isaaclab_tasks/isaaclab_tasks/direct/inhand_manipulation/__pycache__) by extensions ['colcon_pkg']
[0.232s] [34mcolcon.colcon_core.package_identification[0m [1;30mLevel 1[0m _identify(isaaclab_tasks/isaaclab_tasks/direct/inhand_manipulation/__pycache__) by extension 'colcon_pkg'
[0.232s] [34mcolcon.colcon_core.package_identification[0m [1;30mLevel 1[0m _identify(isaaclab_tasks/isaaclab_tasks/direct/inhand_manipulation/__pycache__) by extensions ['colcon_meta']
[0.232s] [34mcolcon.colcon_core.package_identification[0m [1;30mLevel 1[0m _identify(isaaclab_tasks/isaaclab_tasks/direct/inhand_manipulation/__pycache__) by extension 'colcon_meta'
[0.232s] [34mcolcon.colcon_core.package_identification[0m [1;30mLevel 1[0m _identify(isaaclab_tasks/isaaclab_tasks/direct/inhand_manipulation/__pycache__) by extensions ['ros']
[0.232s] [34mcolcon.colcon_core.package_identification[0m [1;30mLevel 1[0m _identify(isaaclab_tasks/isaaclab_tasks/direct/inhand_manipulation/__pycache__) by extension 'ros'
[0.232s] [34mcolcon.colcon_core.package_identification[0m [1;30mLevel 1[0m _identify(isaaclab_tasks/isaaclab_tasks/direct/inhand_manipulation/__pycache__) by extensions ['cmake', 'python']
[0.232s] [34mcolcon.colcon_core.package_identification[0m [1;30mLevel 1[0m _identify(isaaclab_tasks/isaaclab_tasks/direct/inhand_manipulation/__pycache__) by extension 'cmake'
[0.232s] [34mcolcon.colcon_core.package_identification[0m [1;30mLevel 1[0m _identify(isaaclab_tasks/isaaclab_tasks/direct/inhand_manipulation/__pycache__) by extension 'python'
[0.232s] [34mcolcon.colcon_core.package_identification[0m [1;30mLevel 1[0m _identify(isaaclab_tasks/isaaclab_tasks/direct/inhand_manipulation/__pycache__) by extensions ['python_setup_py']
[0.232s] [34mcolcon.colcon_core.package_identification[0m [1;30mLevel 1[0m _identify(isaaclab_tasks/isaaclab_tasks/direct/inhand_manipulation/__pycache__) by extension 'python_setup_py'
[0.232s] [34mcolcon.colcon_core.package_identification[0m [1;30mLevel 1[0m _identify(isaaclab_tasks/isaaclab_tasks/direct/locomotion) by extensions ['ignore', 'ignore_ament_install']
[0.232s] [34mcolcon.colcon_core.package_identification[0m [1;30mLevel 1[0m _identify(isaaclab_tasks/isaaclab_tasks/direct/locomotion) by extension 'ignore'
[0.232s] [34mcolcon.colcon_core.package_identification[0m [1;30mLevel 1[0m _identify(isaaclab_tasks/isaaclab_tasks/direct/locomotion) by extension 'ignore_ament_install'
[0.232s] [34mcolcon.colcon_core.package_identification[0m [1;30mLevel 1[0m _identify(isaaclab_tasks/isaaclab_tasks/direct/locomotion) by extensions ['colcon_pkg']
[0.232s] [34mcolcon.colcon_core.package_identification[0m [1;30mLevel 1[0m _identify(isaaclab_tasks/isaaclab_tasks/direct/locomotion) by extension 'colcon_pkg'
[0.232s] [34mcolcon.colcon_core.package_identification[0m [1;30mLevel 1[0m _identify(isaaclab_tasks/isaaclab_tasks/direct/locomotion) by extensions ['colcon_meta']
[0.232s] [34mcolcon.colcon_core.package_identification[0m [1;30mLevel 1[0m _identify(isaaclab_tasks/isaaclab_tasks/direct/locomotion) by extension 'colcon_meta'
[0.232s] [34mcolcon.colcon_core.package_identification[0m [1;30mLevel 1[0m _identify(isaaclab_tasks/isaaclab_tasks/direct/locomotion) by extensions ['ros']
[0.232s] [34mcolcon.colcon_core.package_identification[0m [1;30mLevel 1[0m _identify(isaaclab_tasks/isaaclab_tasks/direct/locomotion) by extension 'ros'
[0.232s] [34mcolcon.colcon_core.package_identification[0m [1;30mLevel 1[0m _identify(isaaclab_tasks/isaaclab_tasks/direct/locomotion) by extensions ['cmake', 'python']
[0.232s] [34mcolcon.colcon_core.package_identification[0m [1;30mLevel 1[0m _identify(isaaclab_tasks/isaaclab_tasks/direct/locomotion) by extension 'cmake'
[0.232s] [34mcolcon.colcon_core.package_identification[0m [1;30mLevel 1[0m _identify(isaaclab_tasks/isaaclab_tasks/direct/locomotion) by extension 'python'
[0.232s] [34mcolcon.colcon_core.package_identification[0m [1;30mLevel 1[0m _identify(isaaclab_tasks/isaaclab_tasks/direct/locomotion) by extensions ['python_setup_py']
[0.232s] [34mcolcon.colcon_core.package_identification[0m [1;30mLevel 1[0m _identify(isaaclab_tasks/isaaclab_tasks/direct/locomotion) by extension 'python_setup_py'
[0.232s] [34mcolcon.colcon_core.package_identification[0m [1;30mLevel 1[0m _identify(isaaclab_tasks/isaaclab_tasks/direct/locomotion/__pycache__) by extensions ['ignore', 'ignore_ament_install']
[0.232s] [34mcolcon.colcon_core.package_identification[0m [1;30mLevel 1[0m _identify(isaaclab_tasks/isaaclab_tasks/direct/locomotion/__pycache__) by extension 'ignore'
[0.232s] [34mcolcon.colcon_core.package_identification[0m [1;30mLevel 1[0m _identify(isaaclab_tasks/isaaclab_tasks/direct/locomotion/__pycache__) by extension 'ignore_ament_install'
[0.232s] [34mcolcon.colcon_core.package_identification[0m [1;30mLevel 1[0m _identify(isaaclab_tasks/isaaclab_tasks/direct/locomotion/__pycache__) by extensions ['colcon_pkg']
[0.232s] [34mcolcon.colcon_core.package_identification[0m [1;30mLevel 1[0m _identify(isaaclab_tasks/isaaclab_tasks/direct/locomotion/__pycache__) by extension 'colcon_pkg'
[0.232s] [34mcolcon.colcon_core.package_identification[0m [1;30mLevel 1[0m _identify(isaaclab_tasks/isaaclab_tasks/direct/locomotion/__pycache__) by extensions ['colcon_meta']
[0.232s] [34mcolcon.colcon_core.package_identification[0m [1;30mLevel 1[0m _identify(isaaclab_tasks/isaaclab_tasks/direct/locomotion/__pycache__) by extension 'colcon_meta'
[0.232s] [34mcolcon.colcon_core.package_identification[0m [1;30mLevel 1[0m _identify(isaaclab_tasks/isaaclab_tasks/direct/locomotion/__pycache__) by extensions ['ros']
[0.232s] [34mcolcon.colcon_core.package_identification[0m [1;30mLevel 1[0m _identify(isaaclab_tasks/isaaclab_tasks/direct/locomotion/__pycache__) by extension 'ros'
[0.232s] [34mcolcon.colcon_core.package_identification[0m [1;30mLevel 1[0m _identify(isaaclab_tasks/isaaclab_tasks/direct/locomotion/__pycache__) by extensions ['cmake', 'python']
[0.232s] [34mcolcon.colcon_core.package_identification[0m [1;30mLevel 1[0m _identify(isaaclab_tasks/isaaclab_tasks/direct/locomotion/__pycache__) by extension 'cmake'
[0.232s] [34mcolcon.colcon_core.package_identification[0m [1;30mLevel 1[0m _identify(isaaclab_tasks/isaaclab_tasks/direct/locomotion/__pycache__) by extension 'python'
[0.232s] [34mcolcon.colcon_core.package_identification[0m [1;30mLevel 1[0m _identify(isaaclab_tasks/isaaclab_tasks/direct/locomotion/__pycache__) by extensions ['python_setup_py']
[0.232s] [34mcolcon.colcon_core.package_identification[0m [1;30mLevel 1[0m _identify(isaaclab_tasks/isaaclab_tasks/direct/locomotion/__pycache__) by extension 'python_setup_py'
[0.232s] [34mcolcon.colcon_core.package_identification[0m [1;30mLevel 1[0m _identify(isaaclab_tasks/isaaclab_tasks/direct/quadcopter) by extensions ['ignore', 'ignore_ament_install']
[0.232s] [34mcolcon.colcon_core.package_identification[0m [1;30mLevel 1[0m _identify(isaaclab_tasks/isaaclab_tasks/direct/quadcopter) by extension 'ignore'
[0.233s] [34mcolcon.colcon_core.package_identification[0m [1;30mLevel 1[0m _identify(isaaclab_tasks/isaaclab_tasks/direct/quadcopter) by extension 'ignore_ament_install'
[0.233s] [34mcolcon.colcon_core.package_identification[0m [1;30mLevel 1[0m _identify(isaaclab_tasks/isaaclab_tasks/direct/quadcopter) by extensions ['colcon_pkg']
[0.233s] [34mcolcon.colcon_core.package_identification[0m [1;30mLevel 1[0m _identify(isaaclab_tasks/isaaclab_tasks/direct/quadcopter) by extension 'colcon_pkg'
[0.233s] [34mcolcon.colcon_core.package_identification[0m [1;30mLevel 1[0m _identify(isaaclab_tasks/isaaclab_tasks/direct/quadcopter) by extensions ['colcon_meta']
[0.233s] [34mcolcon.colcon_core.package_identification[0m [1;30mLevel 1[0m _identify(isaaclab_tasks/isaaclab_tasks/direct/quadcopter) by extension 'colcon_meta'
[0.233s] [34mcolcon.colcon_core.package_identification[0m [1;30mLevel 1[0m _identify(isaaclab_tasks/isaaclab_tasks/direct/quadcopter) by extensions ['ros']
[0.233s] [34mcolcon.colcon_core.package_identification[0m [1;30mLevel 1[0m _identify(isaaclab_tasks/isaaclab_tasks/direct/quadcopter) by extension 'ros'
[0.233s] [34mcolcon.colcon_core.package_identification[0m [1;30mLevel 1[0m _identify(isaaclab_tasks/isaaclab_tasks/direct/quadcopter) by extensions ['cmake', 'python']
[0.233s] [34mcolcon.colcon_core.package_identification[0m [1;30mLevel 1[0m _identify(isaaclab_tasks/isaaclab_tasks/direct/quadcopter) by extension 'cmake'
[0.233s] [34mcolcon.colcon_core.package_identification[0m [1;30mLevel 1[0m _identify(isaaclab_tasks/isaaclab_tasks/direct/quadcopter) by extension 'python'
[0.233s] [34mcolcon.colcon_core.package_identification[0m [1;30mLevel 1[0m _identify(isaaclab_tasks/isaaclab_tasks/direct/quadcopter) by extensions ['python_setup_py']
[0.233s] [34mcolcon.colcon_core.package_identification[0m [1;30mLevel 1[0m _identify(isaaclab_tasks/isaaclab_tasks/direct/quadcopter) by extension 'python_setup_py'
[0.233s] [34mcolcon.colcon_core.package_identification[0m [1;30mLevel 1[0m _identify(isaaclab_tasks/isaaclab_tasks/direct/quadcopter/__pycache__) by extensions ['ignore', 'ignore_ament_install']
[0.233s] [34mcolcon.colcon_core.package_identification[0m [1;30mLevel 1[0m _identify(isaaclab_tasks/isaaclab_tasks/direct/quadcopter/__pycache__) by extension 'ignore'
[0.233s] [34mcolcon.colcon_core.package_identification[0m [1;30mLevel 1[0m _identify(isaaclab_tasks/isaaclab_tasks/direct/quadcopter/__pycache__) by extension 'ignore_ament_install'
[0.233s] [34mcolcon.colcon_core.package_identification[0m [1;30mLevel 1[0m _identify(isaaclab_tasks/isaaclab_tasks/direct/quadcopter/__pycache__) by extensions ['colcon_pkg']
[0.233s] [34mcolcon.colcon_core.package_identification[0m [1;30mLevel 1[0m _identify(isaaclab_tasks/isaaclab_tasks/direct/quadcopter/__pycache__) by extension 'colcon_pkg'
[0.233s] [34mcolcon.colcon_core.package_identification[0m [1;30mLevel 1[0m _identify(isaaclab_tasks/isaaclab_tasks/direct/quadcopter/__pycache__) by extensions ['colcon_meta']
[0.233s] [34mcolcon.colcon_core.package_identification[0m [1;30mLevel 1[0m _identify(isaaclab_tasks/isaaclab_tasks/direct/quadcopter/__pycache__) by extension 'colcon_meta'
[0.233s] [34mcolcon.colcon_core.package_identification[0m [1;30mLevel 1[0m _identify(isaaclab_tasks/isaaclab_tasks/direct/quadcopter/__pycache__) by extensions ['ros']
[0.233s] [34mcolcon.colcon_core.package_identification[0m [1;30mLevel 1[0m _identify(isaaclab_tasks/isaaclab_tasks/direct/quadcopter/__pycache__) by extension 'ros'
[0.233s] [34mcolcon.colcon_core.package_identification[0m [1;30mLevel 1[0m _identify(isaaclab_tasks/isaaclab_tasks/direct/quadcopter/__pycache__) by extensions ['cmake', 'python']
[0.233s] [34mcolcon.colcon_core.package_identification[0m [1;30mLevel 1[0m _identify(isaaclab_tasks/isaaclab_tasks/direct/quadcopter/__pycache__) by extension 'cmake'
[0.233s] [34mcolcon.colcon_core.package_identification[0m [1;30mLevel 1[0m _identify(isaaclab_tasks/isaaclab_tasks/direct/quadcopter/__pycache__) by extension 'python'
[0.233s] [34mcolcon.colcon_core.package_identification[0m [1;30mLevel 1[0m _identify(isaaclab_tasks/isaaclab_tasks/direct/quadcopter/__pycache__) by extensions ['python_setup_py']
[0.233s] [34mcolcon.colcon_core.package_identification[0m [1;30mLevel 1[0m _identify(isaaclab_tasks/isaaclab_tasks/direct/quadcopter/__pycache__) by extension 'python_setup_py'
[0.233s] [34mcolcon.colcon_core.package_identification[0m [1;30mLevel 1[0m _identify(isaaclab_tasks/isaaclab_tasks/direct/quadcopter/agents) by extensions ['ignore', 'ignore_ament_install']
[0.233s] [34mcolcon.colcon_core.package_identification[0m [1;30mLevel 1[0m _identify(isaaclab_tasks/isaaclab_tasks/direct/quadcopter/agents) by extension 'ignore'
[0.233s] [34mcolcon.colcon_core.package_identification[0m [1;30mLevel 1[0m _identify(isaaclab_tasks/isaaclab_tasks/direct/quadcopter/agents) by extension 'ignore_ament_install'
[0.233s] [34mcolcon.colcon_core.package_identification[0m [1;30mLevel 1[0m _identify(isaaclab_tasks/isaaclab_tasks/direct/quadcopter/agents) by extensions ['colcon_pkg']
[0.233s] [34mcolcon.colcon_core.package_identification[0m [1;30mLevel 1[0m _identify(isaaclab_tasks/isaaclab_tasks/direct/quadcopter/agents) by extension 'colcon_pkg'
[0.233s] [34mcolcon.colcon_core.package_identification[0m [1;30mLevel 1[0m _identify(isaaclab_tasks/isaaclab_tasks/direct/quadcopter/agents) by extensions ['colcon_meta']
[0.233s] [34mcolcon.colcon_core.package_identification[0m [1;30mLevel 1[0m _identify(isaaclab_tasks/isaaclab_tasks/direct/quadcopter/agents) by extension 'colcon_meta'
[0.233s] [34mcolcon.colcon_core.package_identification[0m [1;30mLevel 1[0m _identify(isaaclab_tasks/isaaclab_tasks/direct/quadcopter/agents) by extensions ['ros']
[0.233s] [34mcolcon.colcon_core.package_identification[0m [1;30mLevel 1[0m _identify(isaaclab_tasks/isaaclab_tasks/direct/quadcopter/agents) by extension 'ros'
[0.233s] [34mcolcon.colcon_core.package_identification[0m [1;30mLevel 1[0m _identify(isaaclab_tasks/isaaclab_tasks/direct/quadcopter/agents) by extensions ['cmake', 'python']
[0.233s] [34mcolcon.colcon_core.package_identification[0m [1;30mLevel 1[0m _identify(isaaclab_tasks/isaaclab_tasks/direct/quadcopter/agents) by extension 'cmake'
[0.233s] [34mcolcon.colcon_core.package_identification[0m [1;30mLevel 1[0m _identify(isaaclab_tasks/isaaclab_tasks/direct/quadcopter/agents) by extension 'python'
[0.233s] [34mcolcon.colcon_core.package_identification[0m [1;30mLevel 1[0m _identify(isaaclab_tasks/isaaclab_tasks/direct/quadcopter/agents) by extensions ['python_setup_py']
[0.233s] [34mcolcon.colcon_core.package_identification[0m [1;30mLevel 1[0m _identify(isaaclab_tasks/isaaclab_tasks/direct/quadcopter/agents) by extension 'python_setup_py'
[0.233s] [34mcolcon.colcon_core.package_identification[0m [1;30mLevel 1[0m _identify(isaaclab_tasks/isaaclab_tasks/direct/quadcopter/agents/__pycache__) by extensions ['ignore', 'ignore_ament_install']
[0.233s] [34mcolcon.colcon_core.package_identification[0m [1;30mLevel 1[0m _identify(isaaclab_tasks/isaaclab_tasks/direct/quadcopter/agents/__pycache__) by extension 'ignore'
[0.233s] [34mcolcon.colcon_core.package_identification[0m [1;30mLevel 1[0m _identify(isaaclab_tasks/isaaclab_tasks/direct/quadcopter/agents/__pycache__) by extension 'ignore_ament_install'
[0.233s] [34mcolcon.colcon_core.package_identification[0m [1;30mLevel 1[0m _identify(isaaclab_tasks/isaaclab_tasks/direct/quadcopter/agents/__pycache__) by extensions ['colcon_pkg']
[0.233s] [34mcolcon.colcon_core.package_identification[0m [1;30mLevel 1[0m _identify(isaaclab_tasks/isaaclab_tasks/direct/quadcopter/agents/__pycache__) by extension 'colcon_pkg'
[0.233s] [34mcolcon.colcon_core.package_identification[0m [1;30mLevel 1[0m _identify(isaaclab_tasks/isaaclab_tasks/direct/quadcopter/agents/__pycache__) by extensions ['colcon_meta']
[0.233s] [34mcolcon.colcon_core.package_identification[0m [1;30mLevel 1[0m _identify(isaaclab_tasks/isaaclab_tasks/direct/quadcopter/agents/__pycache__) by extension 'colcon_meta'
[0.233s] [34mcolcon.colcon_core.package_identification[0m [1;30mLevel 1[0m _identify(isaaclab_tasks/isaaclab_tasks/direct/quadcopter/agents/__pycache__) by extensions ['ros']
[0.233s] [34mcolcon.colcon_core.package_identification[0m [1;30mLevel 1[0m _identify(isaaclab_tasks/isaaclab_tasks/direct/quadcopter/agents/__pycache__) by extension 'ros'
[0.233s] [34mcolcon.colcon_core.package_identification[0m [1;30mLevel 1[0m _identify(isaaclab_tasks/isaaclab_tasks/direct/quadcopter/agents/__pycache__) by extensions ['cmake', 'python']
[0.233s] [34mcolcon.colcon_core.package_identification[0m [1;30mLevel 1[0m _identify(isaaclab_tasks/isaaclab_tasks/direct/quadcopter/agents/__pycache__) by extension 'cmake'
[0.233s] [34mcolcon.colcon_core.package_identification[0m [1;30mLevel 1[0m _identify(isaaclab_tasks/isaaclab_tasks/direct/quadcopter/agents/__pycache__) by extension 'python'
[0.233s] [34mcolcon.colcon_core.package_identification[0m [1;30mLevel 1[0m _identify(isaaclab_tasks/isaaclab_tasks/direct/quadcopter/agents/__pycache__) by extensions ['python_setup_py']
[0.233s] [34mcolcon.colcon_core.package_identification[0m [1;30mLevel 1[0m _identify(isaaclab_tasks/isaaclab_tasks/direct/quadcopter/agents/__pycache__) by extension 'python_setup_py'
[0.234s] [34mcolcon.colcon_core.package_identification[0m [1;30mLevel 1[0m _identify(isaaclab_tasks/isaaclab_tasks/direct/shadow_hand) by extensions ['ignore', 'ignore_ament_install']
[0.234s] [34mcolcon.colcon_core.package_identification[0m [1;30mLevel 1[0m _identify(isaaclab_tasks/isaaclab_tasks/direct/shadow_hand) by extension 'ignore'
[0.234s] [34mcolcon.colcon_core.package_identification[0m [1;30mLevel 1[0m _identify(isaaclab_tasks/isaaclab_tasks/direct/shadow_hand) by extension 'ignore_ament_install'
[0.234s] [34mcolcon.colcon_core.package_identification[0m [1;30mLevel 1[0m _identify(isaaclab_tasks/isaaclab_tasks/direct/shadow_hand) by extensions ['colcon_pkg']
[0.234s] [34mcolcon.colcon_core.package_identification[0m [1;30mLevel 1[0m _identify(isaaclab_tasks/isaaclab_tasks/direct/shadow_hand) by extension 'colcon_pkg'
[0.234s] [34mcolcon.colcon_core.package_identification[0m [1;30mLevel 1[0m _identify(isaaclab_tasks/isaaclab_tasks/direct/shadow_hand) by extensions ['colcon_meta']
[0.234s] [34mcolcon.colcon_core.package_identification[0m [1;30mLevel 1[0m _identify(isaaclab_tasks/isaaclab_tasks/direct/shadow_hand) by extension 'colcon_meta'
[0.234s] [34mcolcon.colcon_core.package_identification[0m [1;30mLevel 1[0m _identify(isaaclab_tasks/isaaclab_tasks/direct/shadow_hand) by extensions ['ros']
[0.234s] [34mcolcon.colcon_core.package_identification[0m [1;30mLevel 1[0m _identify(isaaclab_tasks/isaaclab_tasks/direct/shadow_hand) by extension 'ros'
[0.234s] [34mcolcon.colcon_core.package_identification[0m [1;30mLevel 1[0m _identify(isaaclab_tasks/isaaclab_tasks/direct/shadow_hand) by extensions ['cmake', 'python']
[0.234s] [34mcolcon.colcon_core.package_identification[0m [1;30mLevel 1[0m _identify(isaaclab_tasks/isaaclab_tasks/direct/shadow_hand) by extension 'cmake'
[0.234s] [34mcolcon.colcon_core.package_identification[0m [1;30mLevel 1[0m _identify(isaaclab_tasks/isaaclab_tasks/direct/shadow_hand) by extension 'python'
[0.234s] [34mcolcon.colcon_core.package_identification[0m [1;30mLevel 1[0m _identify(isaaclab_tasks/isaaclab_tasks/direct/shadow_hand) by extensions ['python_setup_py']
[0.234s] [34mcolcon.colcon_core.package_identification[0m [1;30mLevel 1[0m _identify(isaaclab_tasks/isaaclab_tasks/direct/shadow_hand) by extension 'python_setup_py'
[0.234s] [34mcolcon.colcon_core.package_identification[0m [1;30mLevel 1[0m _identify(isaaclab_tasks/isaaclab_tasks/direct/shadow_hand/__pycache__) by extensions ['ignore', 'ignore_ament_install']
[0.234s] [34mcolcon.colcon_core.package_identification[0m [1;30mLevel 1[0m _identify(isaaclab_tasks/isaaclab_tasks/direct/shadow_hand/__pycache__) by extension 'ignore'
[0.234s] [34mcolcon.colcon_core.package_identification[0m [1;30mLevel 1[0m _identify(isaaclab_tasks/isaaclab_tasks/direct/shadow_hand/__pycache__) by extension 'ignore_ament_install'
[0.234s] [34mcolcon.colcon_core.package_identification[0m [1;30mLevel 1[0m _identify(isaaclab_tasks/isaaclab_tasks/direct/shadow_hand/__pycache__) by extensions ['colcon_pkg']
[0.234s] [34mcolcon.colcon_core.package_identification[0m [1;30mLevel 1[0m _identify(isaaclab_tasks/isaaclab_tasks/direct/shadow_hand/__pycache__) by extension 'colcon_pkg'
[0.234s] [34mcolcon.colcon_core.package_identification[0m [1;30mLevel 1[0m _identify(isaaclab_tasks/isaaclab_tasks/direct/shadow_hand/__pycache__) by extensions ['colcon_meta']
[0.234s] [34mcolcon.colcon_core.package_identification[0m [1;30mLevel 1[0m _identify(isaaclab_tasks/isaaclab_tasks/direct/shadow_hand/__pycache__) by extension 'colcon_meta'
[0.234s] [34mcolcon.colcon_core.package_identification[0m [1;30mLevel 1[0m _identify(isaaclab_tasks/isaaclab_tasks/direct/shadow_hand/__pycache__) by extensions ['ros']
[0.234s] [34mcolcon.colcon_core.package_identification[0m [1;30mLevel 1[0m _identify(isaaclab_tasks/isaaclab_tasks/direct/shadow_hand/__pycache__) by extension 'ros'
[0.234s] [34mcolcon.colcon_core.package_identification[0m [1;30mLevel 1[0m _identify(isaaclab_tasks/isaaclab_tasks/direct/shadow_hand/__pycache__) by extensions ['cmake', 'python']
[0.234s] [34mcolcon.colcon_core.package_identification[0m [1;30mLevel 1[0m _identify(isaaclab_tasks/isaaclab_tasks/direct/shadow_hand/__pycache__) by extension 'cmake'
[0.234s] [34mcolcon.colcon_core.package_identification[0m [1;30mLevel 1[0m _identify(isaaclab_tasks/isaaclab_tasks/direct/shadow_hand/__pycache__) by extension 'python'
[0.234s] [34mcolcon.colcon_core.package_identification[0m [1;30mLevel 1[0m _identify(isaaclab_tasks/isaaclab_tasks/direct/shadow_hand/__pycache__) by extensions ['python_setup_py']
[0.234s] [34mcolcon.colcon_core.package_identification[0m [1;30mLevel 1[0m _identify(isaaclab_tasks/isaaclab_tasks/direct/shadow_hand/__pycache__) by extension 'python_setup_py'
[0.234s] [34mcolcon.colcon_core.package_identification[0m [1;30mLevel 1[0m _identify(isaaclab_tasks/isaaclab_tasks/direct/shadow_hand/agents) by extensions ['ignore', 'ignore_ament_install']
[0.234s] [34mcolcon.colcon_core.package_identification[0m [1;30mLevel 1[0m _identify(isaaclab_tasks/isaaclab_tasks/direct/shadow_hand/agents) by extension 'ignore'
[0.234s] [34mcolcon.colcon_core.package_identification[0m [1;30mLevel 1[0m _identify(isaaclab_tasks/isaaclab_tasks/direct/shadow_hand/agents) by extension 'ignore_ament_install'
[0.234s] [34mcolcon.colcon_core.package_identification[0m [1;30mLevel 1[0m _identify(isaaclab_tasks/isaaclab_tasks/direct/shadow_hand/agents) by extensions ['colcon_pkg']
[0.234s] [34mcolcon.colcon_core.package_identification[0m [1;30mLevel 1[0m _identify(isaaclab_tasks/isaaclab_tasks/direct/shadow_hand/agents) by extension 'colcon_pkg'
[0.234s] [34mcolcon.colcon_core.package_identification[0m [1;30mLevel 1[0m _identify(isaaclab_tasks/isaaclab_tasks/direct/shadow_hand/agents) by extensions ['colcon_meta']
[0.234s] [34mcolcon.colcon_core.package_identification[0m [1;30mLevel 1[0m _identify(isaaclab_tasks/isaaclab_tasks/direct/shadow_hand/agents) by extension 'colcon_meta'
[0.234s] [34mcolcon.colcon_core.package_identification[0m [1;30mLevel 1[0m _identify(isaaclab_tasks/isaaclab_tasks/direct/shadow_hand/agents) by extensions ['ros']
[0.234s] [34mcolcon.colcon_core.package_identification[0m [1;30mLevel 1[0m _identify(isaaclab_tasks/isaaclab_tasks/direct/shadow_hand/agents) by extension 'ros'
[0.234s] [34mcolcon.colcon_core.package_identification[0m [1;30mLevel 1[0m _identify(isaaclab_tasks/isaaclab_tasks/direct/shadow_hand/agents) by extensions ['cmake', 'python']
[0.234s] [34mcolcon.colcon_core.package_identification[0m [1;30mLevel 1[0m _identify(isaaclab_tasks/isaaclab_tasks/direct/shadow_hand/agents) by extension 'cmake'
[0.234s] [34mcolcon.colcon_core.package_identification[0m [1;30mLevel 1[0m _identify(isaaclab_tasks/isaaclab_tasks/direct/shadow_hand/agents) by extension 'python'
[0.234s] [34mcolcon.colcon_core.package_identification[0m [1;30mLevel 1[0m _identify(isaaclab_tasks/isaaclab_tasks/direct/shadow_hand/agents) by extensions ['python_setup_py']
[0.234s] [34mcolcon.colcon_core.package_identification[0m [1;30mLevel 1[0m _identify(isaaclab_tasks/isaaclab_tasks/direct/shadow_hand/agents) by extension 'python_setup_py'
[0.234s] [34mcolcon.colcon_core.package_identification[0m [1;30mLevel 1[0m _identify(isaaclab_tasks/isaaclab_tasks/direct/shadow_hand/agents/__pycache__) by extensions ['ignore', 'ignore_ament_install']
[0.234s] [34mcolcon.colcon_core.package_identification[0m [1;30mLevel 1[0m _identify(isaaclab_tasks/isaaclab_tasks/direct/shadow_hand/agents/__pycache__) by extension 'ignore'
[0.234s] [34mcolcon.colcon_core.package_identification[0m [1;30mLevel 1[0m _identify(isaaclab_tasks/isaaclab_tasks/direct/shadow_hand/agents/__pycache__) by extension 'ignore_ament_install'
[0.234s] [34mcolcon.colcon_core.package_identification[0m [1;30mLevel 1[0m _identify(isaaclab_tasks/isaaclab_tasks/direct/shadow_hand/agents/__pycache__) by extensions ['colcon_pkg']
[0.234s] [34mcolcon.colcon_core.package_identification[0m [1;30mLevel 1[0m _identify(isaaclab_tasks/isaaclab_tasks/direct/shadow_hand/agents/__pycache__) by extension 'colcon_pkg'
[0.234s] [34mcolcon.colcon_core.package_identification[0m [1;30mLevel 1[0m _identify(isaaclab_tasks/isaaclab_tasks/direct/shadow_hand/agents/__pycache__) by extensions ['colcon_meta']
[0.234s] [34mcolcon.colcon_core.package_identification[0m [1;30mLevel 1[0m _identify(isaaclab_tasks/isaaclab_tasks/direct/shadow_hand/agents/__pycache__) by extension 'colcon_meta'
[0.234s] [34mcolcon.colcon_core.package_identification[0m [1;30mLevel 1[0m _identify(isaaclab_tasks/isaaclab_tasks/direct/shadow_hand/agents/__pycache__) by extensions ['ros']
[0.234s] [34mcolcon.colcon_core.package_identification[0m [1;30mLevel 1[0m _identify(isaaclab_tasks/isaaclab_tasks/direct/shadow_hand/agents/__pycache__) by extension 'ros'
[0.235s] [34mcolcon.colcon_core.package_identification[0m [1;30mLevel 1[0m _identify(isaaclab_tasks/isaaclab_tasks/direct/shadow_hand/agents/__pycache__) by extensions ['cmake', 'python']
[0.235s] [34mcolcon.colcon_core.package_identification[0m [1;30mLevel 1[0m _identify(isaaclab_tasks/isaaclab_tasks/direct/shadow_hand/agents/__pycache__) by extension 'cmake'
[0.235s] [34mcolcon.colcon_core.package_identification[0m [1;30mLevel 1[0m _identify(isaaclab_tasks/isaaclab_tasks/direct/shadow_hand/agents/__pycache__) by extension 'python'
[0.235s] [34mcolcon.colcon_core.package_identification[0m [1;30mLevel 1[0m _identify(isaaclab_tasks/isaaclab_tasks/direct/shadow_hand/agents/__pycache__) by extensions ['python_setup_py']
[0.235s] [34mcolcon.colcon_core.package_identification[0m [1;30mLevel 1[0m _identify(isaaclab_tasks/isaaclab_tasks/direct/shadow_hand/agents/__pycache__) by extension 'python_setup_py'
[0.235s] [34mcolcon.colcon_core.package_identification[0m [1;30mLevel 1[0m _identify(isaaclab_tasks/isaaclab_tasks/direct/shadow_hand_over) by extensions ['ignore', 'ignore_ament_install']
[0.235s] [34mcolcon.colcon_core.package_identification[0m [1;30mLevel 1[0m _identify(isaaclab_tasks/isaaclab_tasks/direct/shadow_hand_over) by extension 'ignore'
[0.235s] [34mcolcon.colcon_core.package_identification[0m [1;30mLevel 1[0m _identify(isaaclab_tasks/isaaclab_tasks/direct/shadow_hand_over) by extension 'ignore_ament_install'
[0.235s] [34mcolcon.colcon_core.package_identification[0m [1;30mLevel 1[0m _identify(isaaclab_tasks/isaaclab_tasks/direct/shadow_hand_over) by extensions ['colcon_pkg']
[0.235s] [34mcolcon.colcon_core.package_identification[0m [1;30mLevel 1[0m _identify(isaaclab_tasks/isaaclab_tasks/direct/shadow_hand_over) by extension 'colcon_pkg'
[0.235s] [34mcolcon.colcon_core.package_identification[0m [1;30mLevel 1[0m _identify(isaaclab_tasks/isaaclab_tasks/direct/shadow_hand_over) by extensions ['colcon_meta']
[0.235s] [34mcolcon.colcon_core.package_identification[0m [1;30mLevel 1[0m _identify(isaaclab_tasks/isaaclab_tasks/direct/shadow_hand_over) by extension 'colcon_meta'
[0.235s] [34mcolcon.colcon_core.package_identification[0m [1;30mLevel 1[0m _identify(isaaclab_tasks/isaaclab_tasks/direct/shadow_hand_over) by extensions ['ros']
[0.235s] [34mcolcon.colcon_core.package_identification[0m [1;30mLevel 1[0m _identify(isaaclab_tasks/isaaclab_tasks/direct/shadow_hand_over) by extension 'ros'
[0.235s] [34mcolcon.colcon_core.package_identification[0m [1;30mLevel 1[0m _identify(isaaclab_tasks/isaaclab_tasks/direct/shadow_hand_over) by extensions ['cmake', 'python']
[0.235s] [34mcolcon.colcon_core.package_identification[0m [1;30mLevel 1[0m _identify(isaaclab_tasks/isaaclab_tasks/direct/shadow_hand_over) by extension 'cmake'
[0.235s] [34mcolcon.colcon_core.package_identification[0m [1;30mLevel 1[0m _identify(isaaclab_tasks/isaaclab_tasks/direct/shadow_hand_over) by extension 'python'
[0.235s] [34mcolcon.colcon_core.package_identification[0m [1;30mLevel 1[0m _identify(isaaclab_tasks/isaaclab_tasks/direct/shadow_hand_over) by extensions ['python_setup_py']
[0.235s] [34mcolcon.colcon_core.package_identification[0m [1;30mLevel 1[0m _identify(isaaclab_tasks/isaaclab_tasks/direct/shadow_hand_over) by extension 'python_setup_py'
[0.235s] [34mcolcon.colcon_core.package_identification[0m [1;30mLevel 1[0m _identify(isaaclab_tasks/isaaclab_tasks/direct/shadow_hand_over/__pycache__) by extensions ['ignore', 'ignore_ament_install']
[0.235s] [34mcolcon.colcon_core.package_identification[0m [1;30mLevel 1[0m _identify(isaaclab_tasks/isaaclab_tasks/direct/shadow_hand_over/__pycache__) by extension 'ignore'
[0.235s] [34mcolcon.colcon_core.package_identification[0m [1;30mLevel 1[0m _identify(isaaclab_tasks/isaaclab_tasks/direct/shadow_hand_over/__pycache__) by extension 'ignore_ament_install'
[0.235s] [34mcolcon.colcon_core.package_identification[0m [1;30mLevel 1[0m _identify(isaaclab_tasks/isaaclab_tasks/direct/shadow_hand_over/__pycache__) by extensions ['colcon_pkg']
[0.235s] [34mcolcon.colcon_core.package_identification[0m [1;30mLevel 1[0m _identify(isaaclab_tasks/isaaclab_tasks/direct/shadow_hand_over/__pycache__) by extension 'colcon_pkg'
[0.235s] [34mcolcon.colcon_core.package_identification[0m [1;30mLevel 1[0m _identify(isaaclab_tasks/isaaclab_tasks/direct/shadow_hand_over/__pycache__) by extensions ['colcon_meta']
[0.235s] [34mcolcon.colcon_core.package_identification[0m [1;30mLevel 1[0m _identify(isaaclab_tasks/isaaclab_tasks/direct/shadow_hand_over/__pycache__) by extension 'colcon_meta'
[0.235s] [34mcolcon.colcon_core.package_identification[0m [1;30mLevel 1[0m _identify(isaaclab_tasks/isaaclab_tasks/direct/shadow_hand_over/__pycache__) by extensions ['ros']
[0.235s] [34mcolcon.colcon_core.package_identification[0m [1;30mLevel 1[0m _identify(isaaclab_tasks/isaaclab_tasks/direct/shadow_hand_over/__pycache__) by extension 'ros'
[0.235s] [34mcolcon.colcon_core.package_identification[0m [1;30mLevel 1[0m _identify(isaaclab_tasks/isaaclab_tasks/direct/shadow_hand_over/__pycache__) by extensions ['cmake', 'python']
[0.235s] [34mcolcon.colcon_core.package_identification[0m [1;30mLevel 1[0m _identify(isaaclab_tasks/isaaclab_tasks/direct/shadow_hand_over/__pycache__) by extension 'cmake'
[0.235s] [34mcolcon.colcon_core.package_identification[0m [1;30mLevel 1[0m _identify(isaaclab_tasks/isaaclab_tasks/direct/shadow_hand_over/__pycache__) by extension 'python'
[0.235s] [34mcolcon.colcon_core.package_identification[0m [1;30mLevel 1[0m _identify(isaaclab_tasks/isaaclab_tasks/direct/shadow_hand_over/__pycache__) by extensions ['python_setup_py']
[0.235s] [34mcolcon.colcon_core.package_identification[0m [1;30mLevel 1[0m _identify(isaaclab_tasks/isaaclab_tasks/direct/shadow_hand_over/__pycache__) by extension 'python_setup_py'
[0.235s] [34mcolcon.colcon_core.package_identification[0m [1;30mLevel 1[0m _identify(isaaclab_tasks/isaaclab_tasks/direct/shadow_hand_over/agents) by extensions ['ignore', 'ignore_ament_install']
[0.235s] [34mcolcon.colcon_core.package_identification[0m [1;30mLevel 1[0m _identify(isaaclab_tasks/isaaclab_tasks/direct/shadow_hand_over/agents) by extension 'ignore'
[0.235s] [34mcolcon.colcon_core.package_identification[0m [1;30mLevel 1[0m _identify(isaaclab_tasks/isaaclab_tasks/direct/shadow_hand_over/agents) by extension 'ignore_ament_install'
[0.235s] [34mcolcon.colcon_core.package_identification[0m [1;30mLevel 1[0m _identify(isaaclab_tasks/isaaclab_tasks/direct/shadow_hand_over/agents) by extensions ['colcon_pkg']
[0.235s] [34mcolcon.colcon_core.package_identification[0m [1;30mLevel 1[0m _identify(isaaclab_tasks/isaaclab_tasks/direct/shadow_hand_over/agents) by extension 'colcon_pkg'
[0.235s] [34mcolcon.colcon_core.package_identification[0m [1;30mLevel 1[0m _identify(isaaclab_tasks/isaaclab_tasks/direct/shadow_hand_over/agents) by extensions ['colcon_meta']
[0.235s] [34mcolcon.colcon_core.package_identification[0m [1;30mLevel 1[0m _identify(isaaclab_tasks/isaaclab_tasks/direct/shadow_hand_over/agents) by extension 'colcon_meta'
[0.235s] [34mcolcon.colcon_core.package_identification[0m [1;30mLevel 1[0m _identify(isaaclab_tasks/isaaclab_tasks/direct/shadow_hand_over/agents) by extensions ['ros']
[0.235s] [34mcolcon.colcon_core.package_identification[0m [1;30mLevel 1[0m _identify(isaaclab_tasks/isaaclab_tasks/direct/shadow_hand_over/agents) by extension 'ros'
[0.235s] [34mcolcon.colcon_core.package_identification[0m [1;30mLevel 1[0m _identify(isaaclab_tasks/isaaclab_tasks/direct/shadow_hand_over/agents) by extensions ['cmake', 'python']
[0.235s] [34mcolcon.colcon_core.package_identification[0m [1;30mLevel 1[0m _identify(isaaclab_tasks/isaaclab_tasks/direct/shadow_hand_over/agents) by extension 'cmake'
[0.235s] [34mcolcon.colcon_core.package_identification[0m [1;30mLevel 1[0m _identify(isaaclab_tasks/isaaclab_tasks/direct/shadow_hand_over/agents) by extension 'python'
[0.235s] [34mcolcon.colcon_core.package_identification[0m [1;30mLevel 1[0m _identify(isaaclab_tasks/isaaclab_tasks/direct/shadow_hand_over/agents) by extensions ['python_setup_py']
[0.235s] [34mcolcon.colcon_core.package_identification[0m [1;30mLevel 1[0m _identify(isaaclab_tasks/isaaclab_tasks/direct/shadow_hand_over/agents) by extension 'python_setup_py'
[0.235s] [34mcolcon.colcon_core.package_identification[0m [1;30mLevel 1[0m _identify(isaaclab_tasks/isaaclab_tasks/direct/shadow_hand_over/agents/__pycache__) by extensions ['ignore', 'ignore_ament_install']
[0.235s] [34mcolcon.colcon_core.package_identification[0m [1;30mLevel 1[0m _identify(isaaclab_tasks/isaaclab_tasks/direct/shadow_hand_over/agents/__pycache__) by extension 'ignore'
[0.235s] [34mcolcon.colcon_core.package_identification[0m [1;30mLevel 1[0m _identify(isaaclab_tasks/isaaclab_tasks/direct/shadow_hand_over/agents/__pycache__) by extension 'ignore_ament_install'
[0.235s] [34mcolcon.colcon_core.package_identification[0m [1;30mLevel 1[0m _identify(isaaclab_tasks/isaaclab_tasks/direct/shadow_hand_over/agents/__pycache__) by extensions ['colcon_pkg']
[0.235s] [34mcolcon.colcon_core.package_identification[0m [1;30mLevel 1[0m _identify(isaaclab_tasks/isaaclab_tasks/direct/shadow_hand_over/agents/__pycache__) by extension 'colcon_pkg'
[0.236s] [34mcolcon.colcon_core.package_identification[0m [1;30mLevel 1[0m _identify(isaaclab_tasks/isaaclab_tasks/direct/shadow_hand_over/agents/__pycache__) by extensions ['colcon_meta']
[0.236s] [34mcolcon.colcon_core.package_identification[0m [1;30mLevel 1[0m _identify(isaaclab_tasks/isaaclab_tasks/direct/shadow_hand_over/agents/__pycache__) by extension 'colcon_meta'
[0.236s] [34mcolcon.colcon_core.package_identification[0m [1;30mLevel 1[0m _identify(isaaclab_tasks/isaaclab_tasks/direct/shadow_hand_over/agents/__pycache__) by extensions ['ros']
[0.236s] [34mcolcon.colcon_core.package_identification[0m [1;30mLevel 1[0m _identify(isaaclab_tasks/isaaclab_tasks/direct/shadow_hand_over/agents/__pycache__) by extension 'ros'
[0.236s] [34mcolcon.colcon_core.package_identification[0m [1;30mLevel 1[0m _identify(isaaclab_tasks/isaaclab_tasks/direct/shadow_hand_over/agents/__pycache__) by extensions ['cmake', 'python']
[0.236s] [34mcolcon.colcon_core.package_identification[0m [1;30mLevel 1[0m _identify(isaaclab_tasks/isaaclab_tasks/direct/shadow_hand_over/agents/__pycache__) by extension 'cmake'
[0.236s] [34mcolcon.colcon_core.package_identification[0m [1;30mLevel 1[0m _identify(isaaclab_tasks/isaaclab_tasks/direct/shadow_hand_over/agents/__pycache__) by extension 'python'
[0.236s] [34mcolcon.colcon_core.package_identification[0m [1;30mLevel 1[0m _identify(isaaclab_tasks/isaaclab_tasks/direct/shadow_hand_over/agents/__pycache__) by extensions ['python_setup_py']
[0.236s] [34mcolcon.colcon_core.package_identification[0m [1;30mLevel 1[0m _identify(isaaclab_tasks/isaaclab_tasks/direct/shadow_hand_over/agents/__pycache__) by extension 'python_setup_py'
[0.236s] [34mcolcon.colcon_core.package_identification[0m [1;30mLevel 1[0m _identify(isaaclab_tasks/isaaclab_tasks/direct/tutorial) by extensions ['ignore', 'ignore_ament_install']
[0.236s] [34mcolcon.colcon_core.package_identification[0m [1;30mLevel 1[0m _identify(isaaclab_tasks/isaaclab_tasks/direct/tutorial) by extension 'ignore'
[0.236s] [34mcolcon.colcon_core.package_identification[0m [1;30mLevel 1[0m _identify(isaaclab_tasks/isaaclab_tasks/direct/tutorial) by extension 'ignore_ament_install'
[0.236s] [34mcolcon.colcon_core.package_identification[0m [1;30mLevel 1[0m _identify(isaaclab_tasks/isaaclab_tasks/direct/tutorial) by extensions ['colcon_pkg']
[0.236s] [34mcolcon.colcon_core.package_identification[0m [1;30mLevel 1[0m _identify(isaaclab_tasks/isaaclab_tasks/direct/tutorial) by extension 'colcon_pkg'
[0.236s] [34mcolcon.colcon_core.package_identification[0m [1;30mLevel 1[0m _identify(isaaclab_tasks/isaaclab_tasks/direct/tutorial) by extensions ['colcon_meta']
[0.236s] [34mcolcon.colcon_core.package_identification[0m [1;30mLevel 1[0m _identify(isaaclab_tasks/isaaclab_tasks/direct/tutorial) by extension 'colcon_meta'
[0.236s] [34mcolcon.colcon_core.package_identification[0m [1;30mLevel 1[0m _identify(isaaclab_tasks/isaaclab_tasks/direct/tutorial) by extensions ['ros']
[0.236s] [34mcolcon.colcon_core.package_identification[0m [1;30mLevel 1[0m _identify(isaaclab_tasks/isaaclab_tasks/direct/tutorial) by extension 'ros'
[0.236s] [34mcolcon.colcon_core.package_identification[0m [1;30mLevel 1[0m _identify(isaaclab_tasks/isaaclab_tasks/direct/tutorial) by extensions ['cmake', 'python']
[0.236s] [34mcolcon.colcon_core.package_identification[0m [1;30mLevel 1[0m _identify(isaaclab_tasks/isaaclab_tasks/direct/tutorial) by extension 'cmake'
[0.236s] [34mcolcon.colcon_core.package_identification[0m [1;30mLevel 1[0m _identify(isaaclab_tasks/isaaclab_tasks/direct/tutorial) by extension 'python'
[0.236s] [34mcolcon.colcon_core.package_identification[0m [1;30mLevel 1[0m _identify(isaaclab_tasks/isaaclab_tasks/direct/tutorial) by extensions ['python_setup_py']
[0.236s] [34mcolcon.colcon_core.package_identification[0m [1;30mLevel 1[0m _identify(isaaclab_tasks/isaaclab_tasks/direct/tutorial) by extension 'python_setup_py'
[0.236s] [34mcolcon.colcon_core.package_identification[0m [1;30mLevel 1[0m _identify(isaaclab_tasks/isaaclab_tasks/direct/tutorial/__pycache__) by extensions ['ignore', 'ignore_ament_install']
[0.236s] [34mcolcon.colcon_core.package_identification[0m [1;30mLevel 1[0m _identify(isaaclab_tasks/isaaclab_tasks/direct/tutorial/__pycache__) by extension 'ignore'
[0.236s] [34mcolcon.colcon_core.package_identification[0m [1;30mLevel 1[0m _identify(isaaclab_tasks/isaaclab_tasks/direct/tutorial/__pycache__) by extension 'ignore_ament_install'
[0.236s] [34mcolcon.colcon_core.package_identification[0m [1;30mLevel 1[0m _identify(isaaclab_tasks/isaaclab_tasks/direct/tutorial/__pycache__) by extensions ['colcon_pkg']
[0.236s] [34mcolcon.colcon_core.package_identification[0m [1;30mLevel 1[0m _identify(isaaclab_tasks/isaaclab_tasks/direct/tutorial/__pycache__) by extension 'colcon_pkg'
[0.236s] [34mcolcon.colcon_core.package_identification[0m [1;30mLevel 1[0m _identify(isaaclab_tasks/isaaclab_tasks/direct/tutorial/__pycache__) by extensions ['colcon_meta']
[0.236s] [34mcolcon.colcon_core.package_identification[0m [1;30mLevel 1[0m _identify(isaaclab_tasks/isaaclab_tasks/direct/tutorial/__pycache__) by extension 'colcon_meta'
[0.236s] [34mcolcon.colcon_core.package_identification[0m [1;30mLevel 1[0m _identify(isaaclab_tasks/isaaclab_tasks/direct/tutorial/__pycache__) by extensions ['ros']
[0.236s] [34mcolcon.colcon_core.package_identification[0m [1;30mLevel 1[0m _identify(isaaclab_tasks/isaaclab_tasks/direct/tutorial/__pycache__) by extension 'ros'
[0.236s] [34mcolcon.colcon_core.package_identification[0m [1;30mLevel 1[0m _identify(isaaclab_tasks/isaaclab_tasks/direct/tutorial/__pycache__) by extensions ['cmake', 'python']
[0.236s] [34mcolcon.colcon_core.package_identification[0m [1;30mLevel 1[0m _identify(isaaclab_tasks/isaaclab_tasks/direct/tutorial/__pycache__) by extension 'cmake'
[0.236s] [34mcolcon.colcon_core.package_identification[0m [1;30mLevel 1[0m _identify(isaaclab_tasks/isaaclab_tasks/direct/tutorial/__pycache__) by extension 'python'
[0.236s] [34mcolcon.colcon_core.package_identification[0m [1;30mLevel 1[0m _identify(isaaclab_tasks/isaaclab_tasks/direct/tutorial/__pycache__) by extensions ['python_setup_py']
[0.236s] [34mcolcon.colcon_core.package_identification[0m [1;30mLevel 1[0m _identify(isaaclab_tasks/isaaclab_tasks/direct/tutorial/__pycache__) by extension 'python_setup_py'
[0.236s] [34mcolcon.colcon_core.package_identification[0m [1;30mLevel 1[0m _identify(isaaclab_tasks/isaaclab_tasks/direct/tutorial/agents) by extensions ['ignore', 'ignore_ament_install']
[0.236s] [34mcolcon.colcon_core.package_identification[0m [1;30mLevel 1[0m _identify(isaaclab_tasks/isaaclab_tasks/direct/tutorial/agents) by extension 'ignore'
[0.236s] [34mcolcon.colcon_core.package_identification[0m [1;30mLevel 1[0m _identify(isaaclab_tasks/isaaclab_tasks/direct/tutorial/agents) by extension 'ignore_ament_install'
[0.236s] [34mcolcon.colcon_core.package_identification[0m [1;30mLevel 1[0m _identify(isaaclab_tasks/isaaclab_tasks/direct/tutorial/agents) by extensions ['colcon_pkg']
[0.236s] [34mcolcon.colcon_core.package_identification[0m [1;30mLevel 1[0m _identify(isaaclab_tasks/isaaclab_tasks/direct/tutorial/agents) by extension 'colcon_pkg'
[0.236s] [34mcolcon.colcon_core.package_identification[0m [1;30mLevel 1[0m _identify(isaaclab_tasks/isaaclab_tasks/direct/tutorial/agents) by extensions ['colcon_meta']
[0.236s] [34mcolcon.colcon_core.package_identification[0m [1;30mLevel 1[0m _identify(isaaclab_tasks/isaaclab_tasks/direct/tutorial/agents) by extension 'colcon_meta'
[0.236s] [34mcolcon.colcon_core.package_identification[0m [1;30mLevel 1[0m _identify(isaaclab_tasks/isaaclab_tasks/direct/tutorial/agents) by extensions ['ros']
[0.236s] [34mcolcon.colcon_core.package_identification[0m [1;30mLevel 1[0m _identify(isaaclab_tasks/isaaclab_tasks/direct/tutorial/agents) by extension 'ros'
[0.236s] [34mcolcon.colcon_core.package_identification[0m [1;30mLevel 1[0m _identify(isaaclab_tasks/isaaclab_tasks/direct/tutorial/agents) by extensions ['cmake', 'python']
[0.236s] [34mcolcon.colcon_core.package_identification[0m [1;30mLevel 1[0m _identify(isaaclab_tasks/isaaclab_tasks/direct/tutorial/agents) by extension 'cmake'
[0.236s] [34mcolcon.colcon_core.package_identification[0m [1;30mLevel 1[0m _identify(isaaclab_tasks/isaaclab_tasks/direct/tutorial/agents) by extension 'python'
[0.236s] [34mcolcon.colcon_core.package_identification[0m [1;30mLevel 1[0m _identify(isaaclab_tasks/isaaclab_tasks/direct/tutorial/agents) by extensions ['python_setup_py']
[0.236s] [34mcolcon.colcon_core.package_identification[0m [1;30mLevel 1[0m _identify(isaaclab_tasks/isaaclab_tasks/direct/tutorial/agents) by extension 'python_setup_py'
[0.236s] [34mcolcon.colcon_core.package_identification[0m [1;30mLevel 1[0m _identify(isaaclab_tasks/isaaclab_tasks/direct/tutorial/agents/__pycache__) by extensions ['ignore', 'ignore_ament_install']
[0.237s] [34mcolcon.colcon_core.package_identification[0m [1;30mLevel 1[0m _identify(isaaclab_tasks/isaaclab_tasks/direct/tutorial/agents/__pycache__) by extension 'ignore'
[0.237s] [34mcolcon.colcon_core.package_identification[0m [1;30mLevel 1[0m _identify(isaaclab_tasks/isaaclab_tasks/direct/tutorial/agents/__pycache__) by extension 'ignore_ament_install'
[0.237s] [34mcolcon.colcon_core.package_identification[0m [1;30mLevel 1[0m _identify(isaaclab_tasks/isaaclab_tasks/direct/tutorial/agents/__pycache__) by extensions ['colcon_pkg']
[0.237s] [34mcolcon.colcon_core.package_identification[0m [1;30mLevel 1[0m _identify(isaaclab_tasks/isaaclab_tasks/direct/tutorial/agents/__pycache__) by extension 'colcon_pkg'
[0.237s] [34mcolcon.colcon_core.package_identification[0m [1;30mLevel 1[0m _identify(isaaclab_tasks/isaaclab_tasks/direct/tutorial/agents/__pycache__) by extensions ['colcon_meta']
[0.237s] [34mcolcon.colcon_core.package_identification[0m [1;30mLevel 1[0m _identify(isaaclab_tasks/isaaclab_tasks/direct/tutorial/agents/__pycache__) by extension 'colcon_meta'
[0.237s] [34mcolcon.colcon_core.package_identification[0m [1;30mLevel 1[0m _identify(isaaclab_tasks/isaaclab_tasks/direct/tutorial/agents/__pycache__) by extensions ['ros']
[0.237s] [34mcolcon.colcon_core.package_identification[0m [1;30mLevel 1[0m _identify(isaaclab_tasks/isaaclab_tasks/direct/tutorial/agents/__pycache__) by extension 'ros'
[0.237s] [34mcolcon.colcon_core.package_identification[0m [1;30mLevel 1[0m _identify(isaaclab_tasks/isaaclab_tasks/direct/tutorial/agents/__pycache__) by extensions ['cmake', 'python']
[0.237s] [34mcolcon.colcon_core.package_identification[0m [1;30mLevel 1[0m _identify(isaaclab_tasks/isaaclab_tasks/direct/tutorial/agents/__pycache__) by extension 'cmake'
[0.237s] [34mcolcon.colcon_core.package_identification[0m [1;30mLevel 1[0m _identify(isaaclab_tasks/isaaclab_tasks/direct/tutorial/agents/__pycache__) by extension 'python'
[0.237s] [34mcolcon.colcon_core.package_identification[0m [1;30mLevel 1[0m _identify(isaaclab_tasks/isaaclab_tasks/direct/tutorial/agents/__pycache__) by extensions ['python_setup_py']
[0.237s] [34mcolcon.colcon_core.package_identification[0m [1;30mLevel 1[0m _identify(isaaclab_tasks/isaaclab_tasks/direct/tutorial/agents/__pycache__) by extension 'python_setup_py'
[0.237s] [34mcolcon.colcon_core.package_identification[0m [1;30mLevel 1[0m _identify(isaaclab_tasks/isaaclab_tasks/manager_based) by extensions ['ignore', 'ignore_ament_install']
[0.237s] [34mcolcon.colcon_core.package_identification[0m [1;30mLevel 1[0m _identify(isaaclab_tasks/isaaclab_tasks/manager_based) by extension 'ignore'
[0.237s] [34mcolcon.colcon_core.package_identification[0m [1;30mLevel 1[0m _identify(isaaclab_tasks/isaaclab_tasks/manager_based) by extension 'ignore_ament_install'
[0.237s] [34mcolcon.colcon_core.package_identification[0m [1;30mLevel 1[0m _identify(isaaclab_tasks/isaaclab_tasks/manager_based) by extensions ['colcon_pkg']
[0.237s] [34mcolcon.colcon_core.package_identification[0m [1;30mLevel 1[0m _identify(isaaclab_tasks/isaaclab_tasks/manager_based) by extension 'colcon_pkg'
[0.237s] [34mcolcon.colcon_core.package_identification[0m [1;30mLevel 1[0m _identify(isaaclab_tasks/isaaclab_tasks/manager_based) by extensions ['colcon_meta']
[0.237s] [34mcolcon.colcon_core.package_identification[0m [1;30mLevel 1[0m _identify(isaaclab_tasks/isaaclab_tasks/manager_based) by extension 'colcon_meta'
[0.237s] [34mcolcon.colcon_core.package_identification[0m [1;30mLevel 1[0m _identify(isaaclab_tasks/isaaclab_tasks/manager_based) by extensions ['ros']
[0.237s] [34mcolcon.colcon_core.package_identification[0m [1;30mLevel 1[0m _identify(isaaclab_tasks/isaaclab_tasks/manager_based) by extension 'ros'
[0.237s] [34mcolcon.colcon_core.package_identification[0m [1;30mLevel 1[0m _identify(isaaclab_tasks/isaaclab_tasks/manager_based) by extensions ['cmake', 'python']
[0.237s] [34mcolcon.colcon_core.package_identification[0m [1;30mLevel 1[0m _identify(isaaclab_tasks/isaaclab_tasks/manager_based) by extension 'cmake'
[0.237s] [34mcolcon.colcon_core.package_identification[0m [1;30mLevel 1[0m _identify(isaaclab_tasks/isaaclab_tasks/manager_based) by extension 'python'
[0.237s] [34mcolcon.colcon_core.package_identification[0m [1;30mLevel 1[0m _identify(isaaclab_tasks/isaaclab_tasks/manager_based) by extensions ['python_setup_py']
[0.237s] [34mcolcon.colcon_core.package_identification[0m [1;30mLevel 1[0m _identify(isaaclab_tasks/isaaclab_tasks/manager_based) by extension 'python_setup_py'
[0.237s] [34mcolcon.colcon_core.package_identification[0m [1;30mLevel 1[0m _identify(isaaclab_tasks/isaaclab_tasks/manager_based/__pycache__) by extensions ['ignore', 'ignore_ament_install']
[0.237s] [34mcolcon.colcon_core.package_identification[0m [1;30mLevel 1[0m _identify(isaaclab_tasks/isaaclab_tasks/manager_based/__pycache__) by extension 'ignore'
[0.237s] [34mcolcon.colcon_core.package_identification[0m [1;30mLevel 1[0m _identify(isaaclab_tasks/isaaclab_tasks/manager_based/__pycache__) by extension 'ignore_ament_install'
[0.237s] [34mcolcon.colcon_core.package_identification[0m [1;30mLevel 1[0m _identify(isaaclab_tasks/isaaclab_tasks/manager_based/__pycache__) by extensions ['colcon_pkg']
[0.237s] [34mcolcon.colcon_core.package_identification[0m [1;30mLevel 1[0m _identify(isaaclab_tasks/isaaclab_tasks/manager_based/__pycache__) by extension 'colcon_pkg'
[0.237s] [34mcolcon.colcon_core.package_identification[0m [1;30mLevel 1[0m _identify(isaaclab_tasks/isaaclab_tasks/manager_based/__pycache__) by extensions ['colcon_meta']
[0.237s] [34mcolcon.colcon_core.package_identification[0m [1;30mLevel 1[0m _identify(isaaclab_tasks/isaaclab_tasks/manager_based/__pycache__) by extension 'colcon_meta'
[0.237s] [34mcolcon.colcon_core.package_identification[0m [1;30mLevel 1[0m _identify(isaaclab_tasks/isaaclab_tasks/manager_based/__pycache__) by extensions ['ros']
[0.237s] [34mcolcon.colcon_core.package_identification[0m [1;30mLevel 1[0m _identify(isaaclab_tasks/isaaclab_tasks/manager_based/__pycache__) by extension 'ros'
[0.237s] [34mcolcon.colcon_core.package_identification[0m [1;30mLevel 1[0m _identify(isaaclab_tasks/isaaclab_tasks/manager_based/__pycache__) by extensions ['cmake', 'python']
[0.237s] [34mcolcon.colcon_core.package_identification[0m [1;30mLevel 1[0m _identify(isaaclab_tasks/isaaclab_tasks/manager_based/__pycache__) by extension 'cmake'
[0.237s] [34mcolcon.colcon_core.package_identification[0m [1;30mLevel 1[0m _identify(isaaclab_tasks/isaaclab_tasks/manager_based/__pycache__) by extension 'python'
[0.237s] [34mcolcon.colcon_core.package_identification[0m [1;30mLevel 1[0m _identify(isaaclab_tasks/isaaclab_tasks/manager_based/__pycache__) by extensions ['python_setup_py']
[0.237s] [34mcolcon.colcon_core.package_identification[0m [1;30mLevel 1[0m _identify(isaaclab_tasks/isaaclab_tasks/manager_based/__pycache__) by extension 'python_setup_py'
[0.237s] [34mcolcon.colcon_core.package_identification[0m [1;30mLevel 1[0m _identify(isaaclab_tasks/isaaclab_tasks/manager_based/classic) by extensions ['ignore', 'ignore_ament_install']
[0.237s] [34mcolcon.colcon_core.package_identification[0m [1;30mLevel 1[0m _identify(isaaclab_tasks/isaaclab_tasks/manager_based/classic) by extension 'ignore'
[0.237s] [34mcolcon.colcon_core.package_identification[0m [1;30mLevel 1[0m _identify(isaaclab_tasks/isaaclab_tasks/manager_based/classic) by extension 'ignore_ament_install'
[0.237s] [34mcolcon.colcon_core.package_identification[0m [1;30mLevel 1[0m _identify(isaaclab_tasks/isaaclab_tasks/manager_based/classic) by extensions ['colcon_pkg']
[0.237s] [34mcolcon.colcon_core.package_identification[0m [1;30mLevel 1[0m _identify(isaaclab_tasks/isaaclab_tasks/manager_based/classic) by extension 'colcon_pkg'
[0.237s] [34mcolcon.colcon_core.package_identification[0m [1;30mLevel 1[0m _identify(isaaclab_tasks/isaaclab_tasks/manager_based/classic) by extensions ['colcon_meta']
[0.237s] [34mcolcon.colcon_core.package_identification[0m [1;30mLevel 1[0m _identify(isaaclab_tasks/isaaclab_tasks/manager_based/classic) by extension 'colcon_meta'
[0.237s] [34mcolcon.colcon_core.package_identification[0m [1;30mLevel 1[0m _identify(isaaclab_tasks/isaaclab_tasks/manager_based/classic) by extensions ['ros']
[0.237s] [34mcolcon.colcon_core.package_identification[0m [1;30mLevel 1[0m _identify(isaaclab_tasks/isaaclab_tasks/manager_based/classic) by extension 'ros'
[0.237s] [34mcolcon.colcon_core.package_identification[0m [1;30mLevel 1[0m _identify(isaaclab_tasks/isaaclab_tasks/manager_based/classic) by extensions ['cmake', 'python']
[0.237s] [34mcolcon.colcon_core.package_identification[0m [1;30mLevel 1[0m _identify(isaaclab_tasks/isaaclab_tasks/manager_based/classic) by extension 'cmake'
[0.237s] [34mcolcon.colcon_core.package_identification[0m [1;30mLevel 1[0m _identify(isaaclab_tasks/isaaclab_tasks/manager_based/classic) by extension 'python'
[0.237s] [34mcolcon.colcon_core.package_identification[0m [1;30mLevel 1[0m _identify(isaaclab_tasks/isaaclab_tasks/manager_based/classic) by extensions ['python_setup_py']
[0.237s] [34mcolcon.colcon_core.package_identification[0m [1;30mLevel 1[0m _identify(isaaclab_tasks/isaaclab_tasks/manager_based/classic) by extension 'python_setup_py'
[0.238s] [34mcolcon.colcon_core.package_identification[0m [1;30mLevel 1[0m _identify(isaaclab_tasks/isaaclab_tasks/manager_based/classic/__pycache__) by extensions ['ignore', 'ignore_ament_install']
[0.238s] [34mcolcon.colcon_core.package_identification[0m [1;30mLevel 1[0m _identify(isaaclab_tasks/isaaclab_tasks/manager_based/classic/__pycache__) by extension 'ignore'
[0.238s] [34mcolcon.colcon_core.package_identification[0m [1;30mLevel 1[0m _identify(isaaclab_tasks/isaaclab_tasks/manager_based/classic/__pycache__) by extension 'ignore_ament_install'
[0.238s] [34mcolcon.colcon_core.package_identification[0m [1;30mLevel 1[0m _identify(isaaclab_tasks/isaaclab_tasks/manager_based/classic/__pycache__) by extensions ['colcon_pkg']
[0.238s] [34mcolcon.colcon_core.package_identification[0m [1;30mLevel 1[0m _identify(isaaclab_tasks/isaaclab_tasks/manager_based/classic/__pycache__) by extension 'colcon_pkg'
[0.238s] [34mcolcon.colcon_core.package_identification[0m [1;30mLevel 1[0m _identify(isaaclab_tasks/isaaclab_tasks/manager_based/classic/__pycache__) by extensions ['colcon_meta']
[0.238s] [34mcolcon.colcon_core.package_identification[0m [1;30mLevel 1[0m _identify(isaaclab_tasks/isaaclab_tasks/manager_based/classic/__pycache__) by extension 'colcon_meta'
[0.238s] [34mcolcon.colcon_core.package_identification[0m [1;30mLevel 1[0m _identify(isaaclab_tasks/isaaclab_tasks/manager_based/classic/__pycache__) by extensions ['ros']
[0.238s] [34mcolcon.colcon_core.package_identification[0m [1;30mLevel 1[0m _identify(isaaclab_tasks/isaaclab_tasks/manager_based/classic/__pycache__) by extension 'ros'
[0.238s] [34mcolcon.colcon_core.package_identification[0m [1;30mLevel 1[0m _identify(isaaclab_tasks/isaaclab_tasks/manager_based/classic/__pycache__) by extensions ['cmake', 'python']
[0.238s] [34mcolcon.colcon_core.package_identification[0m [1;30mLevel 1[0m _identify(isaaclab_tasks/isaaclab_tasks/manager_based/classic/__pycache__) by extension 'cmake'
[0.238s] [34mcolcon.colcon_core.package_identification[0m [1;30mLevel 1[0m _identify(isaaclab_tasks/isaaclab_tasks/manager_based/classic/__pycache__) by extension 'python'
[0.238s] [34mcolcon.colcon_core.package_identification[0m [1;30mLevel 1[0m _identify(isaaclab_tasks/isaaclab_tasks/manager_based/classic/__pycache__) by extensions ['python_setup_py']
[0.238s] [34mcolcon.colcon_core.package_identification[0m [1;30mLevel 1[0m _identify(isaaclab_tasks/isaaclab_tasks/manager_based/classic/__pycache__) by extension 'python_setup_py'
[0.238s] [34mcolcon.colcon_core.package_identification[0m [1;30mLevel 1[0m _identify(isaaclab_tasks/isaaclab_tasks/manager_based/classic/ant) by extensions ['ignore', 'ignore_ament_install']
[0.238s] [34mcolcon.colcon_core.package_identification[0m [1;30mLevel 1[0m _identify(isaaclab_tasks/isaaclab_tasks/manager_based/classic/ant) by extension 'ignore'
[0.238s] [34mcolcon.colcon_core.package_identification[0m [1;30mLevel 1[0m _identify(isaaclab_tasks/isaaclab_tasks/manager_based/classic/ant) by extension 'ignore_ament_install'
[0.238s] [34mcolcon.colcon_core.package_identification[0m [1;30mLevel 1[0m _identify(isaaclab_tasks/isaaclab_tasks/manager_based/classic/ant) by extensions ['colcon_pkg']
[0.238s] [34mcolcon.colcon_core.package_identification[0m [1;30mLevel 1[0m _identify(isaaclab_tasks/isaaclab_tasks/manager_based/classic/ant) by extension 'colcon_pkg'
[0.238s] [34mcolcon.colcon_core.package_identification[0m [1;30mLevel 1[0m _identify(isaaclab_tasks/isaaclab_tasks/manager_based/classic/ant) by extensions ['colcon_meta']
[0.238s] [34mcolcon.colcon_core.package_identification[0m [1;30mLevel 1[0m _identify(isaaclab_tasks/isaaclab_tasks/manager_based/classic/ant) by extension 'colcon_meta'
[0.238s] [34mcolcon.colcon_core.package_identification[0m [1;30mLevel 1[0m _identify(isaaclab_tasks/isaaclab_tasks/manager_based/classic/ant) by extensions ['ros']
[0.238s] [34mcolcon.colcon_core.package_identification[0m [1;30mLevel 1[0m _identify(isaaclab_tasks/isaaclab_tasks/manager_based/classic/ant) by extension 'ros'
[0.238s] [34mcolcon.colcon_core.package_identification[0m [1;30mLevel 1[0m _identify(isaaclab_tasks/isaaclab_tasks/manager_based/classic/ant) by extensions ['cmake', 'python']
[0.238s] [34mcolcon.colcon_core.package_identification[0m [1;30mLevel 1[0m _identify(isaaclab_tasks/isaaclab_tasks/manager_based/classic/ant) by extension 'cmake'
[0.238s] [34mcolcon.colcon_core.package_identification[0m [1;30mLevel 1[0m _identify(isaaclab_tasks/isaaclab_tasks/manager_based/classic/ant) by extension 'python'
[0.238s] [34mcolcon.colcon_core.package_identification[0m [1;30mLevel 1[0m _identify(isaaclab_tasks/isaaclab_tasks/manager_based/classic/ant) by extensions ['python_setup_py']
[0.238s] [34mcolcon.colcon_core.package_identification[0m [1;30mLevel 1[0m _identify(isaaclab_tasks/isaaclab_tasks/manager_based/classic/ant) by extension 'python_setup_py'
[0.238s] [34mcolcon.colcon_core.package_identification[0m [1;30mLevel 1[0m _identify(isaaclab_tasks/isaaclab_tasks/manager_based/classic/ant/__pycache__) by extensions ['ignore', 'ignore_ament_install']
[0.238s] [34mcolcon.colcon_core.package_identification[0m [1;30mLevel 1[0m _identify(isaaclab_tasks/isaaclab_tasks/manager_based/classic/ant/__pycache__) by extension 'ignore'
[0.238s] [34mcolcon.colcon_core.package_identification[0m [1;30mLevel 1[0m _identify(isaaclab_tasks/isaaclab_tasks/manager_based/classic/ant/__pycache__) by extension 'ignore_ament_install'
[0.238s] [34mcolcon.colcon_core.package_identification[0m [1;30mLevel 1[0m _identify(isaaclab_tasks/isaaclab_tasks/manager_based/classic/ant/__pycache__) by extensions ['colcon_pkg']
[0.238s] [34mcolcon.colcon_core.package_identification[0m [1;30mLevel 1[0m _identify(isaaclab_tasks/isaaclab_tasks/manager_based/classic/ant/__pycache__) by extension 'colcon_pkg'
[0.238s] [34mcolcon.colcon_core.package_identification[0m [1;30mLevel 1[0m _identify(isaaclab_tasks/isaaclab_tasks/manager_based/classic/ant/__pycache__) by extensions ['colcon_meta']
[0.238s] [34mcolcon.colcon_core.package_identification[0m [1;30mLevel 1[0m _identify(isaaclab_tasks/isaaclab_tasks/manager_based/classic/ant/__pycache__) by extension 'colcon_meta'
[0.238s] [34mcolcon.colcon_core.package_identification[0m [1;30mLevel 1[0m _identify(isaaclab_tasks/isaaclab_tasks/manager_based/classic/ant/__pycache__) by extensions ['ros']
[0.238s] [34mcolcon.colcon_core.package_identification[0m [1;30mLevel 1[0m _identify(isaaclab_tasks/isaaclab_tasks/manager_based/classic/ant/__pycache__) by extension 'ros'
[0.238s] [34mcolcon.colcon_core.package_identification[0m [1;30mLevel 1[0m _identify(isaaclab_tasks/isaaclab_tasks/manager_based/classic/ant/__pycache__) by extensions ['cmake', 'python']
[0.238s] [34mcolcon.colcon_core.package_identification[0m [1;30mLevel 1[0m _identify(isaaclab_tasks/isaaclab_tasks/manager_based/classic/ant/__pycache__) by extension 'cmake'
[0.238s] [34mcolcon.colcon_core.package_identification[0m [1;30mLevel 1[0m _identify(isaaclab_tasks/isaaclab_tasks/manager_based/classic/ant/__pycache__) by extension 'python'
[0.238s] [34mcolcon.colcon_core.package_identification[0m [1;30mLevel 1[0m _identify(isaaclab_tasks/isaaclab_tasks/manager_based/classic/ant/__pycache__) by extensions ['python_setup_py']
[0.238s] [34mcolcon.colcon_core.package_identification[0m [1;30mLevel 1[0m _identify(isaaclab_tasks/isaaclab_tasks/manager_based/classic/ant/__pycache__) by extension 'python_setup_py'
[0.238s] [34mcolcon.colcon_core.package_identification[0m [1;30mLevel 1[0m _identify(isaaclab_tasks/isaaclab_tasks/manager_based/classic/ant/agents) by extensions ['ignore', 'ignore_ament_install']
[0.238s] [34mcolcon.colcon_core.package_identification[0m [1;30mLevel 1[0m _identify(isaaclab_tasks/isaaclab_tasks/manager_based/classic/ant/agents) by extension 'ignore'
[0.238s] [34mcolcon.colcon_core.package_identification[0m [1;30mLevel 1[0m _identify(isaaclab_tasks/isaaclab_tasks/manager_based/classic/ant/agents) by extension 'ignore_ament_install'
[0.238s] [34mcolcon.colcon_core.package_identification[0m [1;30mLevel 1[0m _identify(isaaclab_tasks/isaaclab_tasks/manager_based/classic/ant/agents) by extensions ['colcon_pkg']
[0.239s] [34mcolcon.colcon_core.package_identification[0m [1;30mLevel 1[0m _identify(isaaclab_tasks/isaaclab_tasks/manager_based/classic/ant/agents) by extension 'colcon_pkg'
[0.239s] [34mcolcon.colcon_core.package_identification[0m [1;30mLevel 1[0m _identify(isaaclab_tasks/isaaclab_tasks/manager_based/classic/ant/agents) by extensions ['colcon_meta']
[0.239s] [34mcolcon.colcon_core.package_identification[0m [1;30mLevel 1[0m _identify(isaaclab_tasks/isaaclab_tasks/manager_based/classic/ant/agents) by extension 'colcon_meta'
[0.239s] [34mcolcon.colcon_core.package_identification[0m [1;30mLevel 1[0m _identify(isaaclab_tasks/isaaclab_tasks/manager_based/classic/ant/agents) by extensions ['ros']
[0.239s] [34mcolcon.colcon_core.package_identification[0m [1;30mLevel 1[0m _identify(isaaclab_tasks/isaaclab_tasks/manager_based/classic/ant/agents) by extension 'ros'
[0.239s] [34mcolcon.colcon_core.package_identification[0m [1;30mLevel 1[0m _identify(isaaclab_tasks/isaaclab_tasks/manager_based/classic/ant/agents) by extensions ['cmake', 'python']
[0.239s] [34mcolcon.colcon_core.package_identification[0m [1;30mLevel 1[0m _identify(isaaclab_tasks/isaaclab_tasks/manager_based/classic/ant/agents) by extension 'cmake'
[0.239s] [34mcolcon.colcon_core.package_identification[0m [1;30mLevel 1[0m _identify(isaaclab_tasks/isaaclab_tasks/manager_based/classic/ant/agents) by extension 'python'
[0.239s] [34mcolcon.colcon_core.package_identification[0m [1;30mLevel 1[0m _identify(isaaclab_tasks/isaaclab_tasks/manager_based/classic/ant/agents) by extensions ['python_setup_py']
[0.239s] [34mcolcon.colcon_core.package_identification[0m [1;30mLevel 1[0m _identify(isaaclab_tasks/isaaclab_tasks/manager_based/classic/ant/agents) by extension 'python_setup_py'
[0.239s] [34mcolcon.colcon_core.package_identification[0m [1;30mLevel 1[0m _identify(isaaclab_tasks/isaaclab_tasks/manager_based/classic/ant/agents/__pycache__) by extensions ['ignore', 'ignore_ament_install']
[0.239s] [34mcolcon.colcon_core.package_identification[0m [1;30mLevel 1[0m _identify(isaaclab_tasks/isaaclab_tasks/manager_based/classic/ant/agents/__pycache__) by extension 'ignore'
[0.239s] [34mcolcon.colcon_core.package_identification[0m [1;30mLevel 1[0m _identify(isaaclab_tasks/isaaclab_tasks/manager_based/classic/ant/agents/__pycache__) by extension 'ignore_ament_install'
[0.239s] [34mcolcon.colcon_core.package_identification[0m [1;30mLevel 1[0m _identify(isaaclab_tasks/isaaclab_tasks/manager_based/classic/ant/agents/__pycache__) by extensions ['colcon_pkg']
[0.239s] [34mcolcon.colcon_core.package_identification[0m [1;30mLevel 1[0m _identify(isaaclab_tasks/isaaclab_tasks/manager_based/classic/ant/agents/__pycache__) by extension 'colcon_pkg'
[0.239s] [34mcolcon.colcon_core.package_identification[0m [1;30mLevel 1[0m _identify(isaaclab_tasks/isaaclab_tasks/manager_based/classic/ant/agents/__pycache__) by extensions ['colcon_meta']
[0.239s] [34mcolcon.colcon_core.package_identification[0m [1;30mLevel 1[0m _identify(isaaclab_tasks/isaaclab_tasks/manager_based/classic/ant/agents/__pycache__) by extension 'colcon_meta'
[0.239s] [34mcolcon.colcon_core.package_identification[0m [1;30mLevel 1[0m _identify(isaaclab_tasks/isaaclab_tasks/manager_based/classic/ant/agents/__pycache__) by extensions ['ros']
[0.239s] [34mcolcon.colcon_core.package_identification[0m [1;30mLevel 1[0m _identify(isaaclab_tasks/isaaclab_tasks/manager_based/classic/ant/agents/__pycache__) by extension 'ros'
[0.239s] [34mcolcon.colcon_core.package_identification[0m [1;30mLevel 1[0m _identify(isaaclab_tasks/isaaclab_tasks/manager_based/classic/ant/agents/__pycache__) by extensions ['cmake', 'python']
[0.239s] [34mcolcon.colcon_core.package_identification[0m [1;30mLevel 1[0m _identify(isaaclab_tasks/isaaclab_tasks/manager_based/classic/ant/agents/__pycache__) by extension 'cmake'
[0.239s] [34mcolcon.colcon_core.package_identification[0m [1;30mLevel 1[0m _identify(isaaclab_tasks/isaaclab_tasks/manager_based/classic/ant/agents/__pycache__) by extension 'python'
[0.239s] [34mcolcon.colcon_core.package_identification[0m [1;30mLevel 1[0m _identify(isaaclab_tasks/isaaclab_tasks/manager_based/classic/ant/agents/__pycache__) by extensions ['python_setup_py']
[0.239s] [34mcolcon.colcon_core.package_identification[0m [1;30mLevel 1[0m _identify(isaaclab_tasks/isaaclab_tasks/manager_based/classic/ant/agents/__pycache__) by extension 'python_setup_py'
[0.239s] [34mcolcon.colcon_core.package_identification[0m [1;30mLevel 1[0m _identify(isaaclab_tasks/isaaclab_tasks/manager_based/classic/cartpole) by extensions ['ignore', 'ignore_ament_install']
[0.239s] [34mcolcon.colcon_core.package_identification[0m [1;30mLevel 1[0m _identify(isaaclab_tasks/isaaclab_tasks/manager_based/classic/cartpole) by extension 'ignore'
[0.239s] [34mcolcon.colcon_core.package_identification[0m [1;30mLevel 1[0m _identify(isaaclab_tasks/isaaclab_tasks/manager_based/classic/cartpole) by extension 'ignore_ament_install'
[0.239s] [34mcolcon.colcon_core.package_identification[0m [1;30mLevel 1[0m _identify(isaaclab_tasks/isaaclab_tasks/manager_based/classic/cartpole) by extensions ['colcon_pkg']
[0.239s] [34mcolcon.colcon_core.package_identification[0m [1;30mLevel 1[0m _identify(isaaclab_tasks/isaaclab_tasks/manager_based/classic/cartpole) by extension 'colcon_pkg'
[0.239s] [34mcolcon.colcon_core.package_identification[0m [1;30mLevel 1[0m _identify(isaaclab_tasks/isaaclab_tasks/manager_based/classic/cartpole) by extensions ['colcon_meta']
[0.239s] [34mcolcon.colcon_core.package_identification[0m [1;30mLevel 1[0m _identify(isaaclab_tasks/isaaclab_tasks/manager_based/classic/cartpole) by extension 'colcon_meta'
[0.239s] [34mcolcon.colcon_core.package_identification[0m [1;30mLevel 1[0m _identify(isaaclab_tasks/isaaclab_tasks/manager_based/classic/cartpole) by extensions ['ros']
[0.239s] [34mcolcon.colcon_core.package_identification[0m [1;30mLevel 1[0m _identify(isaaclab_tasks/isaaclab_tasks/manager_based/classic/cartpole) by extension 'ros'
[0.239s] [34mcolcon.colcon_core.package_identification[0m [1;30mLevel 1[0m _identify(isaaclab_tasks/isaaclab_tasks/manager_based/classic/cartpole) by extensions ['cmake', 'python']
[0.239s] [34mcolcon.colcon_core.package_identification[0m [1;30mLevel 1[0m _identify(isaaclab_tasks/isaaclab_tasks/manager_based/classic/cartpole) by extension 'cmake'
[0.239s] [34mcolcon.colcon_core.package_identification[0m [1;30mLevel 1[0m _identify(isaaclab_tasks/isaaclab_tasks/manager_based/classic/cartpole) by extension 'python'
[0.239s] [34mcolcon.colcon_core.package_identification[0m [1;30mLevel 1[0m _identify(isaaclab_tasks/isaaclab_tasks/manager_based/classic/cartpole) by extensions ['python_setup_py']
[0.239s] [34mcolcon.colcon_core.package_identification[0m [1;30mLevel 1[0m _identify(isaaclab_tasks/isaaclab_tasks/manager_based/classic/cartpole) by extension 'python_setup_py'
[0.239s] [34mcolcon.colcon_core.package_identification[0m [1;30mLevel 1[0m _identify(isaaclab_tasks/isaaclab_tasks/manager_based/classic/cartpole/__pycache__) by extensions ['ignore', 'ignore_ament_install']
[0.239s] [34mcolcon.colcon_core.package_identification[0m [1;30mLevel 1[0m _identify(isaaclab_tasks/isaaclab_tasks/manager_based/classic/cartpole/__pycache__) by extension 'ignore'
[0.239s] [34mcolcon.colcon_core.package_identification[0m [1;30mLevel 1[0m _identify(isaaclab_tasks/isaaclab_tasks/manager_based/classic/cartpole/__pycache__) by extension 'ignore_ament_install'
[0.239s] [34mcolcon.colcon_core.package_identification[0m [1;30mLevel 1[0m _identify(isaaclab_tasks/isaaclab_tasks/manager_based/classic/cartpole/__pycache__) by extensions ['colcon_pkg']
[0.239s] [34mcolcon.colcon_core.package_identification[0m [1;30mLevel 1[0m _identify(isaaclab_tasks/isaaclab_tasks/manager_based/classic/cartpole/__pycache__) by extension 'colcon_pkg'
[0.239s] [34mcolcon.colcon_core.package_identification[0m [1;30mLevel 1[0m _identify(isaaclab_tasks/isaaclab_tasks/manager_based/classic/cartpole/__pycache__) by extensions ['colcon_meta']
[0.239s] [34mcolcon.colcon_core.package_identification[0m [1;30mLevel 1[0m _identify(isaaclab_tasks/isaaclab_tasks/manager_based/classic/cartpole/__pycache__) by extension 'colcon_meta'
[0.239s] [34mcolcon.colcon_core.package_identification[0m [1;30mLevel 1[0m _identify(isaaclab_tasks/isaaclab_tasks/manager_based/classic/cartpole/__pycache__) by extensions ['ros']
[0.239s] [34mcolcon.colcon_core.package_identification[0m [1;30mLevel 1[0m _identify(isaaclab_tasks/isaaclab_tasks/manager_based/classic/cartpole/__pycache__) by extension 'ros'
[0.239s] [34mcolcon.colcon_core.package_identification[0m [1;30mLevel 1[0m _identify(isaaclab_tasks/isaaclab_tasks/manager_based/classic/cartpole/__pycache__) by extensions ['cmake', 'python']
[0.239s] [34mcolcon.colcon_core.package_identification[0m [1;30mLevel 1[0m _identify(isaaclab_tasks/isaaclab_tasks/manager_based/classic/cartpole/__pycache__) by extension 'cmake'
[0.239s] [34mcolcon.colcon_core.package_identification[0m [1;30mLevel 1[0m _identify(isaaclab_tasks/isaaclab_tasks/manager_based/classic/cartpole/__pycache__) by extension 'python'
[0.239s] [34mcolcon.colcon_core.package_identification[0m [1;30mLevel 1[0m _identify(isaaclab_tasks/isaaclab_tasks/manager_based/classic/cartpole/__pycache__) by extensions ['python_setup_py']
[0.240s] [34mcolcon.colcon_core.package_identification[0m [1;30mLevel 1[0m _identify(isaaclab_tasks/isaaclab_tasks/manager_based/classic/cartpole/__pycache__) by extension 'python_setup_py'
[0.240s] [34mcolcon.colcon_core.package_identification[0m [1;30mLevel 1[0m _identify(isaaclab_tasks/isaaclab_tasks/manager_based/classic/cartpole/agents) by extensions ['ignore', 'ignore_ament_install']
[0.240s] [34mcolcon.colcon_core.package_identification[0m [1;30mLevel 1[0m _identify(isaaclab_tasks/isaaclab_tasks/manager_based/classic/cartpole/agents) by extension 'ignore'
[0.240s] [34mcolcon.colcon_core.package_identification[0m [1;30mLevel 1[0m _identify(isaaclab_tasks/isaaclab_tasks/manager_based/classic/cartpole/agents) by extension 'ignore_ament_install'
[0.240s] [34mcolcon.colcon_core.package_identification[0m [1;30mLevel 1[0m _identify(isaaclab_tasks/isaaclab_tasks/manager_based/classic/cartpole/agents) by extensions ['colcon_pkg']
[0.240s] [34mcolcon.colcon_core.package_identification[0m [1;30mLevel 1[0m _identify(isaaclab_tasks/isaaclab_tasks/manager_based/classic/cartpole/agents) by extension 'colcon_pkg'
[0.240s] [34mcolcon.colcon_core.package_identification[0m [1;30mLevel 1[0m _identify(isaaclab_tasks/isaaclab_tasks/manager_based/classic/cartpole/agents) by extensions ['colcon_meta']
[0.240s] [34mcolcon.colcon_core.package_identification[0m [1;30mLevel 1[0m _identify(isaaclab_tasks/isaaclab_tasks/manager_based/classic/cartpole/agents) by extension 'colcon_meta'
[0.240s] [34mcolcon.colcon_core.package_identification[0m [1;30mLevel 1[0m _identify(isaaclab_tasks/isaaclab_tasks/manager_based/classic/cartpole/agents) by extensions ['ros']
[0.240s] [34mcolcon.colcon_core.package_identification[0m [1;30mLevel 1[0m _identify(isaaclab_tasks/isaaclab_tasks/manager_based/classic/cartpole/agents) by extension 'ros'
[0.240s] [34mcolcon.colcon_core.package_identification[0m [1;30mLevel 1[0m _identify(isaaclab_tasks/isaaclab_tasks/manager_based/classic/cartpole/agents) by extensions ['cmake', 'python']
[0.240s] [34mcolcon.colcon_core.package_identification[0m [1;30mLevel 1[0m _identify(isaaclab_tasks/isaaclab_tasks/manager_based/classic/cartpole/agents) by extension 'cmake'
[0.240s] [34mcolcon.colcon_core.package_identification[0m [1;30mLevel 1[0m _identify(isaaclab_tasks/isaaclab_tasks/manager_based/classic/cartpole/agents) by extension 'python'
[0.240s] [34mcolcon.colcon_core.package_identification[0m [1;30mLevel 1[0m _identify(isaaclab_tasks/isaaclab_tasks/manager_based/classic/cartpole/agents) by extensions ['python_setup_py']
[0.240s] [34mcolcon.colcon_core.package_identification[0m [1;30mLevel 1[0m _identify(isaaclab_tasks/isaaclab_tasks/manager_based/classic/cartpole/agents) by extension 'python_setup_py'
[0.240s] [34mcolcon.colcon_core.package_identification[0m [1;30mLevel 1[0m _identify(isaaclab_tasks/isaaclab_tasks/manager_based/classic/cartpole/agents/__pycache__) by extensions ['ignore', 'ignore_ament_install']
[0.240s] [34mcolcon.colcon_core.package_identification[0m [1;30mLevel 1[0m _identify(isaaclab_tasks/isaaclab_tasks/manager_based/classic/cartpole/agents/__pycache__) by extension 'ignore'
[0.240s] [34mcolcon.colcon_core.package_identification[0m [1;30mLevel 1[0m _identify(isaaclab_tasks/isaaclab_tasks/manager_based/classic/cartpole/agents/__pycache__) by extension 'ignore_ament_install'
[0.240s] [34mcolcon.colcon_core.package_identification[0m [1;30mLevel 1[0m _identify(isaaclab_tasks/isaaclab_tasks/manager_based/classic/cartpole/agents/__pycache__) by extensions ['colcon_pkg']
[0.240s] [34mcolcon.colcon_core.package_identification[0m [1;30mLevel 1[0m _identify(isaaclab_tasks/isaaclab_tasks/manager_based/classic/cartpole/agents/__pycache__) by extension 'colcon_pkg'
[0.240s] [34mcolcon.colcon_core.package_identification[0m [1;30mLevel 1[0m _identify(isaaclab_tasks/isaaclab_tasks/manager_based/classic/cartpole/agents/__pycache__) by extensions ['colcon_meta']
[0.240s] [34mcolcon.colcon_core.package_identification[0m [1;30mLevel 1[0m _identify(isaaclab_tasks/isaaclab_tasks/manager_based/classic/cartpole/agents/__pycache__) by extension 'colcon_meta'
[0.240s] [34mcolcon.colcon_core.package_identification[0m [1;30mLevel 1[0m _identify(isaaclab_tasks/isaaclab_tasks/manager_based/classic/cartpole/agents/__pycache__) by extensions ['ros']
[0.240s] [34mcolcon.colcon_core.package_identification[0m [1;30mLevel 1[0m _identify(isaaclab_tasks/isaaclab_tasks/manager_based/classic/cartpole/agents/__pycache__) by extension 'ros'
[0.240s] [34mcolcon.colcon_core.package_identification[0m [1;30mLevel 1[0m _identify(isaaclab_tasks/isaaclab_tasks/manager_based/classic/cartpole/agents/__pycache__) by extensions ['cmake', 'python']
[0.240s] [34mcolcon.colcon_core.package_identification[0m [1;30mLevel 1[0m _identify(isaaclab_tasks/isaaclab_tasks/manager_based/classic/cartpole/agents/__pycache__) by extension 'cmake'
[0.240s] [34mcolcon.colcon_core.package_identification[0m [1;30mLevel 1[0m _identify(isaaclab_tasks/isaaclab_tasks/manager_based/classic/cartpole/agents/__pycache__) by extension 'python'
[0.240s] [34mcolcon.colcon_core.package_identification[0m [1;30mLevel 1[0m _identify(isaaclab_tasks/isaaclab_tasks/manager_based/classic/cartpole/agents/__pycache__) by extensions ['python_setup_py']
[0.240s] [34mcolcon.colcon_core.package_identification[0m [1;30mLevel 1[0m _identify(isaaclab_tasks/isaaclab_tasks/manager_based/classic/cartpole/agents/__pycache__) by extension 'python_setup_py'
[0.240s] [34mcolcon.colcon_core.package_identification[0m [1;30mLevel 1[0m _identify(isaaclab_tasks/isaaclab_tasks/manager_based/classic/cartpole/mdp) by extensions ['ignore', 'ignore_ament_install']
[0.240s] [34mcolcon.colcon_core.package_identification[0m [1;30mLevel 1[0m _identify(isaaclab_tasks/isaaclab_tasks/manager_based/classic/cartpole/mdp) by extension 'ignore'
[0.240s] [34mcolcon.colcon_core.package_identification[0m [1;30mLevel 1[0m _identify(isaaclab_tasks/isaaclab_tasks/manager_based/classic/cartpole/mdp) by extension 'ignore_ament_install'
[0.240s] [34mcolcon.colcon_core.package_identification[0m [1;30mLevel 1[0m _identify(isaaclab_tasks/isaaclab_tasks/manager_based/classic/cartpole/mdp) by extensions ['colcon_pkg']
[0.240s] [34mcolcon.colcon_core.package_identification[0m [1;30mLevel 1[0m _identify(isaaclab_tasks/isaaclab_tasks/manager_based/classic/cartpole/mdp) by extension 'colcon_pkg'
[0.240s] [34mcolcon.colcon_core.package_identification[0m [1;30mLevel 1[0m _identify(isaaclab_tasks/isaaclab_tasks/manager_based/classic/cartpole/mdp) by extensions ['colcon_meta']
[0.240s] [34mcolcon.colcon_core.package_identification[0m [1;30mLevel 1[0m _identify(isaaclab_tasks/isaaclab_tasks/manager_based/classic/cartpole/mdp) by extension 'colcon_meta'
[0.240s] [34mcolcon.colcon_core.package_identification[0m [1;30mLevel 1[0m _identify(isaaclab_tasks/isaaclab_tasks/manager_based/classic/cartpole/mdp) by extensions ['ros']
[0.240s] [34mcolcon.colcon_core.package_identification[0m [1;30mLevel 1[0m _identify(isaaclab_tasks/isaaclab_tasks/manager_based/classic/cartpole/mdp) by extension 'ros'
[0.240s] [34mcolcon.colcon_core.package_identification[0m [1;30mLevel 1[0m _identify(isaaclab_tasks/isaaclab_tasks/manager_based/classic/cartpole/mdp) by extensions ['cmake', 'python']
[0.240s] [34mcolcon.colcon_core.package_identification[0m [1;30mLevel 1[0m _identify(isaaclab_tasks/isaaclab_tasks/manager_based/classic/cartpole/mdp) by extension 'cmake'
[0.240s] [34mcolcon.colcon_core.package_identification[0m [1;30mLevel 1[0m _identify(isaaclab_tasks/isaaclab_tasks/manager_based/classic/cartpole/mdp) by extension 'python'
[0.240s] [34mcolcon.colcon_core.package_identification[0m [1;30mLevel 1[0m _identify(isaaclab_tasks/isaaclab_tasks/manager_based/classic/cartpole/mdp) by extensions ['python_setup_py']
[0.240s] [34mcolcon.colcon_core.package_identification[0m [1;30mLevel 1[0m _identify(isaaclab_tasks/isaaclab_tasks/manager_based/classic/cartpole/mdp) by extension 'python_setup_py'
[0.240s] [34mcolcon.colcon_core.package_identification[0m [1;30mLevel 1[0m _identify(isaaclab_tasks/isaaclab_tasks/manager_based/classic/cartpole/mdp/__pycache__) by extensions ['ignore', 'ignore_ament_install']
[0.240s] [34mcolcon.colcon_core.package_identification[0m [1;30mLevel 1[0m _identify(isaaclab_tasks/isaaclab_tasks/manager_based/classic/cartpole/mdp/__pycache__) by extension 'ignore'
[0.240s] [34mcolcon.colcon_core.package_identification[0m [1;30mLevel 1[0m _identify(isaaclab_tasks/isaaclab_tasks/manager_based/classic/cartpole/mdp/__pycache__) by extension 'ignore_ament_install'
[0.241s] [34mcolcon.colcon_core.package_identification[0m [1;30mLevel 1[0m _identify(isaaclab_tasks/isaaclab_tasks/manager_based/classic/cartpole/mdp/__pycache__) by extensions ['colcon_pkg']
[0.241s] [34mcolcon.colcon_core.package_identification[0m [1;30mLevel 1[0m _identify(isaaclab_tasks/isaaclab_tasks/manager_based/classic/cartpole/mdp/__pycache__) by extension 'colcon_pkg'
[0.241s] [34mcolcon.colcon_core.package_identification[0m [1;30mLevel 1[0m _identify(isaaclab_tasks/isaaclab_tasks/manager_based/classic/cartpole/mdp/__pycache__) by extensions ['colcon_meta']
[0.241s] [34mcolcon.colcon_core.package_identification[0m [1;30mLevel 1[0m _identify(isaaclab_tasks/isaaclab_tasks/manager_based/classic/cartpole/mdp/__pycache__) by extension 'colcon_meta'
[0.241s] [34mcolcon.colcon_core.package_identification[0m [1;30mLevel 1[0m _identify(isaaclab_tasks/isaaclab_tasks/manager_based/classic/cartpole/mdp/__pycache__) by extensions ['ros']
[0.241s] [34mcolcon.colcon_core.package_identification[0m [1;30mLevel 1[0m _identify(isaaclab_tasks/isaaclab_tasks/manager_based/classic/cartpole/mdp/__pycache__) by extension 'ros'
[0.241s] [34mcolcon.colcon_core.package_identification[0m [1;30mLevel 1[0m _identify(isaaclab_tasks/isaaclab_tasks/manager_based/classic/cartpole/mdp/__pycache__) by extensions ['cmake', 'python']
[0.241s] [34mcolcon.colcon_core.package_identification[0m [1;30mLevel 1[0m _identify(isaaclab_tasks/isaaclab_tasks/manager_based/classic/cartpole/mdp/__pycache__) by extension 'cmake'
[0.241s] [34mcolcon.colcon_core.package_identification[0m [1;30mLevel 1[0m _identify(isaaclab_tasks/isaaclab_tasks/manager_based/classic/cartpole/mdp/__pycache__) by extension 'python'
[0.241s] [34mcolcon.colcon_core.package_identification[0m [1;30mLevel 1[0m _identify(isaaclab_tasks/isaaclab_tasks/manager_based/classic/cartpole/mdp/__pycache__) by extensions ['python_setup_py']
[0.241s] [34mcolcon.colcon_core.package_identification[0m [1;30mLevel 1[0m _identify(isaaclab_tasks/isaaclab_tasks/manager_based/classic/cartpole/mdp/__pycache__) by extension 'python_setup_py'
[0.241s] [34mcolcon.colcon_core.package_identification[0m [1;30mLevel 1[0m _identify(isaaclab_tasks/isaaclab_tasks/manager_based/classic/humanoid) by extensions ['ignore', 'ignore_ament_install']
[0.241s] [34mcolcon.colcon_core.package_identification[0m [1;30mLevel 1[0m _identify(isaaclab_tasks/isaaclab_tasks/manager_based/classic/humanoid) by extension 'ignore'
[0.241s] [34mcolcon.colcon_core.package_identification[0m [1;30mLevel 1[0m _identify(isaaclab_tasks/isaaclab_tasks/manager_based/classic/humanoid) by extension 'ignore_ament_install'
[0.241s] [34mcolcon.colcon_core.package_identification[0m [1;30mLevel 1[0m _identify(isaaclab_tasks/isaaclab_tasks/manager_based/classic/humanoid) by extensions ['colcon_pkg']
[0.241s] [34mcolcon.colcon_core.package_identification[0m [1;30mLevel 1[0m _identify(isaaclab_tasks/isaaclab_tasks/manager_based/classic/humanoid) by extension 'colcon_pkg'
[0.241s] [34mcolcon.colcon_core.package_identification[0m [1;30mLevel 1[0m _identify(isaaclab_tasks/isaaclab_tasks/manager_based/classic/humanoid) by extensions ['colcon_meta']
[0.241s] [34mcolcon.colcon_core.package_identification[0m [1;30mLevel 1[0m _identify(isaaclab_tasks/isaaclab_tasks/manager_based/classic/humanoid) by extension 'colcon_meta'
[0.241s] [34mcolcon.colcon_core.package_identification[0m [1;30mLevel 1[0m _identify(isaaclab_tasks/isaaclab_tasks/manager_based/classic/humanoid) by extensions ['ros']
[0.241s] [34mcolcon.colcon_core.package_identification[0m [1;30mLevel 1[0m _identify(isaaclab_tasks/isaaclab_tasks/manager_based/classic/humanoid) by extension 'ros'
[0.241s] [34mcolcon.colcon_core.package_identification[0m [1;30mLevel 1[0m _identify(isaaclab_tasks/isaaclab_tasks/manager_based/classic/humanoid) by extensions ['cmake', 'python']
[0.241s] [34mcolcon.colcon_core.package_identification[0m [1;30mLevel 1[0m _identify(isaaclab_tasks/isaaclab_tasks/manager_based/classic/humanoid) by extension 'cmake'
[0.241s] [34mcolcon.colcon_core.package_identification[0m [1;30mLevel 1[0m _identify(isaaclab_tasks/isaaclab_tasks/manager_based/classic/humanoid) by extension 'python'
[0.241s] [34mcolcon.colcon_core.package_identification[0m [1;30mLevel 1[0m _identify(isaaclab_tasks/isaaclab_tasks/manager_based/classic/humanoid) by extensions ['python_setup_py']
[0.241s] [34mcolcon.colcon_core.package_identification[0m [1;30mLevel 1[0m _identify(isaaclab_tasks/isaaclab_tasks/manager_based/classic/humanoid) by extension 'python_setup_py'
[0.241s] [34mcolcon.colcon_core.package_identification[0m [1;30mLevel 1[0m _identify(isaaclab_tasks/isaaclab_tasks/manager_based/classic/humanoid/__pycache__) by extensions ['ignore', 'ignore_ament_install']
[0.241s] [34mcolcon.colcon_core.package_identification[0m [1;30mLevel 1[0m _identify(isaaclab_tasks/isaaclab_tasks/manager_based/classic/humanoid/__pycache__) by extension 'ignore'
[0.241s] [34mcolcon.colcon_core.package_identification[0m [1;30mLevel 1[0m _identify(isaaclab_tasks/isaaclab_tasks/manager_based/classic/humanoid/__pycache__) by extension 'ignore_ament_install'
[0.241s] [34mcolcon.colcon_core.package_identification[0m [1;30mLevel 1[0m _identify(isaaclab_tasks/isaaclab_tasks/manager_based/classic/humanoid/__pycache__) by extensions ['colcon_pkg']
[0.241s] [34mcolcon.colcon_core.package_identification[0m [1;30mLevel 1[0m _identify(isaaclab_tasks/isaaclab_tasks/manager_based/classic/humanoid/__pycache__) by extension 'colcon_pkg'
[0.241s] [34mcolcon.colcon_core.package_identification[0m [1;30mLevel 1[0m _identify(isaaclab_tasks/isaaclab_tasks/manager_based/classic/humanoid/__pycache__) by extensions ['colcon_meta']
[0.241s] [34mcolcon.colcon_core.package_identification[0m [1;30mLevel 1[0m _identify(isaaclab_tasks/isaaclab_tasks/manager_based/classic/humanoid/__pycache__) by extension 'colcon_meta'
[0.241s] [34mcolcon.colcon_core.package_identification[0m [1;30mLevel 1[0m _identify(isaaclab_tasks/isaaclab_tasks/manager_based/classic/humanoid/__pycache__) by extensions ['ros']
[0.241s] [34mcolcon.colcon_core.package_identification[0m [1;30mLevel 1[0m _identify(isaaclab_tasks/isaaclab_tasks/manager_based/classic/humanoid/__pycache__) by extension 'ros'
[0.241s] [34mcolcon.colcon_core.package_identification[0m [1;30mLevel 1[0m _identify(isaaclab_tasks/isaaclab_tasks/manager_based/classic/humanoid/__pycache__) by extensions ['cmake', 'python']
[0.241s] [34mcolcon.colcon_core.package_identification[0m [1;30mLevel 1[0m _identify(isaaclab_tasks/isaaclab_tasks/manager_based/classic/humanoid/__pycache__) by extension 'cmake'
[0.241s] [34mcolcon.colcon_core.package_identification[0m [1;30mLevel 1[0m _identify(isaaclab_tasks/isaaclab_tasks/manager_based/classic/humanoid/__pycache__) by extension 'python'
[0.241s] [34mcolcon.colcon_core.package_identification[0m [1;30mLevel 1[0m _identify(isaaclab_tasks/isaaclab_tasks/manager_based/classic/humanoid/__pycache__) by extensions ['python_setup_py']
[0.241s] [34mcolcon.colcon_core.package_identification[0m [1;30mLevel 1[0m _identify(isaaclab_tasks/isaaclab_tasks/manager_based/classic/humanoid/__pycache__) by extension 'python_setup_py'
[0.241s] [34mcolcon.colcon_core.package_identification[0m [1;30mLevel 1[0m _identify(isaaclab_tasks/isaaclab_tasks/manager_based/classic/humanoid/agents) by extensions ['ignore', 'ignore_ament_install']
[0.241s] [34mcolcon.colcon_core.package_identification[0m [1;30mLevel 1[0m _identify(isaaclab_tasks/isaaclab_tasks/manager_based/classic/humanoid/agents) by extension 'ignore'
[0.241s] [34mcolcon.colcon_core.package_identification[0m [1;30mLevel 1[0m _identify(isaaclab_tasks/isaaclab_tasks/manager_based/classic/humanoid/agents) by extension 'ignore_ament_install'
[0.241s] [34mcolcon.colcon_core.package_identification[0m [1;30mLevel 1[0m _identify(isaaclab_tasks/isaaclab_tasks/manager_based/classic/humanoid/agents) by extensions ['colcon_pkg']
[0.241s] [34mcolcon.colcon_core.package_identification[0m [1;30mLevel 1[0m _identify(isaaclab_tasks/isaaclab_tasks/manager_based/classic/humanoid/agents) by extension 'colcon_pkg'
[0.241s] [34mcolcon.colcon_core.package_identification[0m [1;30mLevel 1[0m _identify(isaaclab_tasks/isaaclab_tasks/manager_based/classic/humanoid/agents) by extensions ['colcon_meta']
[0.241s] [34mcolcon.colcon_core.package_identification[0m [1;30mLevel 1[0m _identify(isaaclab_tasks/isaaclab_tasks/manager_based/classic/humanoid/agents) by extension 'colcon_meta'
[0.241s] [34mcolcon.colcon_core.package_identification[0m [1;30mLevel 1[0m _identify(isaaclab_tasks/isaaclab_tasks/manager_based/classic/humanoid/agents) by extensions ['ros']
[0.241s] [34mcolcon.colcon_core.package_identification[0m [1;30mLevel 1[0m _identify(isaaclab_tasks/isaaclab_tasks/manager_based/classic/humanoid/agents) by extension 'ros'
[0.241s] [34mcolcon.colcon_core.package_identification[0m [1;30mLevel 1[0m _identify(isaaclab_tasks/isaaclab_tasks/manager_based/classic/humanoid/agents) by extensions ['cmake', 'python']
[0.241s] [34mcolcon.colcon_core.package_identification[0m [1;30mLevel 1[0m _identify(isaaclab_tasks/isaaclab_tasks/manager_based/classic/humanoid/agents) by extension 'cmake'
[0.241s] [34mcolcon.colcon_core.package_identification[0m [1;30mLevel 1[0m _identify(isaaclab_tasks/isaaclab_tasks/manager_based/classic/humanoid/agents) by extension 'python'
[0.241s] [34mcolcon.colcon_core.package_identification[0m [1;30mLevel 1[0m _identify(isaaclab_tasks/isaaclab_tasks/manager_based/classic/humanoid/agents) by extensions ['python_setup_py']
[0.242s] [34mcolcon.colcon_core.package_identification[0m [1;30mLevel 1[0m _identify(isaaclab_tasks/isaaclab_tasks/manager_based/classic/humanoid/agents) by extension 'python_setup_py'
[0.242s] [34mcolcon.colcon_core.package_identification[0m [1;30mLevel 1[0m _identify(isaaclab_tasks/isaaclab_tasks/manager_based/classic/humanoid/agents/__pycache__) by extensions ['ignore', 'ignore_ament_install']
[0.242s] [34mcolcon.colcon_core.package_identification[0m [1;30mLevel 1[0m _identify(isaaclab_tasks/isaaclab_tasks/manager_based/classic/humanoid/agents/__pycache__) by extension 'ignore'
[0.242s] [34mcolcon.colcon_core.package_identification[0m [1;30mLevel 1[0m _identify(isaaclab_tasks/isaaclab_tasks/manager_based/classic/humanoid/agents/__pycache__) by extension 'ignore_ament_install'
[0.242s] [34mcolcon.colcon_core.package_identification[0m [1;30mLevel 1[0m _identify(isaaclab_tasks/isaaclab_tasks/manager_based/classic/humanoid/agents/__pycache__) by extensions ['colcon_pkg']
[0.242s] [34mcolcon.colcon_core.package_identification[0m [1;30mLevel 1[0m _identify(isaaclab_tasks/isaaclab_tasks/manager_based/classic/humanoid/agents/__pycache__) by extension 'colcon_pkg'
[0.242s] [34mcolcon.colcon_core.package_identification[0m [1;30mLevel 1[0m _identify(isaaclab_tasks/isaaclab_tasks/manager_based/classic/humanoid/agents/__pycache__) by extensions ['colcon_meta']
[0.242s] [34mcolcon.colcon_core.package_identification[0m [1;30mLevel 1[0m _identify(isaaclab_tasks/isaaclab_tasks/manager_based/classic/humanoid/agents/__pycache__) by extension 'colcon_meta'
[0.242s] [34mcolcon.colcon_core.package_identification[0m [1;30mLevel 1[0m _identify(isaaclab_tasks/isaaclab_tasks/manager_based/classic/humanoid/agents/__pycache__) by extensions ['ros']
[0.242s] [34mcolcon.colcon_core.package_identification[0m [1;30mLevel 1[0m _identify(isaaclab_tasks/isaaclab_tasks/manager_based/classic/humanoid/agents/__pycache__) by extension 'ros'
[0.242s] [34mcolcon.colcon_core.package_identification[0m [1;30mLevel 1[0m _identify(isaaclab_tasks/isaaclab_tasks/manager_based/classic/humanoid/agents/__pycache__) by extensions ['cmake', 'python']
[0.242s] [34mcolcon.colcon_core.package_identification[0m [1;30mLevel 1[0m _identify(isaaclab_tasks/isaaclab_tasks/manager_based/classic/humanoid/agents/__pycache__) by extension 'cmake'
[0.242s] [34mcolcon.colcon_core.package_identification[0m [1;30mLevel 1[0m _identify(isaaclab_tasks/isaaclab_tasks/manager_based/classic/humanoid/agents/__pycache__) by extension 'python'
[0.242s] [34mcolcon.colcon_core.package_identification[0m [1;30mLevel 1[0m _identify(isaaclab_tasks/isaaclab_tasks/manager_based/classic/humanoid/agents/__pycache__) by extensions ['python_setup_py']
[0.242s] [34mcolcon.colcon_core.package_identification[0m [1;30mLevel 1[0m _identify(isaaclab_tasks/isaaclab_tasks/manager_based/classic/humanoid/agents/__pycache__) by extension 'python_setup_py'
[0.242s] [34mcolcon.colcon_core.package_identification[0m [1;30mLevel 1[0m _identify(isaaclab_tasks/isaaclab_tasks/manager_based/classic/humanoid/mdp) by extensions ['ignore', 'ignore_ament_install']
[0.242s] [34mcolcon.colcon_core.package_identification[0m [1;30mLevel 1[0m _identify(isaaclab_tasks/isaaclab_tasks/manager_based/classic/humanoid/mdp) by extension 'ignore'
[0.242s] [34mcolcon.colcon_core.package_identification[0m [1;30mLevel 1[0m _identify(isaaclab_tasks/isaaclab_tasks/manager_based/classic/humanoid/mdp) by extension 'ignore_ament_install'
[0.242s] [34mcolcon.colcon_core.package_identification[0m [1;30mLevel 1[0m _identify(isaaclab_tasks/isaaclab_tasks/manager_based/classic/humanoid/mdp) by extensions ['colcon_pkg']
[0.242s] [34mcolcon.colcon_core.package_identification[0m [1;30mLevel 1[0m _identify(isaaclab_tasks/isaaclab_tasks/manager_based/classic/humanoid/mdp) by extension 'colcon_pkg'
[0.242s] [34mcolcon.colcon_core.package_identification[0m [1;30mLevel 1[0m _identify(isaaclab_tasks/isaaclab_tasks/manager_based/classic/humanoid/mdp) by extensions ['colcon_meta']
[0.242s] [34mcolcon.colcon_core.package_identification[0m [1;30mLevel 1[0m _identify(isaaclab_tasks/isaaclab_tasks/manager_based/classic/humanoid/mdp) by extension 'colcon_meta'
[0.242s] [34mcolcon.colcon_core.package_identification[0m [1;30mLevel 1[0m _identify(isaaclab_tasks/isaaclab_tasks/manager_based/classic/humanoid/mdp) by extensions ['ros']
[0.242s] [34mcolcon.colcon_core.package_identification[0m [1;30mLevel 1[0m _identify(isaaclab_tasks/isaaclab_tasks/manager_based/classic/humanoid/mdp) by extension 'ros'
[0.242s] [34mcolcon.colcon_core.package_identification[0m [1;30mLevel 1[0m _identify(isaaclab_tasks/isaaclab_tasks/manager_based/classic/humanoid/mdp) by extensions ['cmake', 'python']
[0.242s] [34mcolcon.colcon_core.package_identification[0m [1;30mLevel 1[0m _identify(isaaclab_tasks/isaaclab_tasks/manager_based/classic/humanoid/mdp) by extension 'cmake'
[0.242s] [34mcolcon.colcon_core.package_identification[0m [1;30mLevel 1[0m _identify(isaaclab_tasks/isaaclab_tasks/manager_based/classic/humanoid/mdp) by extension 'python'
[0.242s] [34mcolcon.colcon_core.package_identification[0m [1;30mLevel 1[0m _identify(isaaclab_tasks/isaaclab_tasks/manager_based/classic/humanoid/mdp) by extensions ['python_setup_py']
[0.242s] [34mcolcon.colcon_core.package_identification[0m [1;30mLevel 1[0m _identify(isaaclab_tasks/isaaclab_tasks/manager_based/classic/humanoid/mdp) by extension 'python_setup_py'
[0.242s] [34mcolcon.colcon_core.package_identification[0m [1;30mLevel 1[0m _identify(isaaclab_tasks/isaaclab_tasks/manager_based/classic/humanoid/mdp/__pycache__) by extensions ['ignore', 'ignore_ament_install']
[0.242s] [34mcolcon.colcon_core.package_identification[0m [1;30mLevel 1[0m _identify(isaaclab_tasks/isaaclab_tasks/manager_based/classic/humanoid/mdp/__pycache__) by extension 'ignore'
[0.242s] [34mcolcon.colcon_core.package_identification[0m [1;30mLevel 1[0m _identify(isaaclab_tasks/isaaclab_tasks/manager_based/classic/humanoid/mdp/__pycache__) by extension 'ignore_ament_install'
[0.242s] [34mcolcon.colcon_core.package_identification[0m [1;30mLevel 1[0m _identify(isaaclab_tasks/isaaclab_tasks/manager_based/classic/humanoid/mdp/__pycache__) by extensions ['colcon_pkg']
[0.242s] [34mcolcon.colcon_core.package_identification[0m [1;30mLevel 1[0m _identify(isaaclab_tasks/isaaclab_tasks/manager_based/classic/humanoid/mdp/__pycache__) by extension 'colcon_pkg'
[0.242s] [34mcolcon.colcon_core.package_identification[0m [1;30mLevel 1[0m _identify(isaaclab_tasks/isaaclab_tasks/manager_based/classic/humanoid/mdp/__pycache__) by extensions ['colcon_meta']
[0.242s] [34mcolcon.colcon_core.package_identification[0m [1;30mLevel 1[0m _identify(isaaclab_tasks/isaaclab_tasks/manager_based/classic/humanoid/mdp/__pycache__) by extension 'colcon_meta'
[0.242s] [34mcolcon.colcon_core.package_identification[0m [1;30mLevel 1[0m _identify(isaaclab_tasks/isaaclab_tasks/manager_based/classic/humanoid/mdp/__pycache__) by extensions ['ros']
[0.242s] [34mcolcon.colcon_core.package_identification[0m [1;30mLevel 1[0m _identify(isaaclab_tasks/isaaclab_tasks/manager_based/classic/humanoid/mdp/__pycache__) by extension 'ros'
[0.242s] [34mcolcon.colcon_core.package_identification[0m [1;30mLevel 1[0m _identify(isaaclab_tasks/isaaclab_tasks/manager_based/classic/humanoid/mdp/__pycache__) by extensions ['cmake', 'python']
[0.242s] [34mcolcon.colcon_core.package_identification[0m [1;30mLevel 1[0m _identify(isaaclab_tasks/isaaclab_tasks/manager_based/classic/humanoid/mdp/__pycache__) by extension 'cmake'
[0.242s] [34mcolcon.colcon_core.package_identification[0m [1;30mLevel 1[0m _identify(isaaclab_tasks/isaaclab_tasks/manager_based/classic/humanoid/mdp/__pycache__) by extension 'python'
[0.242s] [34mcolcon.colcon_core.package_identification[0m [1;30mLevel 1[0m _identify(isaaclab_tasks/isaaclab_tasks/manager_based/classic/humanoid/mdp/__pycache__) by extensions ['python_setup_py']
[0.242s] [34mcolcon.colcon_core.package_identification[0m [1;30mLevel 1[0m _identify(isaaclab_tasks/isaaclab_tasks/manager_based/classic/humanoid/mdp/__pycache__) by extension 'python_setup_py'
[0.242s] [34mcolcon.colcon_core.package_identification[0m [1;30mLevel 1[0m _identify(isaaclab_tasks/isaaclab_tasks/manager_based/locomanipulation) by extensions ['ignore', 'ignore_ament_install']
[0.242s] [34mcolcon.colcon_core.package_identification[0m [1;30mLevel 1[0m _identify(isaaclab_tasks/isaaclab_tasks/manager_based/locomanipulation) by extension 'ignore'
[0.242s] [34mcolcon.colcon_core.package_identification[0m [1;30mLevel 1[0m _identify(isaaclab_tasks/isaaclab_tasks/manager_based/locomanipulation) by extension 'ignore_ament_install'
[0.242s] [34mcolcon.colcon_core.package_identification[0m [1;30mLevel 1[0m _identify(isaaclab_tasks/isaaclab_tasks/manager_based/locomanipulation) by extensions ['colcon_pkg']
[0.242s] [34mcolcon.colcon_core.package_identification[0m [1;30mLevel 1[0m _identify(isaaclab_tasks/isaaclab_tasks/manager_based/locomanipulation) by extension 'colcon_pkg'
[0.243s] [34mcolcon.colcon_core.package_identification[0m [1;30mLevel 1[0m _identify(isaaclab_tasks/isaaclab_tasks/manager_based/locomanipulation) by extensions ['colcon_meta']
[0.243s] [34mcolcon.colcon_core.package_identification[0m [1;30mLevel 1[0m _identify(isaaclab_tasks/isaaclab_tasks/manager_based/locomanipulation) by extension 'colcon_meta'
[0.243s] [34mcolcon.colcon_core.package_identification[0m [1;30mLevel 1[0m _identify(isaaclab_tasks/isaaclab_tasks/manager_based/locomanipulation) by extensions ['ros']
[0.243s] [34mcolcon.colcon_core.package_identification[0m [1;30mLevel 1[0m _identify(isaaclab_tasks/isaaclab_tasks/manager_based/locomanipulation) by extension 'ros'
[0.243s] [34mcolcon.colcon_core.package_identification[0m [1;30mLevel 1[0m _identify(isaaclab_tasks/isaaclab_tasks/manager_based/locomanipulation) by extensions ['cmake', 'python']
[0.243s] [34mcolcon.colcon_core.package_identification[0m [1;30mLevel 1[0m _identify(isaaclab_tasks/isaaclab_tasks/manager_based/locomanipulation) by extension 'cmake'
[0.243s] [34mcolcon.colcon_core.package_identification[0m [1;30mLevel 1[0m _identify(isaaclab_tasks/isaaclab_tasks/manager_based/locomanipulation) by extension 'python'
[0.243s] [34mcolcon.colcon_core.package_identification[0m [1;30mLevel 1[0m _identify(isaaclab_tasks/isaaclab_tasks/manager_based/locomanipulation) by extensions ['python_setup_py']
[0.243s] [34mcolcon.colcon_core.package_identification[0m [1;30mLevel 1[0m _identify(isaaclab_tasks/isaaclab_tasks/manager_based/locomanipulation) by extension 'python_setup_py'
[0.243s] [34mcolcon.colcon_core.package_identification[0m [1;30mLevel 1[0m _identify(isaaclab_tasks/isaaclab_tasks/manager_based/locomanipulation/__pycache__) by extensions ['ignore', 'ignore_ament_install']
[0.243s] [34mcolcon.colcon_core.package_identification[0m [1;30mLevel 1[0m _identify(isaaclab_tasks/isaaclab_tasks/manager_based/locomanipulation/__pycache__) by extension 'ignore'
[0.243s] [34mcolcon.colcon_core.package_identification[0m [1;30mLevel 1[0m _identify(isaaclab_tasks/isaaclab_tasks/manager_based/locomanipulation/__pycache__) by extension 'ignore_ament_install'
[0.243s] [34mcolcon.colcon_core.package_identification[0m [1;30mLevel 1[0m _identify(isaaclab_tasks/isaaclab_tasks/manager_based/locomanipulation/__pycache__) by extensions ['colcon_pkg']
[0.243s] [34mcolcon.colcon_core.package_identification[0m [1;30mLevel 1[0m _identify(isaaclab_tasks/isaaclab_tasks/manager_based/locomanipulation/__pycache__) by extension 'colcon_pkg'
[0.243s] [34mcolcon.colcon_core.package_identification[0m [1;30mLevel 1[0m _identify(isaaclab_tasks/isaaclab_tasks/manager_based/locomanipulation/__pycache__) by extensions ['colcon_meta']
[0.243s] [34mcolcon.colcon_core.package_identification[0m [1;30mLevel 1[0m _identify(isaaclab_tasks/isaaclab_tasks/manager_based/locomanipulation/__pycache__) by extension 'colcon_meta'
[0.243s] [34mcolcon.colcon_core.package_identification[0m [1;30mLevel 1[0m _identify(isaaclab_tasks/isaaclab_tasks/manager_based/locomanipulation/__pycache__) by extensions ['ros']
[0.243s] [34mcolcon.colcon_core.package_identification[0m [1;30mLevel 1[0m _identify(isaaclab_tasks/isaaclab_tasks/manager_based/locomanipulation/__pycache__) by extension 'ros'
[0.243s] [34mcolcon.colcon_core.package_identification[0m [1;30mLevel 1[0m _identify(isaaclab_tasks/isaaclab_tasks/manager_based/locomanipulation/__pycache__) by extensions ['cmake', 'python']
[0.243s] [34mcolcon.colcon_core.package_identification[0m [1;30mLevel 1[0m _identify(isaaclab_tasks/isaaclab_tasks/manager_based/locomanipulation/__pycache__) by extension 'cmake'
[0.243s] [34mcolcon.colcon_core.package_identification[0m [1;30mLevel 1[0m _identify(isaaclab_tasks/isaaclab_tasks/manager_based/locomanipulation/__pycache__) by extension 'python'
[0.243s] [34mcolcon.colcon_core.package_identification[0m [1;30mLevel 1[0m _identify(isaaclab_tasks/isaaclab_tasks/manager_based/locomanipulation/__pycache__) by extensions ['python_setup_py']
[0.243s] [34mcolcon.colcon_core.package_identification[0m [1;30mLevel 1[0m _identify(isaaclab_tasks/isaaclab_tasks/manager_based/locomanipulation/__pycache__) by extension 'python_setup_py'
[0.243s] [34mcolcon.colcon_core.package_identification[0m [1;30mLevel 1[0m _identify(isaaclab_tasks/isaaclab_tasks/manager_based/locomanipulation/pick_place) by extensions ['ignore', 'ignore_ament_install']
[0.243s] [34mcolcon.colcon_core.package_identification[0m [1;30mLevel 1[0m _identify(isaaclab_tasks/isaaclab_tasks/manager_based/locomanipulation/pick_place) by extension 'ignore'
[0.243s] [34mcolcon.colcon_core.package_identification[0m [1;30mLevel 1[0m _identify(isaaclab_tasks/isaaclab_tasks/manager_based/locomanipulation/pick_place) by extension 'ignore_ament_install'
[0.243s] [34mcolcon.colcon_core.package_identification[0m [1;30mLevel 1[0m _identify(isaaclab_tasks/isaaclab_tasks/manager_based/locomanipulation/pick_place) by extensions ['colcon_pkg']
[0.243s] [34mcolcon.colcon_core.package_identification[0m [1;30mLevel 1[0m _identify(isaaclab_tasks/isaaclab_tasks/manager_based/locomanipulation/pick_place) by extension 'colcon_pkg'
[0.243s] [34mcolcon.colcon_core.package_identification[0m [1;30mLevel 1[0m _identify(isaaclab_tasks/isaaclab_tasks/manager_based/locomanipulation/pick_place) by extensions ['colcon_meta']
[0.243s] [34mcolcon.colcon_core.package_identification[0m [1;30mLevel 1[0m _identify(isaaclab_tasks/isaaclab_tasks/manager_based/locomanipulation/pick_place) by extension 'colcon_meta'
[0.243s] [34mcolcon.colcon_core.package_identification[0m [1;30mLevel 1[0m _identify(isaaclab_tasks/isaaclab_tasks/manager_based/locomanipulation/pick_place) by extensions ['ros']
[0.243s] [34mcolcon.colcon_core.package_identification[0m [1;30mLevel 1[0m _identify(isaaclab_tasks/isaaclab_tasks/manager_based/locomanipulation/pick_place) by extension 'ros'
[0.243s] [34mcolcon.colcon_core.package_identification[0m [1;30mLevel 1[0m _identify(isaaclab_tasks/isaaclab_tasks/manager_based/locomanipulation/pick_place) by extensions ['cmake', 'python']
[0.243s] [34mcolcon.colcon_core.package_identification[0m [1;30mLevel 1[0m _identify(isaaclab_tasks/isaaclab_tasks/manager_based/locomanipulation/pick_place) by extension 'cmake'
[0.243s] [34mcolcon.colcon_core.package_identification[0m [1;30mLevel 1[0m _identify(isaaclab_tasks/isaaclab_tasks/manager_based/locomanipulation/pick_place) by extension 'python'
[0.243s] [34mcolcon.colcon_core.package_identification[0m [1;30mLevel 1[0m _identify(isaaclab_tasks/isaaclab_tasks/manager_based/locomanipulation/pick_place) by extensions ['python_setup_py']
[0.243s] [34mcolcon.colcon_core.package_identification[0m [1;30mLevel 1[0m _identify(isaaclab_tasks/isaaclab_tasks/manager_based/locomanipulation/pick_place) by extension 'python_setup_py'
[0.243s] [34mcolcon.colcon_core.package_identification[0m [1;30mLevel 1[0m _identify(isaaclab_tasks/isaaclab_tasks/manager_based/locomanipulation/pick_place/agents) by extensions ['ignore', 'ignore_ament_install']
[0.243s] [34mcolcon.colcon_core.package_identification[0m [1;30mLevel 1[0m _identify(isaaclab_tasks/isaaclab_tasks/manager_based/locomanipulation/pick_place/agents) by extension 'ignore'
[0.243s] [34mcolcon.colcon_core.package_identification[0m [1;30mLevel 1[0m _identify(isaaclab_tasks/isaaclab_tasks/manager_based/locomanipulation/pick_place/agents) by extension 'ignore_ament_install'
[0.243s] [34mcolcon.colcon_core.package_identification[0m [1;30mLevel 1[0m _identify(isaaclab_tasks/isaaclab_tasks/manager_based/locomanipulation/pick_place/agents) by extensions ['colcon_pkg']
[0.243s] [34mcolcon.colcon_core.package_identification[0m [1;30mLevel 1[0m _identify(isaaclab_tasks/isaaclab_tasks/manager_based/locomanipulation/pick_place/agents) by extension 'colcon_pkg'
[0.243s] [34mcolcon.colcon_core.package_identification[0m [1;30mLevel 1[0m _identify(isaaclab_tasks/isaaclab_tasks/manager_based/locomanipulation/pick_place/agents) by extensions ['colcon_meta']
[0.243s] [34mcolcon.colcon_core.package_identification[0m [1;30mLevel 1[0m _identify(isaaclab_tasks/isaaclab_tasks/manager_based/locomanipulation/pick_place/agents) by extension 'colcon_meta'
[0.243s] [34mcolcon.colcon_core.package_identification[0m [1;30mLevel 1[0m _identify(isaaclab_tasks/isaaclab_tasks/manager_based/locomanipulation/pick_place/agents) by extensions ['ros']
[0.243s] [34mcolcon.colcon_core.package_identification[0m [1;30mLevel 1[0m _identify(isaaclab_tasks/isaaclab_tasks/manager_based/locomanipulation/pick_place/agents) by extension 'ros'
[0.243s] [34mcolcon.colcon_core.package_identification[0m [1;30mLevel 1[0m _identify(isaaclab_tasks/isaaclab_tasks/manager_based/locomanipulation/pick_place/agents) by extensions ['cmake', 'python']
[0.243s] [34mcolcon.colcon_core.package_identification[0m [1;30mLevel 1[0m _identify(isaaclab_tasks/isaaclab_tasks/manager_based/locomanipulation/pick_place/agents) by extension 'cmake'
[0.243s] [34mcolcon.colcon_core.package_identification[0m [1;30mLevel 1[0m _identify(isaaclab_tasks/isaaclab_tasks/manager_based/locomanipulation/pick_place/agents) by extension 'python'
[0.243s] [34mcolcon.colcon_core.package_identification[0m [1;30mLevel 1[0m _identify(isaaclab_tasks/isaaclab_tasks/manager_based/locomanipulation/pick_place/agents) by extensions ['python_setup_py']
[0.243s] [34mcolcon.colcon_core.package_identification[0m [1;30mLevel 1[0m _identify(isaaclab_tasks/isaaclab_tasks/manager_based/locomanipulation/pick_place/agents) by extension 'python_setup_py'
[0.243s] [34mcolcon.colcon_core.package_identification[0m [1;30mLevel 1[0m _identify(isaaclab_tasks/isaaclab_tasks/manager_based/locomanipulation/pick_place/agents/robomimic) by extensions ['ignore', 'ignore_ament_install']
[0.244s] [34mcolcon.colcon_core.package_identification[0m [1;30mLevel 1[0m _identify(isaaclab_tasks/isaaclab_tasks/manager_based/locomanipulation/pick_place/agents/robomimic) by extension 'ignore'
[0.244s] [34mcolcon.colcon_core.package_identification[0m [1;30mLevel 1[0m _identify(isaaclab_tasks/isaaclab_tasks/manager_based/locomanipulation/pick_place/agents/robomimic) by extension 'ignore_ament_install'
[0.244s] [34mcolcon.colcon_core.package_identification[0m [1;30mLevel 1[0m _identify(isaaclab_tasks/isaaclab_tasks/manager_based/locomanipulation/pick_place/agents/robomimic) by extensions ['colcon_pkg']
[0.244s] [34mcolcon.colcon_core.package_identification[0m [1;30mLevel 1[0m _identify(isaaclab_tasks/isaaclab_tasks/manager_based/locomanipulation/pick_place/agents/robomimic) by extension 'colcon_pkg'
[0.244s] [34mcolcon.colcon_core.package_identification[0m [1;30mLevel 1[0m _identify(isaaclab_tasks/isaaclab_tasks/manager_based/locomanipulation/pick_place/agents/robomimic) by extensions ['colcon_meta']
[0.244s] [34mcolcon.colcon_core.package_identification[0m [1;30mLevel 1[0m _identify(isaaclab_tasks/isaaclab_tasks/manager_based/locomanipulation/pick_place/agents/robomimic) by extension 'colcon_meta'
[0.244s] [34mcolcon.colcon_core.package_identification[0m [1;30mLevel 1[0m _identify(isaaclab_tasks/isaaclab_tasks/manager_based/locomanipulation/pick_place/agents/robomimic) by extensions ['ros']
[0.244s] [34mcolcon.colcon_core.package_identification[0m [1;30mLevel 1[0m _identify(isaaclab_tasks/isaaclab_tasks/manager_based/locomanipulation/pick_place/agents/robomimic) by extension 'ros'
[0.244s] [34mcolcon.colcon_core.package_identification[0m [1;30mLevel 1[0m _identify(isaaclab_tasks/isaaclab_tasks/manager_based/locomanipulation/pick_place/agents/robomimic) by extensions ['cmake', 'python']
[0.244s] [34mcolcon.colcon_core.package_identification[0m [1;30mLevel 1[0m _identify(isaaclab_tasks/isaaclab_tasks/manager_based/locomanipulation/pick_place/agents/robomimic) by extension 'cmake'
[0.244s] [34mcolcon.colcon_core.package_identification[0m [1;30mLevel 1[0m _identify(isaaclab_tasks/isaaclab_tasks/manager_based/locomanipulation/pick_place/agents/robomimic) by extension 'python'
[0.244s] [34mcolcon.colcon_core.package_identification[0m [1;30mLevel 1[0m _identify(isaaclab_tasks/isaaclab_tasks/manager_based/locomanipulation/pick_place/agents/robomimic) by extensions ['python_setup_py']
[0.244s] [34mcolcon.colcon_core.package_identification[0m [1;30mLevel 1[0m _identify(isaaclab_tasks/isaaclab_tasks/manager_based/locomanipulation/pick_place/agents/robomimic) by extension 'python_setup_py'
[0.244s] [34mcolcon.colcon_core.package_identification[0m [1;30mLevel 1[0m _identify(isaaclab_tasks/isaaclab_tasks/manager_based/locomanipulation/pick_place/configs) by extensions ['ignore', 'ignore_ament_install']
[0.244s] [34mcolcon.colcon_core.package_identification[0m [1;30mLevel 1[0m _identify(isaaclab_tasks/isaaclab_tasks/manager_based/locomanipulation/pick_place/configs) by extension 'ignore'
[0.244s] [34mcolcon.colcon_core.package_identification[0m [1;30mLevel 1[0m _identify(isaaclab_tasks/isaaclab_tasks/manager_based/locomanipulation/pick_place/configs) by extension 'ignore_ament_install'
[0.244s] [34mcolcon.colcon_core.package_identification[0m [1;30mLevel 1[0m _identify(isaaclab_tasks/isaaclab_tasks/manager_based/locomanipulation/pick_place/configs) by extensions ['colcon_pkg']
[0.244s] [34mcolcon.colcon_core.package_identification[0m [1;30mLevel 1[0m _identify(isaaclab_tasks/isaaclab_tasks/manager_based/locomanipulation/pick_place/configs) by extension 'colcon_pkg'
[0.244s] [34mcolcon.colcon_core.package_identification[0m [1;30mLevel 1[0m _identify(isaaclab_tasks/isaaclab_tasks/manager_based/locomanipulation/pick_place/configs) by extensions ['colcon_meta']
[0.244s] [34mcolcon.colcon_core.package_identification[0m [1;30mLevel 1[0m _identify(isaaclab_tasks/isaaclab_tasks/manager_based/locomanipulation/pick_place/configs) by extension 'colcon_meta'
[0.244s] [34mcolcon.colcon_core.package_identification[0m [1;30mLevel 1[0m _identify(isaaclab_tasks/isaaclab_tasks/manager_based/locomanipulation/pick_place/configs) by extensions ['ros']
[0.244s] [34mcolcon.colcon_core.package_identification[0m [1;30mLevel 1[0m _identify(isaaclab_tasks/isaaclab_tasks/manager_based/locomanipulation/pick_place/configs) by extension 'ros'
[0.244s] [34mcolcon.colcon_core.package_identification[0m [1;30mLevel 1[0m _identify(isaaclab_tasks/isaaclab_tasks/manager_based/locomanipulation/pick_place/configs) by extensions ['cmake', 'python']
[0.244s] [34mcolcon.colcon_core.package_identification[0m [1;30mLevel 1[0m _identify(isaaclab_tasks/isaaclab_tasks/manager_based/locomanipulation/pick_place/configs) by extension 'cmake'
[0.244s] [34mcolcon.colcon_core.package_identification[0m [1;30mLevel 1[0m _identify(isaaclab_tasks/isaaclab_tasks/manager_based/locomanipulation/pick_place/configs) by extension 'python'
[0.244s] [34mcolcon.colcon_core.package_identification[0m [1;30mLevel 1[0m _identify(isaaclab_tasks/isaaclab_tasks/manager_based/locomanipulation/pick_place/configs) by extensions ['python_setup_py']
[0.244s] [34mcolcon.colcon_core.package_identification[0m [1;30mLevel 1[0m _identify(isaaclab_tasks/isaaclab_tasks/manager_based/locomanipulation/pick_place/configs) by extension 'python_setup_py'
[0.244s] [34mcolcon.colcon_core.package_identification[0m [1;30mLevel 1[0m _identify(isaaclab_tasks/isaaclab_tasks/manager_based/locomanipulation/pick_place/mdp) by extensions ['ignore', 'ignore_ament_install']
[0.244s] [34mcolcon.colcon_core.package_identification[0m [1;30mLevel 1[0m _identify(isaaclab_tasks/isaaclab_tasks/manager_based/locomanipulation/pick_place/mdp) by extension 'ignore'
[0.244s] [34mcolcon.colcon_core.package_identification[0m [1;30mLevel 1[0m _identify(isaaclab_tasks/isaaclab_tasks/manager_based/locomanipulation/pick_place/mdp) by extension 'ignore_ament_install'
[0.244s] [34mcolcon.colcon_core.package_identification[0m [1;30mLevel 1[0m _identify(isaaclab_tasks/isaaclab_tasks/manager_based/locomanipulation/pick_place/mdp) by extensions ['colcon_pkg']
[0.244s] [34mcolcon.colcon_core.package_identification[0m [1;30mLevel 1[0m _identify(isaaclab_tasks/isaaclab_tasks/manager_based/locomanipulation/pick_place/mdp) by extension 'colcon_pkg'
[0.244s] [34mcolcon.colcon_core.package_identification[0m [1;30mLevel 1[0m _identify(isaaclab_tasks/isaaclab_tasks/manager_based/locomanipulation/pick_place/mdp) by extensions ['colcon_meta']
[0.244s] [34mcolcon.colcon_core.package_identification[0m [1;30mLevel 1[0m _identify(isaaclab_tasks/isaaclab_tasks/manager_based/locomanipulation/pick_place/mdp) by extension 'colcon_meta'
[0.244s] [34mcolcon.colcon_core.package_identification[0m [1;30mLevel 1[0m _identify(isaaclab_tasks/isaaclab_tasks/manager_based/locomanipulation/pick_place/mdp) by extensions ['ros']
[0.244s] [34mcolcon.colcon_core.package_identification[0m [1;30mLevel 1[0m _identify(isaaclab_tasks/isaaclab_tasks/manager_based/locomanipulation/pick_place/mdp) by extension 'ros'
[0.244s] [34mcolcon.colcon_core.package_identification[0m [1;30mLevel 1[0m _identify(isaaclab_tasks/isaaclab_tasks/manager_based/locomanipulation/pick_place/mdp) by extensions ['cmake', 'python']
[0.244s] [34mcolcon.colcon_core.package_identification[0m [1;30mLevel 1[0m _identify(isaaclab_tasks/isaaclab_tasks/manager_based/locomanipulation/pick_place/mdp) by extension 'cmake'
[0.244s] [34mcolcon.colcon_core.package_identification[0m [1;30mLevel 1[0m _identify(isaaclab_tasks/isaaclab_tasks/manager_based/locomanipulation/pick_place/mdp) by extension 'python'
[0.244s] [34mcolcon.colcon_core.package_identification[0m [1;30mLevel 1[0m _identify(isaaclab_tasks/isaaclab_tasks/manager_based/locomanipulation/pick_place/mdp) by extensions ['python_setup_py']
[0.244s] [34mcolcon.colcon_core.package_identification[0m [1;30mLevel 1[0m _identify(isaaclab_tasks/isaaclab_tasks/manager_based/locomanipulation/pick_place/mdp) by extension 'python_setup_py'
[0.244s] [34mcolcon.colcon_core.package_identification[0m [1;30mLevel 1[0m _identify(isaaclab_tasks/isaaclab_tasks/manager_based/locomanipulation/tracking) by extensions ['ignore', 'ignore_ament_install']
[0.244s] [34mcolcon.colcon_core.package_identification[0m [1;30mLevel 1[0m _identify(isaaclab_tasks/isaaclab_tasks/manager_based/locomanipulation/tracking) by extension 'ignore'
[0.244s] [34mcolcon.colcon_core.package_identification[0m [1;30mLevel 1[0m _identify(isaaclab_tasks/isaaclab_tasks/manager_based/locomanipulation/tracking) by extension 'ignore_ament_install'
[0.244s] [34mcolcon.colcon_core.package_identification[0m [1;30mLevel 1[0m _identify(isaaclab_tasks/isaaclab_tasks/manager_based/locomanipulation/tracking) by extensions ['colcon_pkg']
[0.244s] [34mcolcon.colcon_core.package_identification[0m [1;30mLevel 1[0m _identify(isaaclab_tasks/isaaclab_tasks/manager_based/locomanipulation/tracking) by extension 'colcon_pkg'
[0.244s] [34mcolcon.colcon_core.package_identification[0m [1;30mLevel 1[0m _identify(isaaclab_tasks/isaaclab_tasks/manager_based/locomanipulation/tracking) by extensions ['colcon_meta']
[0.244s] [34mcolcon.colcon_core.package_identification[0m [1;30mLevel 1[0m _identify(isaaclab_tasks/isaaclab_tasks/manager_based/locomanipulation/tracking) by extension 'colcon_meta'
[0.244s] [34mcolcon.colcon_core.package_identification[0m [1;30mLevel 1[0m _identify(isaaclab_tasks/isaaclab_tasks/manager_based/locomanipulation/tracking) by extensions ['ros']
[0.244s] [34mcolcon.colcon_core.package_identification[0m [1;30mLevel 1[0m _identify(isaaclab_tasks/isaaclab_tasks/manager_based/locomanipulation/tracking) by extension 'ros'
[0.244s] [34mcolcon.colcon_core.package_identification[0m [1;30mLevel 1[0m _identify(isaaclab_tasks/isaaclab_tasks/manager_based/locomanipulation/tracking) by extensions ['cmake', 'python']
[0.245s] [34mcolcon.colcon_core.package_identification[0m [1;30mLevel 1[0m _identify(isaaclab_tasks/isaaclab_tasks/manager_based/locomanipulation/tracking) by extension 'cmake'
[0.245s] [34mcolcon.colcon_core.package_identification[0m [1;30mLevel 1[0m _identify(isaaclab_tasks/isaaclab_tasks/manager_based/locomanipulation/tracking) by extension 'python'
[0.245s] [34mcolcon.colcon_core.package_identification[0m [1;30mLevel 1[0m _identify(isaaclab_tasks/isaaclab_tasks/manager_based/locomanipulation/tracking) by extensions ['python_setup_py']
[0.245s] [34mcolcon.colcon_core.package_identification[0m [1;30mLevel 1[0m _identify(isaaclab_tasks/isaaclab_tasks/manager_based/locomanipulation/tracking) by extension 'python_setup_py'
[0.245s] [34mcolcon.colcon_core.package_identification[0m [1;30mLevel 1[0m _identify(isaaclab_tasks/isaaclab_tasks/manager_based/locomanipulation/tracking/__pycache__) by extensions ['ignore', 'ignore_ament_install']
[0.245s] [34mcolcon.colcon_core.package_identification[0m [1;30mLevel 1[0m _identify(isaaclab_tasks/isaaclab_tasks/manager_based/locomanipulation/tracking/__pycache__) by extension 'ignore'
[0.245s] [34mcolcon.colcon_core.package_identification[0m [1;30mLevel 1[0m _identify(isaaclab_tasks/isaaclab_tasks/manager_based/locomanipulation/tracking/__pycache__) by extension 'ignore_ament_install'
[0.245s] [34mcolcon.colcon_core.package_identification[0m [1;30mLevel 1[0m _identify(isaaclab_tasks/isaaclab_tasks/manager_based/locomanipulation/tracking/__pycache__) by extensions ['colcon_pkg']
[0.245s] [34mcolcon.colcon_core.package_identification[0m [1;30mLevel 1[0m _identify(isaaclab_tasks/isaaclab_tasks/manager_based/locomanipulation/tracking/__pycache__) by extension 'colcon_pkg'
[0.245s] [34mcolcon.colcon_core.package_identification[0m [1;30mLevel 1[0m _identify(isaaclab_tasks/isaaclab_tasks/manager_based/locomanipulation/tracking/__pycache__) by extensions ['colcon_meta']
[0.245s] [34mcolcon.colcon_core.package_identification[0m [1;30mLevel 1[0m _identify(isaaclab_tasks/isaaclab_tasks/manager_based/locomanipulation/tracking/__pycache__) by extension 'colcon_meta'
[0.245s] [34mcolcon.colcon_core.package_identification[0m [1;30mLevel 1[0m _identify(isaaclab_tasks/isaaclab_tasks/manager_based/locomanipulation/tracking/__pycache__) by extensions ['ros']
[0.245s] [34mcolcon.colcon_core.package_identification[0m [1;30mLevel 1[0m _identify(isaaclab_tasks/isaaclab_tasks/manager_based/locomanipulation/tracking/__pycache__) by extension 'ros'
[0.245s] [34mcolcon.colcon_core.package_identification[0m [1;30mLevel 1[0m _identify(isaaclab_tasks/isaaclab_tasks/manager_based/locomanipulation/tracking/__pycache__) by extensions ['cmake', 'python']
[0.245s] [34mcolcon.colcon_core.package_identification[0m [1;30mLevel 1[0m _identify(isaaclab_tasks/isaaclab_tasks/manager_based/locomanipulation/tracking/__pycache__) by extension 'cmake'
[0.245s] [34mcolcon.colcon_core.package_identification[0m [1;30mLevel 1[0m _identify(isaaclab_tasks/isaaclab_tasks/manager_based/locomanipulation/tracking/__pycache__) by extension 'python'
[0.245s] [34mcolcon.colcon_core.package_identification[0m [1;30mLevel 1[0m _identify(isaaclab_tasks/isaaclab_tasks/manager_based/locomanipulation/tracking/__pycache__) by extensions ['python_setup_py']
[0.245s] [34mcolcon.colcon_core.package_identification[0m [1;30mLevel 1[0m _identify(isaaclab_tasks/isaaclab_tasks/manager_based/locomanipulation/tracking/__pycache__) by extension 'python_setup_py'
[0.245s] [34mcolcon.colcon_core.package_identification[0m [1;30mLevel 1[0m _identify(isaaclab_tasks/isaaclab_tasks/manager_based/locomanipulation/tracking/config) by extensions ['ignore', 'ignore_ament_install']
[0.245s] [34mcolcon.colcon_core.package_identification[0m [1;30mLevel 1[0m _identify(isaaclab_tasks/isaaclab_tasks/manager_based/locomanipulation/tracking/config) by extension 'ignore'
[0.245s] [34mcolcon.colcon_core.package_identification[0m [1;30mLevel 1[0m _identify(isaaclab_tasks/isaaclab_tasks/manager_based/locomanipulation/tracking/config) by extension 'ignore_ament_install'
[0.245s] [34mcolcon.colcon_core.package_identification[0m [1;30mLevel 1[0m _identify(isaaclab_tasks/isaaclab_tasks/manager_based/locomanipulation/tracking/config) by extensions ['colcon_pkg']
[0.245s] [34mcolcon.colcon_core.package_identification[0m [1;30mLevel 1[0m _identify(isaaclab_tasks/isaaclab_tasks/manager_based/locomanipulation/tracking/config) by extension 'colcon_pkg'
[0.245s] [34mcolcon.colcon_core.package_identification[0m [1;30mLevel 1[0m _identify(isaaclab_tasks/isaaclab_tasks/manager_based/locomanipulation/tracking/config) by extensions ['colcon_meta']
[0.245s] [34mcolcon.colcon_core.package_identification[0m [1;30mLevel 1[0m _identify(isaaclab_tasks/isaaclab_tasks/manager_based/locomanipulation/tracking/config) by extension 'colcon_meta'
[0.245s] [34mcolcon.colcon_core.package_identification[0m [1;30mLevel 1[0m _identify(isaaclab_tasks/isaaclab_tasks/manager_based/locomanipulation/tracking/config) by extensions ['ros']
[0.245s] [34mcolcon.colcon_core.package_identification[0m [1;30mLevel 1[0m _identify(isaaclab_tasks/isaaclab_tasks/manager_based/locomanipulation/tracking/config) by extension 'ros'
[0.245s] [34mcolcon.colcon_core.package_identification[0m [1;30mLevel 1[0m _identify(isaaclab_tasks/isaaclab_tasks/manager_based/locomanipulation/tracking/config) by extensions ['cmake', 'python']
[0.245s] [34mcolcon.colcon_core.package_identification[0m [1;30mLevel 1[0m _identify(isaaclab_tasks/isaaclab_tasks/manager_based/locomanipulation/tracking/config) by extension 'cmake'
[0.245s] [34mcolcon.colcon_core.package_identification[0m [1;30mLevel 1[0m _identify(isaaclab_tasks/isaaclab_tasks/manager_based/locomanipulation/tracking/config) by extension 'python'
[0.245s] [34mcolcon.colcon_core.package_identification[0m [1;30mLevel 1[0m _identify(isaaclab_tasks/isaaclab_tasks/manager_based/locomanipulation/tracking/config) by extensions ['python_setup_py']
[0.245s] [34mcolcon.colcon_core.package_identification[0m [1;30mLevel 1[0m _identify(isaaclab_tasks/isaaclab_tasks/manager_based/locomanipulation/tracking/config) by extension 'python_setup_py'
[0.245s] [34mcolcon.colcon_core.package_identification[0m [1;30mLevel 1[0m _identify(isaaclab_tasks/isaaclab_tasks/manager_based/locomanipulation/tracking/config/__pycache__) by extensions ['ignore', 'ignore_ament_install']
[0.245s] [34mcolcon.colcon_core.package_identification[0m [1;30mLevel 1[0m _identify(isaaclab_tasks/isaaclab_tasks/manager_based/locomanipulation/tracking/config/__pycache__) by extension 'ignore'
[0.245s] [34mcolcon.colcon_core.package_identification[0m [1;30mLevel 1[0m _identify(isaaclab_tasks/isaaclab_tasks/manager_based/locomanipulation/tracking/config/__pycache__) by extension 'ignore_ament_install'
[0.245s] [34mcolcon.colcon_core.package_identification[0m [1;30mLevel 1[0m _identify(isaaclab_tasks/isaaclab_tasks/manager_based/locomanipulation/tracking/config/__pycache__) by extensions ['colcon_pkg']
[0.245s] [34mcolcon.colcon_core.package_identification[0m [1;30mLevel 1[0m _identify(isaaclab_tasks/isaaclab_tasks/manager_based/locomanipulation/tracking/config/__pycache__) by extension 'colcon_pkg'
[0.245s] [34mcolcon.colcon_core.package_identification[0m [1;30mLevel 1[0m _identify(isaaclab_tasks/isaaclab_tasks/manager_based/locomanipulation/tracking/config/__pycache__) by extensions ['colcon_meta']
[0.245s] [34mcolcon.colcon_core.package_identification[0m [1;30mLevel 1[0m _identify(isaaclab_tasks/isaaclab_tasks/manager_based/locomanipulation/tracking/config/__pycache__) by extension 'colcon_meta'
[0.245s] [34mcolcon.colcon_core.package_identification[0m [1;30mLevel 1[0m _identify(isaaclab_tasks/isaaclab_tasks/manager_based/locomanipulation/tracking/config/__pycache__) by extensions ['ros']
[0.245s] [34mcolcon.colcon_core.package_identification[0m [1;30mLevel 1[0m _identify(isaaclab_tasks/isaaclab_tasks/manager_based/locomanipulation/tracking/config/__pycache__) by extension 'ros'
[0.245s] [34mcolcon.colcon_core.package_identification[0m [1;30mLevel 1[0m _identify(isaaclab_tasks/isaaclab_tasks/manager_based/locomanipulation/tracking/config/__pycache__) by extensions ['cmake', 'python']
[0.245s] [34mcolcon.colcon_core.package_identification[0m [1;30mLevel 1[0m _identify(isaaclab_tasks/isaaclab_tasks/manager_based/locomanipulation/tracking/config/__pycache__) by extension 'cmake'
[0.245s] [34mcolcon.colcon_core.package_identification[0m [1;30mLevel 1[0m _identify(isaaclab_tasks/isaaclab_tasks/manager_based/locomanipulation/tracking/config/__pycache__) by extension 'python'
[0.245s] [34mcolcon.colcon_core.package_identification[0m [1;30mLevel 1[0m _identify(isaaclab_tasks/isaaclab_tasks/manager_based/locomanipulation/tracking/config/__pycache__) by extensions ['python_setup_py']
[0.245s] [34mcolcon.colcon_core.package_identification[0m [1;30mLevel 1[0m _identify(isaaclab_tasks/isaaclab_tasks/manager_based/locomanipulation/tracking/config/__pycache__) by extension 'python_setup_py'
[0.245s] [34mcolcon.colcon_core.package_identification[0m [1;30mLevel 1[0m _identify(isaaclab_tasks/isaaclab_tasks/manager_based/locomanipulation/tracking/config/digit) by extensions ['ignore', 'ignore_ament_install']
[0.245s] [34mcolcon.colcon_core.package_identification[0m [1;30mLevel 1[0m _identify(isaaclab_tasks/isaaclab_tasks/manager_based/locomanipulation/tracking/config/digit) by extension 'ignore'
[0.245s] [34mcolcon.colcon_core.package_identification[0m [1;30mLevel 1[0m _identify(isaaclab_tasks/isaaclab_tasks/manager_based/locomanipulation/tracking/config/digit) by extension 'ignore_ament_install'
[0.246s] [34mcolcon.colcon_core.package_identification[0m [1;30mLevel 1[0m _identify(isaaclab_tasks/isaaclab_tasks/manager_based/locomanipulation/tracking/config/digit) by extensions ['colcon_pkg']
[0.246s] [34mcolcon.colcon_core.package_identification[0m [1;30mLevel 1[0m _identify(isaaclab_tasks/isaaclab_tasks/manager_based/locomanipulation/tracking/config/digit) by extension 'colcon_pkg'
[0.246s] [34mcolcon.colcon_core.package_identification[0m [1;30mLevel 1[0m _identify(isaaclab_tasks/isaaclab_tasks/manager_based/locomanipulation/tracking/config/digit) by extensions ['colcon_meta']
[0.246s] [34mcolcon.colcon_core.package_identification[0m [1;30mLevel 1[0m _identify(isaaclab_tasks/isaaclab_tasks/manager_based/locomanipulation/tracking/config/digit) by extension 'colcon_meta'
[0.246s] [34mcolcon.colcon_core.package_identification[0m [1;30mLevel 1[0m _identify(isaaclab_tasks/isaaclab_tasks/manager_based/locomanipulation/tracking/config/digit) by extensions ['ros']
[0.246s] [34mcolcon.colcon_core.package_identification[0m [1;30mLevel 1[0m _identify(isaaclab_tasks/isaaclab_tasks/manager_based/locomanipulation/tracking/config/digit) by extension 'ros'
[0.246s] [34mcolcon.colcon_core.package_identification[0m [1;30mLevel 1[0m _identify(isaaclab_tasks/isaaclab_tasks/manager_based/locomanipulation/tracking/config/digit) by extensions ['cmake', 'python']
[0.246s] [34mcolcon.colcon_core.package_identification[0m [1;30mLevel 1[0m _identify(isaaclab_tasks/isaaclab_tasks/manager_based/locomanipulation/tracking/config/digit) by extension 'cmake'
[0.246s] [34mcolcon.colcon_core.package_identification[0m [1;30mLevel 1[0m _identify(isaaclab_tasks/isaaclab_tasks/manager_based/locomanipulation/tracking/config/digit) by extension 'python'
[0.246s] [34mcolcon.colcon_core.package_identification[0m [1;30mLevel 1[0m _identify(isaaclab_tasks/isaaclab_tasks/manager_based/locomanipulation/tracking/config/digit) by extensions ['python_setup_py']
[0.246s] [34mcolcon.colcon_core.package_identification[0m [1;30mLevel 1[0m _identify(isaaclab_tasks/isaaclab_tasks/manager_based/locomanipulation/tracking/config/digit) by extension 'python_setup_py'
[0.246s] [34mcolcon.colcon_core.package_identification[0m [1;30mLevel 1[0m _identify(isaaclab_tasks/isaaclab_tasks/manager_based/locomanipulation/tracking/config/digit/__pycache__) by extensions ['ignore', 'ignore_ament_install']
[0.246s] [34mcolcon.colcon_core.package_identification[0m [1;30mLevel 1[0m _identify(isaaclab_tasks/isaaclab_tasks/manager_based/locomanipulation/tracking/config/digit/__pycache__) by extension 'ignore'
[0.246s] [34mcolcon.colcon_core.package_identification[0m [1;30mLevel 1[0m _identify(isaaclab_tasks/isaaclab_tasks/manager_based/locomanipulation/tracking/config/digit/__pycache__) by extension 'ignore_ament_install'
[0.246s] [34mcolcon.colcon_core.package_identification[0m [1;30mLevel 1[0m _identify(isaaclab_tasks/isaaclab_tasks/manager_based/locomanipulation/tracking/config/digit/__pycache__) by extensions ['colcon_pkg']
[0.246s] [34mcolcon.colcon_core.package_identification[0m [1;30mLevel 1[0m _identify(isaaclab_tasks/isaaclab_tasks/manager_based/locomanipulation/tracking/config/digit/__pycache__) by extension 'colcon_pkg'
[0.246s] [34mcolcon.colcon_core.package_identification[0m [1;30mLevel 1[0m _identify(isaaclab_tasks/isaaclab_tasks/manager_based/locomanipulation/tracking/config/digit/__pycache__) by extensions ['colcon_meta']
[0.246s] [34mcolcon.colcon_core.package_identification[0m [1;30mLevel 1[0m _identify(isaaclab_tasks/isaaclab_tasks/manager_based/locomanipulation/tracking/config/digit/__pycache__) by extension 'colcon_meta'
[0.246s] [34mcolcon.colcon_core.package_identification[0m [1;30mLevel 1[0m _identify(isaaclab_tasks/isaaclab_tasks/manager_based/locomanipulation/tracking/config/digit/__pycache__) by extensions ['ros']
[0.246s] [34mcolcon.colcon_core.package_identification[0m [1;30mLevel 1[0m _identify(isaaclab_tasks/isaaclab_tasks/manager_based/locomanipulation/tracking/config/digit/__pycache__) by extension 'ros'
[0.246s] [34mcolcon.colcon_core.package_identification[0m [1;30mLevel 1[0m _identify(isaaclab_tasks/isaaclab_tasks/manager_based/locomanipulation/tracking/config/digit/__pycache__) by extensions ['cmake', 'python']
[0.246s] [34mcolcon.colcon_core.package_identification[0m [1;30mLevel 1[0m _identify(isaaclab_tasks/isaaclab_tasks/manager_based/locomanipulation/tracking/config/digit/__pycache__) by extension 'cmake'
[0.246s] [34mcolcon.colcon_core.package_identification[0m [1;30mLevel 1[0m _identify(isaaclab_tasks/isaaclab_tasks/manager_based/locomanipulation/tracking/config/digit/__pycache__) by extension 'python'
[0.246s] [34mcolcon.colcon_core.package_identification[0m [1;30mLevel 1[0m _identify(isaaclab_tasks/isaaclab_tasks/manager_based/locomanipulation/tracking/config/digit/__pycache__) by extensions ['python_setup_py']
[0.246s] [34mcolcon.colcon_core.package_identification[0m [1;30mLevel 1[0m _identify(isaaclab_tasks/isaaclab_tasks/manager_based/locomanipulation/tracking/config/digit/__pycache__) by extension 'python_setup_py'
[0.246s] [34mcolcon.colcon_core.package_identification[0m [1;30mLevel 1[0m _identify(isaaclab_tasks/isaaclab_tasks/manager_based/locomanipulation/tracking/config/digit/agents) by extensions ['ignore', 'ignore_ament_install']
[0.246s] [34mcolcon.colcon_core.package_identification[0m [1;30mLevel 1[0m _identify(isaaclab_tasks/isaaclab_tasks/manager_based/locomanipulation/tracking/config/digit/agents) by extension 'ignore'
[0.246s] [34mcolcon.colcon_core.package_identification[0m [1;30mLevel 1[0m _identify(isaaclab_tasks/isaaclab_tasks/manager_based/locomanipulation/tracking/config/digit/agents) by extension 'ignore_ament_install'
[0.246s] [34mcolcon.colcon_core.package_identification[0m [1;30mLevel 1[0m _identify(isaaclab_tasks/isaaclab_tasks/manager_based/locomanipulation/tracking/config/digit/agents) by extensions ['colcon_pkg']
[0.246s] [34mcolcon.colcon_core.package_identification[0m [1;30mLevel 1[0m _identify(isaaclab_tasks/isaaclab_tasks/manager_based/locomanipulation/tracking/config/digit/agents) by extension 'colcon_pkg'
[0.246s] [34mcolcon.colcon_core.package_identification[0m [1;30mLevel 1[0m _identify(isaaclab_tasks/isaaclab_tasks/manager_based/locomanipulation/tracking/config/digit/agents) by extensions ['colcon_meta']
[0.246s] [34mcolcon.colcon_core.package_identification[0m [1;30mLevel 1[0m _identify(isaaclab_tasks/isaaclab_tasks/manager_based/locomanipulation/tracking/config/digit/agents) by extension 'colcon_meta'
[0.246s] [34mcolcon.colcon_core.package_identification[0m [1;30mLevel 1[0m _identify(isaaclab_tasks/isaaclab_tasks/manager_based/locomanipulation/tracking/config/digit/agents) by extensions ['ros']
[0.246s] [34mcolcon.colcon_core.package_identification[0m [1;30mLevel 1[0m _identify(isaaclab_tasks/isaaclab_tasks/manager_based/locomanipulation/tracking/config/digit/agents) by extension 'ros'
[0.246s] [34mcolcon.colcon_core.package_identification[0m [1;30mLevel 1[0m _identify(isaaclab_tasks/isaaclab_tasks/manager_based/locomanipulation/tracking/config/digit/agents) by extensions ['cmake', 'python']
[0.246s] [34mcolcon.colcon_core.package_identification[0m [1;30mLevel 1[0m _identify(isaaclab_tasks/isaaclab_tasks/manager_based/locomanipulation/tracking/config/digit/agents) by extension 'cmake'
[0.246s] [34mcolcon.colcon_core.package_identification[0m [1;30mLevel 1[0m _identify(isaaclab_tasks/isaaclab_tasks/manager_based/locomanipulation/tracking/config/digit/agents) by extension 'python'
[0.246s] [34mcolcon.colcon_core.package_identification[0m [1;30mLevel 1[0m _identify(isaaclab_tasks/isaaclab_tasks/manager_based/locomanipulation/tracking/config/digit/agents) by extensions ['python_setup_py']
[0.246s] [34mcolcon.colcon_core.package_identification[0m [1;30mLevel 1[0m _identify(isaaclab_tasks/isaaclab_tasks/manager_based/locomanipulation/tracking/config/digit/agents) by extension 'python_setup_py'
[0.246s] [34mcolcon.colcon_core.package_identification[0m [1;30mLevel 1[0m _identify(isaaclab_tasks/isaaclab_tasks/manager_based/locomanipulation/tracking/config/digit/agents/__pycache__) by extensions ['ignore', 'ignore_ament_install']
[0.246s] [34mcolcon.colcon_core.package_identification[0m [1;30mLevel 1[0m _identify(isaaclab_tasks/isaaclab_tasks/manager_based/locomanipulation/tracking/config/digit/agents/__pycache__) by extension 'ignore'
[0.246s] [34mcolcon.colcon_core.package_identification[0m [1;30mLevel 1[0m _identify(isaaclab_tasks/isaaclab_tasks/manager_based/locomanipulation/tracking/config/digit/agents/__pycache__) by extension 'ignore_ament_install'
[0.246s] [34mcolcon.colcon_core.package_identification[0m [1;30mLevel 1[0m _identify(isaaclab_tasks/isaaclab_tasks/manager_based/locomanipulation/tracking/config/digit/agents/__pycache__) by extensions ['colcon_pkg']
[0.246s] [34mcolcon.colcon_core.package_identification[0m [1;30mLevel 1[0m _identify(isaaclab_tasks/isaaclab_tasks/manager_based/locomanipulation/tracking/config/digit/agents/__pycache__) by extension 'colcon_pkg'
[0.246s] [34mcolcon.colcon_core.package_identification[0m [1;30mLevel 1[0m _identify(isaaclab_tasks/isaaclab_tasks/manager_based/locomanipulation/tracking/config/digit/agents/__pycache__) by extensions ['colcon_meta']
[0.246s] [34mcolcon.colcon_core.package_identification[0m [1;30mLevel 1[0m _identify(isaaclab_tasks/isaaclab_tasks/manager_based/locomanipulation/tracking/config/digit/agents/__pycache__) by extension 'colcon_meta'
[0.246s] [34mcolcon.colcon_core.package_identification[0m [1;30mLevel 1[0m _identify(isaaclab_tasks/isaaclab_tasks/manager_based/locomanipulation/tracking/config/digit/agents/__pycache__) by extensions ['ros']
[0.246s] [34mcolcon.colcon_core.package_identification[0m [1;30mLevel 1[0m _identify(isaaclab_tasks/isaaclab_tasks/manager_based/locomanipulation/tracking/config/digit/agents/__pycache__) by extension 'ros'
[0.247s] [34mcolcon.colcon_core.package_identification[0m [1;30mLevel 1[0m _identify(isaaclab_tasks/isaaclab_tasks/manager_based/locomanipulation/tracking/config/digit/agents/__pycache__) by extensions ['cmake', 'python']
[0.247s] [34mcolcon.colcon_core.package_identification[0m [1;30mLevel 1[0m _identify(isaaclab_tasks/isaaclab_tasks/manager_based/locomanipulation/tracking/config/digit/agents/__pycache__) by extension 'cmake'
[0.247s] [34mcolcon.colcon_core.package_identification[0m [1;30mLevel 1[0m _identify(isaaclab_tasks/isaaclab_tasks/manager_based/locomanipulation/tracking/config/digit/agents/__pycache__) by extension 'python'
[0.247s] [34mcolcon.colcon_core.package_identification[0m [1;30mLevel 1[0m _identify(isaaclab_tasks/isaaclab_tasks/manager_based/locomanipulation/tracking/config/digit/agents/__pycache__) by extensions ['python_setup_py']
[0.247s] [34mcolcon.colcon_core.package_identification[0m [1;30mLevel 1[0m _identify(isaaclab_tasks/isaaclab_tasks/manager_based/locomanipulation/tracking/config/digit/agents/__pycache__) by extension 'python_setup_py'
[0.247s] [34mcolcon.colcon_core.package_identification[0m [1;30mLevel 1[0m _identify(isaaclab_tasks/isaaclab_tasks/manager_based/locomotion) by extensions ['ignore', 'ignore_ament_install']
[0.247s] [34mcolcon.colcon_core.package_identification[0m [1;30mLevel 1[0m _identify(isaaclab_tasks/isaaclab_tasks/manager_based/locomotion) by extension 'ignore'
[0.247s] [34mcolcon.colcon_core.package_identification[0m [1;30mLevel 1[0m _identify(isaaclab_tasks/isaaclab_tasks/manager_based/locomotion) by extension 'ignore_ament_install'
[0.247s] [34mcolcon.colcon_core.package_identification[0m [1;30mLevel 1[0m _identify(isaaclab_tasks/isaaclab_tasks/manager_based/locomotion) by extensions ['colcon_pkg']
[0.247s] [34mcolcon.colcon_core.package_identification[0m [1;30mLevel 1[0m _identify(isaaclab_tasks/isaaclab_tasks/manager_based/locomotion) by extension 'colcon_pkg'
[0.247s] [34mcolcon.colcon_core.package_identification[0m [1;30mLevel 1[0m _identify(isaaclab_tasks/isaaclab_tasks/manager_based/locomotion) by extensions ['colcon_meta']
[0.247s] [34mcolcon.colcon_core.package_identification[0m [1;30mLevel 1[0m _identify(isaaclab_tasks/isaaclab_tasks/manager_based/locomotion) by extension 'colcon_meta'
[0.247s] [34mcolcon.colcon_core.package_identification[0m [1;30mLevel 1[0m _identify(isaaclab_tasks/isaaclab_tasks/manager_based/locomotion) by extensions ['ros']
[0.247s] [34mcolcon.colcon_core.package_identification[0m [1;30mLevel 1[0m _identify(isaaclab_tasks/isaaclab_tasks/manager_based/locomotion) by extension 'ros'
[0.247s] [34mcolcon.colcon_core.package_identification[0m [1;30mLevel 1[0m _identify(isaaclab_tasks/isaaclab_tasks/manager_based/locomotion) by extensions ['cmake', 'python']
[0.247s] [34mcolcon.colcon_core.package_identification[0m [1;30mLevel 1[0m _identify(isaaclab_tasks/isaaclab_tasks/manager_based/locomotion) by extension 'cmake'
[0.247s] [34mcolcon.colcon_core.package_identification[0m [1;30mLevel 1[0m _identify(isaaclab_tasks/isaaclab_tasks/manager_based/locomotion) by extension 'python'
[0.247s] [34mcolcon.colcon_core.package_identification[0m [1;30mLevel 1[0m _identify(isaaclab_tasks/isaaclab_tasks/manager_based/locomotion) by extensions ['python_setup_py']
[0.247s] [34mcolcon.colcon_core.package_identification[0m [1;30mLevel 1[0m _identify(isaaclab_tasks/isaaclab_tasks/manager_based/locomotion) by extension 'python_setup_py'
[0.247s] [34mcolcon.colcon_core.package_identification[0m [1;30mLevel 1[0m _identify(isaaclab_tasks/isaaclab_tasks/manager_based/locomotion/__pycache__) by extensions ['ignore', 'ignore_ament_install']
[0.247s] [34mcolcon.colcon_core.package_identification[0m [1;30mLevel 1[0m _identify(isaaclab_tasks/isaaclab_tasks/manager_based/locomotion/__pycache__) by extension 'ignore'
[0.247s] [34mcolcon.colcon_core.package_identification[0m [1;30mLevel 1[0m _identify(isaaclab_tasks/isaaclab_tasks/manager_based/locomotion/__pycache__) by extension 'ignore_ament_install'
[0.247s] [34mcolcon.colcon_core.package_identification[0m [1;30mLevel 1[0m _identify(isaaclab_tasks/isaaclab_tasks/manager_based/locomotion/__pycache__) by extensions ['colcon_pkg']
[0.247s] [34mcolcon.colcon_core.package_identification[0m [1;30mLevel 1[0m _identify(isaaclab_tasks/isaaclab_tasks/manager_based/locomotion/__pycache__) by extension 'colcon_pkg'
[0.247s] [34mcolcon.colcon_core.package_identification[0m [1;30mLevel 1[0m _identify(isaaclab_tasks/isaaclab_tasks/manager_based/locomotion/__pycache__) by extensions ['colcon_meta']
[0.247s] [34mcolcon.colcon_core.package_identification[0m [1;30mLevel 1[0m _identify(isaaclab_tasks/isaaclab_tasks/manager_based/locomotion/__pycache__) by extension 'colcon_meta'
[0.247s] [34mcolcon.colcon_core.package_identification[0m [1;30mLevel 1[0m _identify(isaaclab_tasks/isaaclab_tasks/manager_based/locomotion/__pycache__) by extensions ['ros']
[0.247s] [34mcolcon.colcon_core.package_identification[0m [1;30mLevel 1[0m _identify(isaaclab_tasks/isaaclab_tasks/manager_based/locomotion/__pycache__) by extension 'ros'
[0.247s] [34mcolcon.colcon_core.package_identification[0m [1;30mLevel 1[0m _identify(isaaclab_tasks/isaaclab_tasks/manager_based/locomotion/__pycache__) by extensions ['cmake', 'python']
[0.247s] [34mcolcon.colcon_core.package_identification[0m [1;30mLevel 1[0m _identify(isaaclab_tasks/isaaclab_tasks/manager_based/locomotion/__pycache__) by extension 'cmake'
[0.247s] [34mcolcon.colcon_core.package_identification[0m [1;30mLevel 1[0m _identify(isaaclab_tasks/isaaclab_tasks/manager_based/locomotion/__pycache__) by extension 'python'
[0.247s] [34mcolcon.colcon_core.package_identification[0m [1;30mLevel 1[0m _identify(isaaclab_tasks/isaaclab_tasks/manager_based/locomotion/__pycache__) by extensions ['python_setup_py']
[0.247s] [34mcolcon.colcon_core.package_identification[0m [1;30mLevel 1[0m _identify(isaaclab_tasks/isaaclab_tasks/manager_based/locomotion/__pycache__) by extension 'python_setup_py'
[0.247s] [34mcolcon.colcon_core.package_identification[0m [1;30mLevel 1[0m _identify(isaaclab_tasks/isaaclab_tasks/manager_based/locomotion/velocity) by extensions ['ignore', 'ignore_ament_install']
[0.247s] [34mcolcon.colcon_core.package_identification[0m [1;30mLevel 1[0m _identify(isaaclab_tasks/isaaclab_tasks/manager_based/locomotion/velocity) by extension 'ignore'
[0.247s] [34mcolcon.colcon_core.package_identification[0m [1;30mLevel 1[0m _identify(isaaclab_tasks/isaaclab_tasks/manager_based/locomotion/velocity) by extension 'ignore_ament_install'
[0.247s] [34mcolcon.colcon_core.package_identification[0m [1;30mLevel 1[0m _identify(isaaclab_tasks/isaaclab_tasks/manager_based/locomotion/velocity) by extensions ['colcon_pkg']
[0.247s] [34mcolcon.colcon_core.package_identification[0m [1;30mLevel 1[0m _identify(isaaclab_tasks/isaaclab_tasks/manager_based/locomotion/velocity) by extension 'colcon_pkg'
[0.247s] [34mcolcon.colcon_core.package_identification[0m [1;30mLevel 1[0m _identify(isaaclab_tasks/isaaclab_tasks/manager_based/locomotion/velocity) by extensions ['colcon_meta']
[0.247s] [34mcolcon.colcon_core.package_identification[0m [1;30mLevel 1[0m _identify(isaaclab_tasks/isaaclab_tasks/manager_based/locomotion/velocity) by extension 'colcon_meta'
[0.247s] [34mcolcon.colcon_core.package_identification[0m [1;30mLevel 1[0m _identify(isaaclab_tasks/isaaclab_tasks/manager_based/locomotion/velocity) by extensions ['ros']
[0.247s] [34mcolcon.colcon_core.package_identification[0m [1;30mLevel 1[0m _identify(isaaclab_tasks/isaaclab_tasks/manager_based/locomotion/velocity) by extension 'ros'
[0.247s] [34mcolcon.colcon_core.package_identification[0m [1;30mLevel 1[0m _identify(isaaclab_tasks/isaaclab_tasks/manager_based/locomotion/velocity) by extensions ['cmake', 'python']
[0.247s] [34mcolcon.colcon_core.package_identification[0m [1;30mLevel 1[0m _identify(isaaclab_tasks/isaaclab_tasks/manager_based/locomotion/velocity) by extension 'cmake'
[0.247s] [34mcolcon.colcon_core.package_identification[0m [1;30mLevel 1[0m _identify(isaaclab_tasks/isaaclab_tasks/manager_based/locomotion/velocity) by extension 'python'
[0.247s] [34mcolcon.colcon_core.package_identification[0m [1;30mLevel 1[0m _identify(isaaclab_tasks/isaaclab_tasks/manager_based/locomotion/velocity) by extensions ['python_setup_py']
[0.247s] [34mcolcon.colcon_core.package_identification[0m [1;30mLevel 1[0m _identify(isaaclab_tasks/isaaclab_tasks/manager_based/locomotion/velocity) by extension 'python_setup_py'
[0.247s] [34mcolcon.colcon_core.package_identification[0m [1;30mLevel 1[0m _identify(isaaclab_tasks/isaaclab_tasks/manager_based/locomotion/velocity/__pycache__) by extensions ['ignore', 'ignore_ament_install']
[0.247s] [34mcolcon.colcon_core.package_identification[0m [1;30mLevel 1[0m _identify(isaaclab_tasks/isaaclab_tasks/manager_based/locomotion/velocity/__pycache__) by extension 'ignore'
[0.247s] [34mcolcon.colcon_core.package_identification[0m [1;30mLevel 1[0m _identify(isaaclab_tasks/isaaclab_tasks/manager_based/locomotion/velocity/__pycache__) by extension 'ignore_ament_install'
[0.247s] [34mcolcon.colcon_core.package_identification[0m [1;30mLevel 1[0m _identify(isaaclab_tasks/isaaclab_tasks/manager_based/locomotion/velocity/__pycache__) by extensions ['colcon_pkg']
[0.247s] [34mcolcon.colcon_core.package_identification[0m [1;30mLevel 1[0m _identify(isaaclab_tasks/isaaclab_tasks/manager_based/locomotion/velocity/__pycache__) by extension 'colcon_pkg'
[0.247s] [34mcolcon.colcon_core.package_identification[0m [1;30mLevel 1[0m _identify(isaaclab_tasks/isaaclab_tasks/manager_based/locomotion/velocity/__pycache__) by extensions ['colcon_meta']
[0.248s] [34mcolcon.colcon_core.package_identification[0m [1;30mLevel 1[0m _identify(isaaclab_tasks/isaaclab_tasks/manager_based/locomotion/velocity/__pycache__) by extension 'colcon_meta'
[0.248s] [34mcolcon.colcon_core.package_identification[0m [1;30mLevel 1[0m _identify(isaaclab_tasks/isaaclab_tasks/manager_based/locomotion/velocity/__pycache__) by extensions ['ros']
[0.248s] [34mcolcon.colcon_core.package_identification[0m [1;30mLevel 1[0m _identify(isaaclab_tasks/isaaclab_tasks/manager_based/locomotion/velocity/__pycache__) by extension 'ros'
[0.248s] [34mcolcon.colcon_core.package_identification[0m [1;30mLevel 1[0m _identify(isaaclab_tasks/isaaclab_tasks/manager_based/locomotion/velocity/__pycache__) by extensions ['cmake', 'python']
[0.248s] [34mcolcon.colcon_core.package_identification[0m [1;30mLevel 1[0m _identify(isaaclab_tasks/isaaclab_tasks/manager_based/locomotion/velocity/__pycache__) by extension 'cmake'
[0.248s] [34mcolcon.colcon_core.package_identification[0m [1;30mLevel 1[0m _identify(isaaclab_tasks/isaaclab_tasks/manager_based/locomotion/velocity/__pycache__) by extension 'python'
[0.248s] [34mcolcon.colcon_core.package_identification[0m [1;30mLevel 1[0m _identify(isaaclab_tasks/isaaclab_tasks/manager_based/locomotion/velocity/__pycache__) by extensions ['python_setup_py']
[0.248s] [34mcolcon.colcon_core.package_identification[0m [1;30mLevel 1[0m _identify(isaaclab_tasks/isaaclab_tasks/manager_based/locomotion/velocity/__pycache__) by extension 'python_setup_py'
[0.248s] [34mcolcon.colcon_core.package_identification[0m [1;30mLevel 1[0m _identify(isaaclab_tasks/isaaclab_tasks/manager_based/locomotion/velocity/config) by extensions ['ignore', 'ignore_ament_install']
[0.248s] [34mcolcon.colcon_core.package_identification[0m [1;30mLevel 1[0m _identify(isaaclab_tasks/isaaclab_tasks/manager_based/locomotion/velocity/config) by extension 'ignore'
[0.248s] [34mcolcon.colcon_core.package_identification[0m [1;30mLevel 1[0m _identify(isaaclab_tasks/isaaclab_tasks/manager_based/locomotion/velocity/config) by extension 'ignore_ament_install'
[0.248s] [34mcolcon.colcon_core.package_identification[0m [1;30mLevel 1[0m _identify(isaaclab_tasks/isaaclab_tasks/manager_based/locomotion/velocity/config) by extensions ['colcon_pkg']
[0.248s] [34mcolcon.colcon_core.package_identification[0m [1;30mLevel 1[0m _identify(isaaclab_tasks/isaaclab_tasks/manager_based/locomotion/velocity/config) by extension 'colcon_pkg'
[0.248s] [34mcolcon.colcon_core.package_identification[0m [1;30mLevel 1[0m _identify(isaaclab_tasks/isaaclab_tasks/manager_based/locomotion/velocity/config) by extensions ['colcon_meta']
[0.248s] [34mcolcon.colcon_core.package_identification[0m [1;30mLevel 1[0m _identify(isaaclab_tasks/isaaclab_tasks/manager_based/locomotion/velocity/config) by extension 'colcon_meta'
[0.248s] [34mcolcon.colcon_core.package_identification[0m [1;30mLevel 1[0m _identify(isaaclab_tasks/isaaclab_tasks/manager_based/locomotion/velocity/config) by extensions ['ros']
[0.248s] [34mcolcon.colcon_core.package_identification[0m [1;30mLevel 1[0m _identify(isaaclab_tasks/isaaclab_tasks/manager_based/locomotion/velocity/config) by extension 'ros'
[0.248s] [34mcolcon.colcon_core.package_identification[0m [1;30mLevel 1[0m _identify(isaaclab_tasks/isaaclab_tasks/manager_based/locomotion/velocity/config) by extensions ['cmake', 'python']
[0.248s] [34mcolcon.colcon_core.package_identification[0m [1;30mLevel 1[0m _identify(isaaclab_tasks/isaaclab_tasks/manager_based/locomotion/velocity/config) by extension 'cmake'
[0.248s] [34mcolcon.colcon_core.package_identification[0m [1;30mLevel 1[0m _identify(isaaclab_tasks/isaaclab_tasks/manager_based/locomotion/velocity/config) by extension 'python'
[0.248s] [34mcolcon.colcon_core.package_identification[0m [1;30mLevel 1[0m _identify(isaaclab_tasks/isaaclab_tasks/manager_based/locomotion/velocity/config) by extensions ['python_setup_py']
[0.248s] [34mcolcon.colcon_core.package_identification[0m [1;30mLevel 1[0m _identify(isaaclab_tasks/isaaclab_tasks/manager_based/locomotion/velocity/config) by extension 'python_setup_py'
[0.248s] [34mcolcon.colcon_core.package_identification[0m [1;30mLevel 1[0m _identify(isaaclab_tasks/isaaclab_tasks/manager_based/locomotion/velocity/config/__pycache__) by extensions ['ignore', 'ignore_ament_install']
[0.248s] [34mcolcon.colcon_core.package_identification[0m [1;30mLevel 1[0m _identify(isaaclab_tasks/isaaclab_tasks/manager_based/locomotion/velocity/config/__pycache__) by extension 'ignore'
[0.248s] [34mcolcon.colcon_core.package_identification[0m [1;30mLevel 1[0m _identify(isaaclab_tasks/isaaclab_tasks/manager_based/locomotion/velocity/config/__pycache__) by extension 'ignore_ament_install'
[0.248s] [34mcolcon.colcon_core.package_identification[0m [1;30mLevel 1[0m _identify(isaaclab_tasks/isaaclab_tasks/manager_based/locomotion/velocity/config/__pycache__) by extensions ['colcon_pkg']
[0.248s] [34mcolcon.colcon_core.package_identification[0m [1;30mLevel 1[0m _identify(isaaclab_tasks/isaaclab_tasks/manager_based/locomotion/velocity/config/__pycache__) by extension 'colcon_pkg'
[0.248s] [34mcolcon.colcon_core.package_identification[0m [1;30mLevel 1[0m _identify(isaaclab_tasks/isaaclab_tasks/manager_based/locomotion/velocity/config/__pycache__) by extensions ['colcon_meta']
[0.248s] [34mcolcon.colcon_core.package_identification[0m [1;30mLevel 1[0m _identify(isaaclab_tasks/isaaclab_tasks/manager_based/locomotion/velocity/config/__pycache__) by extension 'colcon_meta'
[0.248s] [34mcolcon.colcon_core.package_identification[0m [1;30mLevel 1[0m _identify(isaaclab_tasks/isaaclab_tasks/manager_based/locomotion/velocity/config/__pycache__) by extensions ['ros']
[0.248s] [34mcolcon.colcon_core.package_identification[0m [1;30mLevel 1[0m _identify(isaaclab_tasks/isaaclab_tasks/manager_based/locomotion/velocity/config/__pycache__) by extension 'ros'
[0.248s] [34mcolcon.colcon_core.package_identification[0m [1;30mLevel 1[0m _identify(isaaclab_tasks/isaaclab_tasks/manager_based/locomotion/velocity/config/__pycache__) by extensions ['cmake', 'python']
[0.248s] [34mcolcon.colcon_core.package_identification[0m [1;30mLevel 1[0m _identify(isaaclab_tasks/isaaclab_tasks/manager_based/locomotion/velocity/config/__pycache__) by extension 'cmake'
[0.248s] [34mcolcon.colcon_core.package_identification[0m [1;30mLevel 1[0m _identify(isaaclab_tasks/isaaclab_tasks/manager_based/locomotion/velocity/config/__pycache__) by extension 'python'
[0.248s] [34mcolcon.colcon_core.package_identification[0m [1;30mLevel 1[0m _identify(isaaclab_tasks/isaaclab_tasks/manager_based/locomotion/velocity/config/__pycache__) by extensions ['python_setup_py']
[0.248s] [34mcolcon.colcon_core.package_identification[0m [1;30mLevel 1[0m _identify(isaaclab_tasks/isaaclab_tasks/manager_based/locomotion/velocity/config/__pycache__) by extension 'python_setup_py'
[0.248s] [34mcolcon.colcon_core.package_identification[0m [1;30mLevel 1[0m _identify(isaaclab_tasks/isaaclab_tasks/manager_based/locomotion/velocity/config/a1) by extensions ['ignore', 'ignore_ament_install']
[0.248s] [34mcolcon.colcon_core.package_identification[0m [1;30mLevel 1[0m _identify(isaaclab_tasks/isaaclab_tasks/manager_based/locomotion/velocity/config/a1) by extension 'ignore'
[0.248s] [34mcolcon.colcon_core.package_identification[0m [1;30mLevel 1[0m _identify(isaaclab_tasks/isaaclab_tasks/manager_based/locomotion/velocity/config/a1) by extension 'ignore_ament_install'
[0.248s] [34mcolcon.colcon_core.package_identification[0m [1;30mLevel 1[0m _identify(isaaclab_tasks/isaaclab_tasks/manager_based/locomotion/velocity/config/a1) by extensions ['colcon_pkg']
[0.248s] [34mcolcon.colcon_core.package_identification[0m [1;30mLevel 1[0m _identify(isaaclab_tasks/isaaclab_tasks/manager_based/locomotion/velocity/config/a1) by extension 'colcon_pkg'
[0.248s] [34mcolcon.colcon_core.package_identification[0m [1;30mLevel 1[0m _identify(isaaclab_tasks/isaaclab_tasks/manager_based/locomotion/velocity/config/a1) by extensions ['colcon_meta']
[0.248s] [34mcolcon.colcon_core.package_identification[0m [1;30mLevel 1[0m _identify(isaaclab_tasks/isaaclab_tasks/manager_based/locomotion/velocity/config/a1) by extension 'colcon_meta'
[0.248s] [34mcolcon.colcon_core.package_identification[0m [1;30mLevel 1[0m _identify(isaaclab_tasks/isaaclab_tasks/manager_based/locomotion/velocity/config/a1) by extensions ['ros']
[0.248s] [34mcolcon.colcon_core.package_identification[0m [1;30mLevel 1[0m _identify(isaaclab_tasks/isaaclab_tasks/manager_based/locomotion/velocity/config/a1) by extension 'ros'
[0.248s] [34mcolcon.colcon_core.package_identification[0m [1;30mLevel 1[0m _identify(isaaclab_tasks/isaaclab_tasks/manager_based/locomotion/velocity/config/a1) by extensions ['cmake', 'python']
[0.248s] [34mcolcon.colcon_core.package_identification[0m [1;30mLevel 1[0m _identify(isaaclab_tasks/isaaclab_tasks/manager_based/locomotion/velocity/config/a1) by extension 'cmake'
[0.248s] [34mcolcon.colcon_core.package_identification[0m [1;30mLevel 1[0m _identify(isaaclab_tasks/isaaclab_tasks/manager_based/locomotion/velocity/config/a1) by extension 'python'
[0.248s] [34mcolcon.colcon_core.package_identification[0m [1;30mLevel 1[0m _identify(isaaclab_tasks/isaaclab_tasks/manager_based/locomotion/velocity/config/a1) by extensions ['python_setup_py']
[0.248s] [34mcolcon.colcon_core.package_identification[0m [1;30mLevel 1[0m _identify(isaaclab_tasks/isaaclab_tasks/manager_based/locomotion/velocity/config/a1) by extension 'python_setup_py'
[0.249s] [34mcolcon.colcon_core.package_identification[0m [1;30mLevel 1[0m _identify(isaaclab_tasks/isaaclab_tasks/manager_based/locomotion/velocity/config/a1/__pycache__) by extensions ['ignore', 'ignore_ament_install']
[0.249s] [34mcolcon.colcon_core.package_identification[0m [1;30mLevel 1[0m _identify(isaaclab_tasks/isaaclab_tasks/manager_based/locomotion/velocity/config/a1/__pycache__) by extension 'ignore'
[0.249s] [34mcolcon.colcon_core.package_identification[0m [1;30mLevel 1[0m _identify(isaaclab_tasks/isaaclab_tasks/manager_based/locomotion/velocity/config/a1/__pycache__) by extension 'ignore_ament_install'
[0.249s] [34mcolcon.colcon_core.package_identification[0m [1;30mLevel 1[0m _identify(isaaclab_tasks/isaaclab_tasks/manager_based/locomotion/velocity/config/a1/__pycache__) by extensions ['colcon_pkg']
[0.249s] [34mcolcon.colcon_core.package_identification[0m [1;30mLevel 1[0m _identify(isaaclab_tasks/isaaclab_tasks/manager_based/locomotion/velocity/config/a1/__pycache__) by extension 'colcon_pkg'
[0.249s] [34mcolcon.colcon_core.package_identification[0m [1;30mLevel 1[0m _identify(isaaclab_tasks/isaaclab_tasks/manager_based/locomotion/velocity/config/a1/__pycache__) by extensions ['colcon_meta']
[0.249s] [34mcolcon.colcon_core.package_identification[0m [1;30mLevel 1[0m _identify(isaaclab_tasks/isaaclab_tasks/manager_based/locomotion/velocity/config/a1/__pycache__) by extension 'colcon_meta'
[0.249s] [34mcolcon.colcon_core.package_identification[0m [1;30mLevel 1[0m _identify(isaaclab_tasks/isaaclab_tasks/manager_based/locomotion/velocity/config/a1/__pycache__) by extensions ['ros']
[0.249s] [34mcolcon.colcon_core.package_identification[0m [1;30mLevel 1[0m _identify(isaaclab_tasks/isaaclab_tasks/manager_based/locomotion/velocity/config/a1/__pycache__) by extension 'ros'
[0.249s] [34mcolcon.colcon_core.package_identification[0m [1;30mLevel 1[0m _identify(isaaclab_tasks/isaaclab_tasks/manager_based/locomotion/velocity/config/a1/__pycache__) by extensions ['cmake', 'python']
[0.249s] [34mcolcon.colcon_core.package_identification[0m [1;30mLevel 1[0m _identify(isaaclab_tasks/isaaclab_tasks/manager_based/locomotion/velocity/config/a1/__pycache__) by extension 'cmake'
[0.249s] [34mcolcon.colcon_core.package_identification[0m [1;30mLevel 1[0m _identify(isaaclab_tasks/isaaclab_tasks/manager_based/locomotion/velocity/config/a1/__pycache__) by extension 'python'
[0.249s] [34mcolcon.colcon_core.package_identification[0m [1;30mLevel 1[0m _identify(isaaclab_tasks/isaaclab_tasks/manager_based/locomotion/velocity/config/a1/__pycache__) by extensions ['python_setup_py']
[0.249s] [34mcolcon.colcon_core.package_identification[0m [1;30mLevel 1[0m _identify(isaaclab_tasks/isaaclab_tasks/manager_based/locomotion/velocity/config/a1/__pycache__) by extension 'python_setup_py'
[0.249s] [34mcolcon.colcon_core.package_identification[0m [1;30mLevel 1[0m _identify(isaaclab_tasks/isaaclab_tasks/manager_based/locomotion/velocity/config/a1/agents) by extensions ['ignore', 'ignore_ament_install']
[0.249s] [34mcolcon.colcon_core.package_identification[0m [1;30mLevel 1[0m _identify(isaaclab_tasks/isaaclab_tasks/manager_based/locomotion/velocity/config/a1/agents) by extension 'ignore'
[0.249s] [34mcolcon.colcon_core.package_identification[0m [1;30mLevel 1[0m _identify(isaaclab_tasks/isaaclab_tasks/manager_based/locomotion/velocity/config/a1/agents) by extension 'ignore_ament_install'
[0.249s] [34mcolcon.colcon_core.package_identification[0m [1;30mLevel 1[0m _identify(isaaclab_tasks/isaaclab_tasks/manager_based/locomotion/velocity/config/a1/agents) by extensions ['colcon_pkg']
[0.249s] [34mcolcon.colcon_core.package_identification[0m [1;30mLevel 1[0m _identify(isaaclab_tasks/isaaclab_tasks/manager_based/locomotion/velocity/config/a1/agents) by extension 'colcon_pkg'
[0.249s] [34mcolcon.colcon_core.package_identification[0m [1;30mLevel 1[0m _identify(isaaclab_tasks/isaaclab_tasks/manager_based/locomotion/velocity/config/a1/agents) by extensions ['colcon_meta']
[0.249s] [34mcolcon.colcon_core.package_identification[0m [1;30mLevel 1[0m _identify(isaaclab_tasks/isaaclab_tasks/manager_based/locomotion/velocity/config/a1/agents) by extension 'colcon_meta'
[0.249s] [34mcolcon.colcon_core.package_identification[0m [1;30mLevel 1[0m _identify(isaaclab_tasks/isaaclab_tasks/manager_based/locomotion/velocity/config/a1/agents) by extensions ['ros']
[0.249s] [34mcolcon.colcon_core.package_identification[0m [1;30mLevel 1[0m _identify(isaaclab_tasks/isaaclab_tasks/manager_based/locomotion/velocity/config/a1/agents) by extension 'ros'
[0.249s] [34mcolcon.colcon_core.package_identification[0m [1;30mLevel 1[0m _identify(isaaclab_tasks/isaaclab_tasks/manager_based/locomotion/velocity/config/a1/agents) by extensions ['cmake', 'python']
[0.249s] [34mcolcon.colcon_core.package_identification[0m [1;30mLevel 1[0m _identify(isaaclab_tasks/isaaclab_tasks/manager_based/locomotion/velocity/config/a1/agents) by extension 'cmake'
[0.249s] [34mcolcon.colcon_core.package_identification[0m [1;30mLevel 1[0m _identify(isaaclab_tasks/isaaclab_tasks/manager_based/locomotion/velocity/config/a1/agents) by extension 'python'
[0.249s] [34mcolcon.colcon_core.package_identification[0m [1;30mLevel 1[0m _identify(isaaclab_tasks/isaaclab_tasks/manager_based/locomotion/velocity/config/a1/agents) by extensions ['python_setup_py']
[0.249s] [34mcolcon.colcon_core.package_identification[0m [1;30mLevel 1[0m _identify(isaaclab_tasks/isaaclab_tasks/manager_based/locomotion/velocity/config/a1/agents) by extension 'python_setup_py'
[0.249s] [34mcolcon.colcon_core.package_identification[0m [1;30mLevel 1[0m _identify(isaaclab_tasks/isaaclab_tasks/manager_based/locomotion/velocity/config/a1/agents/__pycache__) by extensions ['ignore', 'ignore_ament_install']
[0.249s] [34mcolcon.colcon_core.package_identification[0m [1;30mLevel 1[0m _identify(isaaclab_tasks/isaaclab_tasks/manager_based/locomotion/velocity/config/a1/agents/__pycache__) by extension 'ignore'
[0.249s] [34mcolcon.colcon_core.package_identification[0m [1;30mLevel 1[0m _identify(isaaclab_tasks/isaaclab_tasks/manager_based/locomotion/velocity/config/a1/agents/__pycache__) by extension 'ignore_ament_install'
[0.249s] [34mcolcon.colcon_core.package_identification[0m [1;30mLevel 1[0m _identify(isaaclab_tasks/isaaclab_tasks/manager_based/locomotion/velocity/config/a1/agents/__pycache__) by extensions ['colcon_pkg']
[0.249s] [34mcolcon.colcon_core.package_identification[0m [1;30mLevel 1[0m _identify(isaaclab_tasks/isaaclab_tasks/manager_based/locomotion/velocity/config/a1/agents/__pycache__) by extension 'colcon_pkg'
[0.249s] [34mcolcon.colcon_core.package_identification[0m [1;30mLevel 1[0m _identify(isaaclab_tasks/isaaclab_tasks/manager_based/locomotion/velocity/config/a1/agents/__pycache__) by extensions ['colcon_meta']
[0.249s] [34mcolcon.colcon_core.package_identification[0m [1;30mLevel 1[0m _identify(isaaclab_tasks/isaaclab_tasks/manager_based/locomotion/velocity/config/a1/agents/__pycache__) by extension 'colcon_meta'
[0.249s] [34mcolcon.colcon_core.package_identification[0m [1;30mLevel 1[0m _identify(isaaclab_tasks/isaaclab_tasks/manager_based/locomotion/velocity/config/a1/agents/__pycache__) by extensions ['ros']
[0.249s] [34mcolcon.colcon_core.package_identification[0m [1;30mLevel 1[0m _identify(isaaclab_tasks/isaaclab_tasks/manager_based/locomotion/velocity/config/a1/agents/__pycache__) by extension 'ros'
[0.249s] [34mcolcon.colcon_core.package_identification[0m [1;30mLevel 1[0m _identify(isaaclab_tasks/isaaclab_tasks/manager_based/locomotion/velocity/config/a1/agents/__pycache__) by extensions ['cmake', 'python']
[0.249s] [34mcolcon.colcon_core.package_identification[0m [1;30mLevel 1[0m _identify(isaaclab_tasks/isaaclab_tasks/manager_based/locomotion/velocity/config/a1/agents/__pycache__) by extension 'cmake'
[0.249s] [34mcolcon.colcon_core.package_identification[0m [1;30mLevel 1[0m _identify(isaaclab_tasks/isaaclab_tasks/manager_based/locomotion/velocity/config/a1/agents/__pycache__) by extension 'python'
[0.249s] [34mcolcon.colcon_core.package_identification[0m [1;30mLevel 1[0m _identify(isaaclab_tasks/isaaclab_tasks/manager_based/locomotion/velocity/config/a1/agents/__pycache__) by extensions ['python_setup_py']
[0.249s] [34mcolcon.colcon_core.package_identification[0m [1;30mLevel 1[0m _identify(isaaclab_tasks/isaaclab_tasks/manager_based/locomotion/velocity/config/a1/agents/__pycache__) by extension 'python_setup_py'
[0.249s] [34mcolcon.colcon_core.package_identification[0m [1;30mLevel 1[0m _identify(isaaclab_tasks/isaaclab_tasks/manager_based/locomotion/velocity/config/anymal_b) by extensions ['ignore', 'ignore_ament_install']
[0.249s] [34mcolcon.colcon_core.package_identification[0m [1;30mLevel 1[0m _identify(isaaclab_tasks/isaaclab_tasks/manager_based/locomotion/velocity/config/anymal_b) by extension 'ignore'
[0.249s] [34mcolcon.colcon_core.package_identification[0m [1;30mLevel 1[0m _identify(isaaclab_tasks/isaaclab_tasks/manager_based/locomotion/velocity/config/anymal_b) by extension 'ignore_ament_install'
[0.250s] [34mcolcon.colcon_core.package_identification[0m [1;30mLevel 1[0m _identify(isaaclab_tasks/isaaclab_tasks/manager_based/locomotion/velocity/config/anymal_b) by extensions ['colcon_pkg']
[0.250s] [34mcolcon.colcon_core.package_identification[0m [1;30mLevel 1[0m _identify(isaaclab_tasks/isaaclab_tasks/manager_based/locomotion/velocity/config/anymal_b) by extension 'colcon_pkg'
[0.250s] [34mcolcon.colcon_core.package_identification[0m [1;30mLevel 1[0m _identify(isaaclab_tasks/isaaclab_tasks/manager_based/locomotion/velocity/config/anymal_b) by extensions ['colcon_meta']
[0.250s] [34mcolcon.colcon_core.package_identification[0m [1;30mLevel 1[0m _identify(isaaclab_tasks/isaaclab_tasks/manager_based/locomotion/velocity/config/anymal_b) by extension 'colcon_meta'
[0.250s] [34mcolcon.colcon_core.package_identification[0m [1;30mLevel 1[0m _identify(isaaclab_tasks/isaaclab_tasks/manager_based/locomotion/velocity/config/anymal_b) by extensions ['ros']
[0.250s] [34mcolcon.colcon_core.package_identification[0m [1;30mLevel 1[0m _identify(isaaclab_tasks/isaaclab_tasks/manager_based/locomotion/velocity/config/anymal_b) by extension 'ros'
[0.250s] [34mcolcon.colcon_core.package_identification[0m [1;30mLevel 1[0m _identify(isaaclab_tasks/isaaclab_tasks/manager_based/locomotion/velocity/config/anymal_b) by extensions ['cmake', 'python']
[0.250s] [34mcolcon.colcon_core.package_identification[0m [1;30mLevel 1[0m _identify(isaaclab_tasks/isaaclab_tasks/manager_based/locomotion/velocity/config/anymal_b) by extension 'cmake'
[0.250s] [34mcolcon.colcon_core.package_identification[0m [1;30mLevel 1[0m _identify(isaaclab_tasks/isaaclab_tasks/manager_based/locomotion/velocity/config/anymal_b) by extension 'python'
[0.250s] [34mcolcon.colcon_core.package_identification[0m [1;30mLevel 1[0m _identify(isaaclab_tasks/isaaclab_tasks/manager_based/locomotion/velocity/config/anymal_b) by extensions ['python_setup_py']
[0.250s] [34mcolcon.colcon_core.package_identification[0m [1;30mLevel 1[0m _identify(isaaclab_tasks/isaaclab_tasks/manager_based/locomotion/velocity/config/anymal_b) by extension 'python_setup_py'
[0.250s] [34mcolcon.colcon_core.package_identification[0m [1;30mLevel 1[0m _identify(isaaclab_tasks/isaaclab_tasks/manager_based/locomotion/velocity/config/anymal_b/__pycache__) by extensions ['ignore', 'ignore_ament_install']
[0.250s] [34mcolcon.colcon_core.package_identification[0m [1;30mLevel 1[0m _identify(isaaclab_tasks/isaaclab_tasks/manager_based/locomotion/velocity/config/anymal_b/__pycache__) by extension 'ignore'
[0.250s] [34mcolcon.colcon_core.package_identification[0m [1;30mLevel 1[0m _identify(isaaclab_tasks/isaaclab_tasks/manager_based/locomotion/velocity/config/anymal_b/__pycache__) by extension 'ignore_ament_install'
[0.250s] [34mcolcon.colcon_core.package_identification[0m [1;30mLevel 1[0m _identify(isaaclab_tasks/isaaclab_tasks/manager_based/locomotion/velocity/config/anymal_b/__pycache__) by extensions ['colcon_pkg']
[0.250s] [34mcolcon.colcon_core.package_identification[0m [1;30mLevel 1[0m _identify(isaaclab_tasks/isaaclab_tasks/manager_based/locomotion/velocity/config/anymal_b/__pycache__) by extension 'colcon_pkg'
[0.250s] [34mcolcon.colcon_core.package_identification[0m [1;30mLevel 1[0m _identify(isaaclab_tasks/isaaclab_tasks/manager_based/locomotion/velocity/config/anymal_b/__pycache__) by extensions ['colcon_meta']
[0.250s] [34mcolcon.colcon_core.package_identification[0m [1;30mLevel 1[0m _identify(isaaclab_tasks/isaaclab_tasks/manager_based/locomotion/velocity/config/anymal_b/__pycache__) by extension 'colcon_meta'
[0.250s] [34mcolcon.colcon_core.package_identification[0m [1;30mLevel 1[0m _identify(isaaclab_tasks/isaaclab_tasks/manager_based/locomotion/velocity/config/anymal_b/__pycache__) by extensions ['ros']
[0.250s] [34mcolcon.colcon_core.package_identification[0m [1;30mLevel 1[0m _identify(isaaclab_tasks/isaaclab_tasks/manager_based/locomotion/velocity/config/anymal_b/__pycache__) by extension 'ros'
[0.250s] [34mcolcon.colcon_core.package_identification[0m [1;30mLevel 1[0m _identify(isaaclab_tasks/isaaclab_tasks/manager_based/locomotion/velocity/config/anymal_b/__pycache__) by extensions ['cmake', 'python']
[0.250s] [34mcolcon.colcon_core.package_identification[0m [1;30mLevel 1[0m _identify(isaaclab_tasks/isaaclab_tasks/manager_based/locomotion/velocity/config/anymal_b/__pycache__) by extension 'cmake'
[0.250s] [34mcolcon.colcon_core.package_identification[0m [1;30mLevel 1[0m _identify(isaaclab_tasks/isaaclab_tasks/manager_based/locomotion/velocity/config/anymal_b/__pycache__) by extension 'python'
[0.250s] [34mcolcon.colcon_core.package_identification[0m [1;30mLevel 1[0m _identify(isaaclab_tasks/isaaclab_tasks/manager_based/locomotion/velocity/config/anymal_b/__pycache__) by extensions ['python_setup_py']
[0.250s] [34mcolcon.colcon_core.package_identification[0m [1;30mLevel 1[0m _identify(isaaclab_tasks/isaaclab_tasks/manager_based/locomotion/velocity/config/anymal_b/__pycache__) by extension 'python_setup_py'
[0.250s] [34mcolcon.colcon_core.package_identification[0m [1;30mLevel 1[0m _identify(isaaclab_tasks/isaaclab_tasks/manager_based/locomotion/velocity/config/anymal_b/agents) by extensions ['ignore', 'ignore_ament_install']
[0.250s] [34mcolcon.colcon_core.package_identification[0m [1;30mLevel 1[0m _identify(isaaclab_tasks/isaaclab_tasks/manager_based/locomotion/velocity/config/anymal_b/agents) by extension 'ignore'
[0.250s] [34mcolcon.colcon_core.package_identification[0m [1;30mLevel 1[0m _identify(isaaclab_tasks/isaaclab_tasks/manager_based/locomotion/velocity/config/anymal_b/agents) by extension 'ignore_ament_install'
[0.250s] [34mcolcon.colcon_core.package_identification[0m [1;30mLevel 1[0m _identify(isaaclab_tasks/isaaclab_tasks/manager_based/locomotion/velocity/config/anymal_b/agents) by extensions ['colcon_pkg']
[0.250s] [34mcolcon.colcon_core.package_identification[0m [1;30mLevel 1[0m _identify(isaaclab_tasks/isaaclab_tasks/manager_based/locomotion/velocity/config/anymal_b/agents) by extension 'colcon_pkg'
[0.250s] [34mcolcon.colcon_core.package_identification[0m [1;30mLevel 1[0m _identify(isaaclab_tasks/isaaclab_tasks/manager_based/locomotion/velocity/config/anymal_b/agents) by extensions ['colcon_meta']
[0.250s] [34mcolcon.colcon_core.package_identification[0m [1;30mLevel 1[0m _identify(isaaclab_tasks/isaaclab_tasks/manager_based/locomotion/velocity/config/anymal_b/agents) by extension 'colcon_meta'
[0.250s] [34mcolcon.colcon_core.package_identification[0m [1;30mLevel 1[0m _identify(isaaclab_tasks/isaaclab_tasks/manager_based/locomotion/velocity/config/anymal_b/agents) by extensions ['ros']
[0.250s] [34mcolcon.colcon_core.package_identification[0m [1;30mLevel 1[0m _identify(isaaclab_tasks/isaaclab_tasks/manager_based/locomotion/velocity/config/anymal_b/agents) by extension 'ros'
[0.250s] [34mcolcon.colcon_core.package_identification[0m [1;30mLevel 1[0m _identify(isaaclab_tasks/isaaclab_tasks/manager_based/locomotion/velocity/config/anymal_b/agents) by extensions ['cmake', 'python']
[0.250s] [34mcolcon.colcon_core.package_identification[0m [1;30mLevel 1[0m _identify(isaaclab_tasks/isaaclab_tasks/manager_based/locomotion/velocity/config/anymal_b/agents) by extension 'cmake'
[0.250s] [34mcolcon.colcon_core.package_identification[0m [1;30mLevel 1[0m _identify(isaaclab_tasks/isaaclab_tasks/manager_based/locomotion/velocity/config/anymal_b/agents) by extension 'python'
[0.250s] [34mcolcon.colcon_core.package_identification[0m [1;30mLevel 1[0m _identify(isaaclab_tasks/isaaclab_tasks/manager_based/locomotion/velocity/config/anymal_b/agents) by extensions ['python_setup_py']
[0.250s] [34mcolcon.colcon_core.package_identification[0m [1;30mLevel 1[0m _identify(isaaclab_tasks/isaaclab_tasks/manager_based/locomotion/velocity/config/anymal_b/agents) by extension 'python_setup_py'
[0.250s] [34mcolcon.colcon_core.package_identification[0m [1;30mLevel 1[0m _identify(isaaclab_tasks/isaaclab_tasks/manager_based/locomotion/velocity/config/anymal_b/agents/__pycache__) by extensions ['ignore', 'ignore_ament_install']
[0.250s] [34mcolcon.colcon_core.package_identification[0m [1;30mLevel 1[0m _identify(isaaclab_tasks/isaaclab_tasks/manager_based/locomotion/velocity/config/anymal_b/agents/__pycache__) by extension 'ignore'
[0.250s] [34mcolcon.colcon_core.package_identification[0m [1;30mLevel 1[0m _identify(isaaclab_tasks/isaaclab_tasks/manager_based/locomotion/velocity/config/anymal_b/agents/__pycache__) by extension 'ignore_ament_install'
[0.250s] [34mcolcon.colcon_core.package_identification[0m [1;30mLevel 1[0m _identify(isaaclab_tasks/isaaclab_tasks/manager_based/locomotion/velocity/config/anymal_b/agents/__pycache__) by extensions ['colcon_pkg']
[0.250s] [34mcolcon.colcon_core.package_identification[0m [1;30mLevel 1[0m _identify(isaaclab_tasks/isaaclab_tasks/manager_based/locomotion/velocity/config/anymal_b/agents/__pycache__) by extension 'colcon_pkg'
[0.250s] [34mcolcon.colcon_core.package_identification[0m [1;30mLevel 1[0m _identify(isaaclab_tasks/isaaclab_tasks/manager_based/locomotion/velocity/config/anymal_b/agents/__pycache__) by extensions ['colcon_meta']
[0.250s] [34mcolcon.colcon_core.package_identification[0m [1;30mLevel 1[0m _identify(isaaclab_tasks/isaaclab_tasks/manager_based/locomotion/velocity/config/anymal_b/agents/__pycache__) by extension 'colcon_meta'
[0.250s] [34mcolcon.colcon_core.package_identification[0m [1;30mLevel 1[0m _identify(isaaclab_tasks/isaaclab_tasks/manager_based/locomotion/velocity/config/anymal_b/agents/__pycache__) by extensions ['ros']
[0.251s] [34mcolcon.colcon_core.package_identification[0m [1;30mLevel 1[0m _identify(isaaclab_tasks/isaaclab_tasks/manager_based/locomotion/velocity/config/anymal_b/agents/__pycache__) by extension 'ros'
[0.251s] [34mcolcon.colcon_core.package_identification[0m [1;30mLevel 1[0m _identify(isaaclab_tasks/isaaclab_tasks/manager_based/locomotion/velocity/config/anymal_b/agents/__pycache__) by extensions ['cmake', 'python']
[0.251s] [34mcolcon.colcon_core.package_identification[0m [1;30mLevel 1[0m _identify(isaaclab_tasks/isaaclab_tasks/manager_based/locomotion/velocity/config/anymal_b/agents/__pycache__) by extension 'cmake'
[0.251s] [34mcolcon.colcon_core.package_identification[0m [1;30mLevel 1[0m _identify(isaaclab_tasks/isaaclab_tasks/manager_based/locomotion/velocity/config/anymal_b/agents/__pycache__) by extension 'python'
[0.251s] [34mcolcon.colcon_core.package_identification[0m [1;30mLevel 1[0m _identify(isaaclab_tasks/isaaclab_tasks/manager_based/locomotion/velocity/config/anymal_b/agents/__pycache__) by extensions ['python_setup_py']
[0.251s] [34mcolcon.colcon_core.package_identification[0m [1;30mLevel 1[0m _identify(isaaclab_tasks/isaaclab_tasks/manager_based/locomotion/velocity/config/anymal_b/agents/__pycache__) by extension 'python_setup_py'
[0.251s] [34mcolcon.colcon_core.package_identification[0m [1;30mLevel 1[0m _identify(isaaclab_tasks/isaaclab_tasks/manager_based/locomotion/velocity/config/anymal_c) by extensions ['ignore', 'ignore_ament_install']
[0.251s] [34mcolcon.colcon_core.package_identification[0m [1;30mLevel 1[0m _identify(isaaclab_tasks/isaaclab_tasks/manager_based/locomotion/velocity/config/anymal_c) by extension 'ignore'
[0.251s] [34mcolcon.colcon_core.package_identification[0m [1;30mLevel 1[0m _identify(isaaclab_tasks/isaaclab_tasks/manager_based/locomotion/velocity/config/anymal_c) by extension 'ignore_ament_install'
[0.251s] [34mcolcon.colcon_core.package_identification[0m [1;30mLevel 1[0m _identify(isaaclab_tasks/isaaclab_tasks/manager_based/locomotion/velocity/config/anymal_c) by extensions ['colcon_pkg']
[0.251s] [34mcolcon.colcon_core.package_identification[0m [1;30mLevel 1[0m _identify(isaaclab_tasks/isaaclab_tasks/manager_based/locomotion/velocity/config/anymal_c) by extension 'colcon_pkg'
[0.251s] [34mcolcon.colcon_core.package_identification[0m [1;30mLevel 1[0m _identify(isaaclab_tasks/isaaclab_tasks/manager_based/locomotion/velocity/config/anymal_c) by extensions ['colcon_meta']
[0.251s] [34mcolcon.colcon_core.package_identification[0m [1;30mLevel 1[0m _identify(isaaclab_tasks/isaaclab_tasks/manager_based/locomotion/velocity/config/anymal_c) by extension 'colcon_meta'
[0.251s] [34mcolcon.colcon_core.package_identification[0m [1;30mLevel 1[0m _identify(isaaclab_tasks/isaaclab_tasks/manager_based/locomotion/velocity/config/anymal_c) by extensions ['ros']
[0.251s] [34mcolcon.colcon_core.package_identification[0m [1;30mLevel 1[0m _identify(isaaclab_tasks/isaaclab_tasks/manager_based/locomotion/velocity/config/anymal_c) by extension 'ros'
[0.251s] [34mcolcon.colcon_core.package_identification[0m [1;30mLevel 1[0m _identify(isaaclab_tasks/isaaclab_tasks/manager_based/locomotion/velocity/config/anymal_c) by extensions ['cmake', 'python']
[0.251s] [34mcolcon.colcon_core.package_identification[0m [1;30mLevel 1[0m _identify(isaaclab_tasks/isaaclab_tasks/manager_based/locomotion/velocity/config/anymal_c) by extension 'cmake'
[0.251s] [34mcolcon.colcon_core.package_identification[0m [1;30mLevel 1[0m _identify(isaaclab_tasks/isaaclab_tasks/manager_based/locomotion/velocity/config/anymal_c) by extension 'python'
[0.251s] [34mcolcon.colcon_core.package_identification[0m [1;30mLevel 1[0m _identify(isaaclab_tasks/isaaclab_tasks/manager_based/locomotion/velocity/config/anymal_c) by extensions ['python_setup_py']
[0.251s] [34mcolcon.colcon_core.package_identification[0m [1;30mLevel 1[0m _identify(isaaclab_tasks/isaaclab_tasks/manager_based/locomotion/velocity/config/anymal_c) by extension 'python_setup_py'
[0.251s] [34mcolcon.colcon_core.package_identification[0m [1;30mLevel 1[0m _identify(isaaclab_tasks/isaaclab_tasks/manager_based/locomotion/velocity/config/anymal_c/__pycache__) by extensions ['ignore', 'ignore_ament_install']
[0.251s] [34mcolcon.colcon_core.package_identification[0m [1;30mLevel 1[0m _identify(isaaclab_tasks/isaaclab_tasks/manager_based/locomotion/velocity/config/anymal_c/__pycache__) by extension 'ignore'
[0.251s] [34mcolcon.colcon_core.package_identification[0m [1;30mLevel 1[0m _identify(isaaclab_tasks/isaaclab_tasks/manager_based/locomotion/velocity/config/anymal_c/__pycache__) by extension 'ignore_ament_install'
[0.251s] [34mcolcon.colcon_core.package_identification[0m [1;30mLevel 1[0m _identify(isaaclab_tasks/isaaclab_tasks/manager_based/locomotion/velocity/config/anymal_c/__pycache__) by extensions ['colcon_pkg']
[0.251s] [34mcolcon.colcon_core.package_identification[0m [1;30mLevel 1[0m _identify(isaaclab_tasks/isaaclab_tasks/manager_based/locomotion/velocity/config/anymal_c/__pycache__) by extension 'colcon_pkg'
[0.251s] [34mcolcon.colcon_core.package_identification[0m [1;30mLevel 1[0m _identify(isaaclab_tasks/isaaclab_tasks/manager_based/locomotion/velocity/config/anymal_c/__pycache__) by extensions ['colcon_meta']
[0.251s] [34mcolcon.colcon_core.package_identification[0m [1;30mLevel 1[0m _identify(isaaclab_tasks/isaaclab_tasks/manager_based/locomotion/velocity/config/anymal_c/__pycache__) by extension 'colcon_meta'
[0.251s] [34mcolcon.colcon_core.package_identification[0m [1;30mLevel 1[0m _identify(isaaclab_tasks/isaaclab_tasks/manager_based/locomotion/velocity/config/anymal_c/__pycache__) by extensions ['ros']
[0.251s] [34mcolcon.colcon_core.package_identification[0m [1;30mLevel 1[0m _identify(isaaclab_tasks/isaaclab_tasks/manager_based/locomotion/velocity/config/anymal_c/__pycache__) by extension 'ros'
[0.251s] [34mcolcon.colcon_core.package_identification[0m [1;30mLevel 1[0m _identify(isaaclab_tasks/isaaclab_tasks/manager_based/locomotion/velocity/config/anymal_c/__pycache__) by extensions ['cmake', 'python']
[0.251s] [34mcolcon.colcon_core.package_identification[0m [1;30mLevel 1[0m _identify(isaaclab_tasks/isaaclab_tasks/manager_based/locomotion/velocity/config/anymal_c/__pycache__) by extension 'cmake'
[0.251s] [34mcolcon.colcon_core.package_identification[0m [1;30mLevel 1[0m _identify(isaaclab_tasks/isaaclab_tasks/manager_based/locomotion/velocity/config/anymal_c/__pycache__) by extension 'python'
[0.251s] [34mcolcon.colcon_core.package_identification[0m [1;30mLevel 1[0m _identify(isaaclab_tasks/isaaclab_tasks/manager_based/locomotion/velocity/config/anymal_c/__pycache__) by extensions ['python_setup_py']
[0.251s] [34mcolcon.colcon_core.package_identification[0m [1;30mLevel 1[0m _identify(isaaclab_tasks/isaaclab_tasks/manager_based/locomotion/velocity/config/anymal_c/__pycache__) by extension 'python_setup_py'
[0.251s] [34mcolcon.colcon_core.package_identification[0m [1;30mLevel 1[0m _identify(isaaclab_tasks/isaaclab_tasks/manager_based/locomotion/velocity/config/anymal_c/agents) by extensions ['ignore', 'ignore_ament_install']
[0.251s] [34mcolcon.colcon_core.package_identification[0m [1;30mLevel 1[0m _identify(isaaclab_tasks/isaaclab_tasks/manager_based/locomotion/velocity/config/anymal_c/agents) by extension 'ignore'
[0.251s] [34mcolcon.colcon_core.package_identification[0m [1;30mLevel 1[0m _identify(isaaclab_tasks/isaaclab_tasks/manager_based/locomotion/velocity/config/anymal_c/agents) by extension 'ignore_ament_install'
[0.251s] [34mcolcon.colcon_core.package_identification[0m [1;30mLevel 1[0m _identify(isaaclab_tasks/isaaclab_tasks/manager_based/locomotion/velocity/config/anymal_c/agents) by extensions ['colcon_pkg']
[0.251s] [34mcolcon.colcon_core.package_identification[0m [1;30mLevel 1[0m _identify(isaaclab_tasks/isaaclab_tasks/manager_based/locomotion/velocity/config/anymal_c/agents) by extension 'colcon_pkg'
[0.251s] [34mcolcon.colcon_core.package_identification[0m [1;30mLevel 1[0m _identify(isaaclab_tasks/isaaclab_tasks/manager_based/locomotion/velocity/config/anymal_c/agents) by extensions ['colcon_meta']
[0.251s] [34mcolcon.colcon_core.package_identification[0m [1;30mLevel 1[0m _identify(isaaclab_tasks/isaaclab_tasks/manager_based/locomotion/velocity/config/anymal_c/agents) by extension 'colcon_meta'
[0.251s] [34mcolcon.colcon_core.package_identification[0m [1;30mLevel 1[0m _identify(isaaclab_tasks/isaaclab_tasks/manager_based/locomotion/velocity/config/anymal_c/agents) by extensions ['ros']
[0.251s] [34mcolcon.colcon_core.package_identification[0m [1;30mLevel 1[0m _identify(isaaclab_tasks/isaaclab_tasks/manager_based/locomotion/velocity/config/anymal_c/agents) by extension 'ros'
[0.251s] [34mcolcon.colcon_core.package_identification[0m [1;30mLevel 1[0m _identify(isaaclab_tasks/isaaclab_tasks/manager_based/locomotion/velocity/config/anymal_c/agents) by extensions ['cmake', 'python']
[0.251s] [34mcolcon.colcon_core.package_identification[0m [1;30mLevel 1[0m _identify(isaaclab_tasks/isaaclab_tasks/manager_based/locomotion/velocity/config/anymal_c/agents) by extension 'cmake'
[0.251s] [34mcolcon.colcon_core.package_identification[0m [1;30mLevel 1[0m _identify(isaaclab_tasks/isaaclab_tasks/manager_based/locomotion/velocity/config/anymal_c/agents) by extension 'python'
[0.252s] [34mcolcon.colcon_core.package_identification[0m [1;30mLevel 1[0m _identify(isaaclab_tasks/isaaclab_tasks/manager_based/locomotion/velocity/config/anymal_c/agents) by extensions ['python_setup_py']
[0.252s] [34mcolcon.colcon_core.package_identification[0m [1;30mLevel 1[0m _identify(isaaclab_tasks/isaaclab_tasks/manager_based/locomotion/velocity/config/anymal_c/agents) by extension 'python_setup_py'
[0.252s] [34mcolcon.colcon_core.package_identification[0m [1;30mLevel 1[0m _identify(isaaclab_tasks/isaaclab_tasks/manager_based/locomotion/velocity/config/anymal_c/agents/__pycache__) by extensions ['ignore', 'ignore_ament_install']
[0.252s] [34mcolcon.colcon_core.package_identification[0m [1;30mLevel 1[0m _identify(isaaclab_tasks/isaaclab_tasks/manager_based/locomotion/velocity/config/anymal_c/agents/__pycache__) by extension 'ignore'
[0.252s] [34mcolcon.colcon_core.package_identification[0m [1;30mLevel 1[0m _identify(isaaclab_tasks/isaaclab_tasks/manager_based/locomotion/velocity/config/anymal_c/agents/__pycache__) by extension 'ignore_ament_install'
[0.252s] [34mcolcon.colcon_core.package_identification[0m [1;30mLevel 1[0m _identify(isaaclab_tasks/isaaclab_tasks/manager_based/locomotion/velocity/config/anymal_c/agents/__pycache__) by extensions ['colcon_pkg']
[0.252s] [34mcolcon.colcon_core.package_identification[0m [1;30mLevel 1[0m _identify(isaaclab_tasks/isaaclab_tasks/manager_based/locomotion/velocity/config/anymal_c/agents/__pycache__) by extension 'colcon_pkg'
[0.252s] [34mcolcon.colcon_core.package_identification[0m [1;30mLevel 1[0m _identify(isaaclab_tasks/isaaclab_tasks/manager_based/locomotion/velocity/config/anymal_c/agents/__pycache__) by extensions ['colcon_meta']
[0.252s] [34mcolcon.colcon_core.package_identification[0m [1;30mLevel 1[0m _identify(isaaclab_tasks/isaaclab_tasks/manager_based/locomotion/velocity/config/anymal_c/agents/__pycache__) by extension 'colcon_meta'
[0.252s] [34mcolcon.colcon_core.package_identification[0m [1;30mLevel 1[0m _identify(isaaclab_tasks/isaaclab_tasks/manager_based/locomotion/velocity/config/anymal_c/agents/__pycache__) by extensions ['ros']
[0.252s] [34mcolcon.colcon_core.package_identification[0m [1;30mLevel 1[0m _identify(isaaclab_tasks/isaaclab_tasks/manager_based/locomotion/velocity/config/anymal_c/agents/__pycache__) by extension 'ros'
[0.252s] [34mcolcon.colcon_core.package_identification[0m [1;30mLevel 1[0m _identify(isaaclab_tasks/isaaclab_tasks/manager_based/locomotion/velocity/config/anymal_c/agents/__pycache__) by extensions ['cmake', 'python']
[0.252s] [34mcolcon.colcon_core.package_identification[0m [1;30mLevel 1[0m _identify(isaaclab_tasks/isaaclab_tasks/manager_based/locomotion/velocity/config/anymal_c/agents/__pycache__) by extension 'cmake'
[0.252s] [34mcolcon.colcon_core.package_identification[0m [1;30mLevel 1[0m _identify(isaaclab_tasks/isaaclab_tasks/manager_based/locomotion/velocity/config/anymal_c/agents/__pycache__) by extension 'python'
[0.252s] [34mcolcon.colcon_core.package_identification[0m [1;30mLevel 1[0m _identify(isaaclab_tasks/isaaclab_tasks/manager_based/locomotion/velocity/config/anymal_c/agents/__pycache__) by extensions ['python_setup_py']
[0.252s] [34mcolcon.colcon_core.package_identification[0m [1;30mLevel 1[0m _identify(isaaclab_tasks/isaaclab_tasks/manager_based/locomotion/velocity/config/anymal_c/agents/__pycache__) by extension 'python_setup_py'
[0.252s] [34mcolcon.colcon_core.package_identification[0m [1;30mLevel 1[0m _identify(isaaclab_tasks/isaaclab_tasks/manager_based/locomotion/velocity/config/anymal_d) by extensions ['ignore', 'ignore_ament_install']
[0.252s] [34mcolcon.colcon_core.package_identification[0m [1;30mLevel 1[0m _identify(isaaclab_tasks/isaaclab_tasks/manager_based/locomotion/velocity/config/anymal_d) by extension 'ignore'
[0.252s] [34mcolcon.colcon_core.package_identification[0m [1;30mLevel 1[0m _identify(isaaclab_tasks/isaaclab_tasks/manager_based/locomotion/velocity/config/anymal_d) by extension 'ignore_ament_install'
[0.252s] [34mcolcon.colcon_core.package_identification[0m [1;30mLevel 1[0m _identify(isaaclab_tasks/isaaclab_tasks/manager_based/locomotion/velocity/config/anymal_d) by extensions ['colcon_pkg']
[0.252s] [34mcolcon.colcon_core.package_identification[0m [1;30mLevel 1[0m _identify(isaaclab_tasks/isaaclab_tasks/manager_based/locomotion/velocity/config/anymal_d) by extension 'colcon_pkg'
[0.252s] [34mcolcon.colcon_core.package_identification[0m [1;30mLevel 1[0m _identify(isaaclab_tasks/isaaclab_tasks/manager_based/locomotion/velocity/config/anymal_d) by extensions ['colcon_meta']
[0.252s] [34mcolcon.colcon_core.package_identification[0m [1;30mLevel 1[0m _identify(isaaclab_tasks/isaaclab_tasks/manager_based/locomotion/velocity/config/anymal_d) by extension 'colcon_meta'
[0.252s] [34mcolcon.colcon_core.package_identification[0m [1;30mLevel 1[0m _identify(isaaclab_tasks/isaaclab_tasks/manager_based/locomotion/velocity/config/anymal_d) by extensions ['ros']
[0.252s] [34mcolcon.colcon_core.package_identification[0m [1;30mLevel 1[0m _identify(isaaclab_tasks/isaaclab_tasks/manager_based/locomotion/velocity/config/anymal_d) by extension 'ros'
[0.252s] [34mcolcon.colcon_core.package_identification[0m [1;30mLevel 1[0m _identify(isaaclab_tasks/isaaclab_tasks/manager_based/locomotion/velocity/config/anymal_d) by extensions ['cmake', 'python']
[0.252s] [34mcolcon.colcon_core.package_identification[0m [1;30mLevel 1[0m _identify(isaaclab_tasks/isaaclab_tasks/manager_based/locomotion/velocity/config/anymal_d) by extension 'cmake'
[0.252s] [34mcolcon.colcon_core.package_identification[0m [1;30mLevel 1[0m _identify(isaaclab_tasks/isaaclab_tasks/manager_based/locomotion/velocity/config/anymal_d) by extension 'python'
[0.252s] [34mcolcon.colcon_core.package_identification[0m [1;30mLevel 1[0m _identify(isaaclab_tasks/isaaclab_tasks/manager_based/locomotion/velocity/config/anymal_d) by extensions ['python_setup_py']
[0.252s] [34mcolcon.colcon_core.package_identification[0m [1;30mLevel 1[0m _identify(isaaclab_tasks/isaaclab_tasks/manager_based/locomotion/velocity/config/anymal_d) by extension 'python_setup_py'
[0.252s] [34mcolcon.colcon_core.package_identification[0m [1;30mLevel 1[0m _identify(isaaclab_tasks/isaaclab_tasks/manager_based/locomotion/velocity/config/anymal_d/__pycache__) by extensions ['ignore', 'ignore_ament_install']
[0.252s] [34mcolcon.colcon_core.package_identification[0m [1;30mLevel 1[0m _identify(isaaclab_tasks/isaaclab_tasks/manager_based/locomotion/velocity/config/anymal_d/__pycache__) by extension 'ignore'
[0.252s] [34mcolcon.colcon_core.package_identification[0m [1;30mLevel 1[0m _identify(isaaclab_tasks/isaaclab_tasks/manager_based/locomotion/velocity/config/anymal_d/__pycache__) by extension 'ignore_ament_install'
[0.252s] [34mcolcon.colcon_core.package_identification[0m [1;30mLevel 1[0m _identify(isaaclab_tasks/isaaclab_tasks/manager_based/locomotion/velocity/config/anymal_d/__pycache__) by extensions ['colcon_pkg']
[0.252s] [34mcolcon.colcon_core.package_identification[0m [1;30mLevel 1[0m _identify(isaaclab_tasks/isaaclab_tasks/manager_based/locomotion/velocity/config/anymal_d/__pycache__) by extension 'colcon_pkg'
[0.252s] [34mcolcon.colcon_core.package_identification[0m [1;30mLevel 1[0m _identify(isaaclab_tasks/isaaclab_tasks/manager_based/locomotion/velocity/config/anymal_d/__pycache__) by extensions ['colcon_meta']
[0.252s] [34mcolcon.colcon_core.package_identification[0m [1;30mLevel 1[0m _identify(isaaclab_tasks/isaaclab_tasks/manager_based/locomotion/velocity/config/anymal_d/__pycache__) by extension 'colcon_meta'
[0.252s] [34mcolcon.colcon_core.package_identification[0m [1;30mLevel 1[0m _identify(isaaclab_tasks/isaaclab_tasks/manager_based/locomotion/velocity/config/anymal_d/__pycache__) by extensions ['ros']
[0.252s] [34mcolcon.colcon_core.package_identification[0m [1;30mLevel 1[0m _identify(isaaclab_tasks/isaaclab_tasks/manager_based/locomotion/velocity/config/anymal_d/__pycache__) by extension 'ros'
[0.252s] [34mcolcon.colcon_core.package_identification[0m [1;30mLevel 1[0m _identify(isaaclab_tasks/isaaclab_tasks/manager_based/locomotion/velocity/config/anymal_d/__pycache__) by extensions ['cmake', 'python']
[0.252s] [34mcolcon.colcon_core.package_identification[0m [1;30mLevel 1[0m _identify(isaaclab_tasks/isaaclab_tasks/manager_based/locomotion/velocity/config/anymal_d/__pycache__) by extension 'cmake'
[0.252s] [34mcolcon.colcon_core.package_identification[0m [1;30mLevel 1[0m _identify(isaaclab_tasks/isaaclab_tasks/manager_based/locomotion/velocity/config/anymal_d/__pycache__) by extension 'python'
[0.252s] [34mcolcon.colcon_core.package_identification[0m [1;30mLevel 1[0m _identify(isaaclab_tasks/isaaclab_tasks/manager_based/locomotion/velocity/config/anymal_d/__pycache__) by extensions ['python_setup_py']
[0.252s] [34mcolcon.colcon_core.package_identification[0m [1;30mLevel 1[0m _identify(isaaclab_tasks/isaaclab_tasks/manager_based/locomotion/velocity/config/anymal_d/__pycache__) by extension 'python_setup_py'
[0.252s] [34mcolcon.colcon_core.package_identification[0m [1;30mLevel 1[0m _identify(isaaclab_tasks/isaaclab_tasks/manager_based/locomotion/velocity/config/anymal_d/agents) by extensions ['ignore', 'ignore_ament_install']
[0.252s] [34mcolcon.colcon_core.package_identification[0m [1;30mLevel 1[0m _identify(isaaclab_tasks/isaaclab_tasks/manager_based/locomotion/velocity/config/anymal_d/agents) by extension 'ignore'
[0.252s] [34mcolcon.colcon_core.package_identification[0m [1;30mLevel 1[0m _identify(isaaclab_tasks/isaaclab_tasks/manager_based/locomotion/velocity/config/anymal_d/agents) by extension 'ignore_ament_install'
[0.253s] [34mcolcon.colcon_core.package_identification[0m [1;30mLevel 1[0m _identify(isaaclab_tasks/isaaclab_tasks/manager_based/locomotion/velocity/config/anymal_d/agents) by extensions ['colcon_pkg']
[0.253s] [34mcolcon.colcon_core.package_identification[0m [1;30mLevel 1[0m _identify(isaaclab_tasks/isaaclab_tasks/manager_based/locomotion/velocity/config/anymal_d/agents) by extension 'colcon_pkg'
[0.253s] [34mcolcon.colcon_core.package_identification[0m [1;30mLevel 1[0m _identify(isaaclab_tasks/isaaclab_tasks/manager_based/locomotion/velocity/config/anymal_d/agents) by extensions ['colcon_meta']
[0.253s] [34mcolcon.colcon_core.package_identification[0m [1;30mLevel 1[0m _identify(isaaclab_tasks/isaaclab_tasks/manager_based/locomotion/velocity/config/anymal_d/agents) by extension 'colcon_meta'
[0.253s] [34mcolcon.colcon_core.package_identification[0m [1;30mLevel 1[0m _identify(isaaclab_tasks/isaaclab_tasks/manager_based/locomotion/velocity/config/anymal_d/agents) by extensions ['ros']
[0.253s] [34mcolcon.colcon_core.package_identification[0m [1;30mLevel 1[0m _identify(isaaclab_tasks/isaaclab_tasks/manager_based/locomotion/velocity/config/anymal_d/agents) by extension 'ros'
[0.253s] [34mcolcon.colcon_core.package_identification[0m [1;30mLevel 1[0m _identify(isaaclab_tasks/isaaclab_tasks/manager_based/locomotion/velocity/config/anymal_d/agents) by extensions ['cmake', 'python']
[0.253s] [34mcolcon.colcon_core.package_identification[0m [1;30mLevel 1[0m _identify(isaaclab_tasks/isaaclab_tasks/manager_based/locomotion/velocity/config/anymal_d/agents) by extension 'cmake'
[0.253s] [34mcolcon.colcon_core.package_identification[0m [1;30mLevel 1[0m _identify(isaaclab_tasks/isaaclab_tasks/manager_based/locomotion/velocity/config/anymal_d/agents) by extension 'python'
[0.253s] [34mcolcon.colcon_core.package_identification[0m [1;30mLevel 1[0m _identify(isaaclab_tasks/isaaclab_tasks/manager_based/locomotion/velocity/config/anymal_d/agents) by extensions ['python_setup_py']
[0.253s] [34mcolcon.colcon_core.package_identification[0m [1;30mLevel 1[0m _identify(isaaclab_tasks/isaaclab_tasks/manager_based/locomotion/velocity/config/anymal_d/agents) by extension 'python_setup_py'
[0.253s] [34mcolcon.colcon_core.package_identification[0m [1;30mLevel 1[0m _identify(isaaclab_tasks/isaaclab_tasks/manager_based/locomotion/velocity/config/anymal_d/agents/__pycache__) by extensions ['ignore', 'ignore_ament_install']
[0.253s] [34mcolcon.colcon_core.package_identification[0m [1;30mLevel 1[0m _identify(isaaclab_tasks/isaaclab_tasks/manager_based/locomotion/velocity/config/anymal_d/agents/__pycache__) by extension 'ignore'
[0.253s] [34mcolcon.colcon_core.package_identification[0m [1;30mLevel 1[0m _identify(isaaclab_tasks/isaaclab_tasks/manager_based/locomotion/velocity/config/anymal_d/agents/__pycache__) by extension 'ignore_ament_install'
[0.253s] [34mcolcon.colcon_core.package_identification[0m [1;30mLevel 1[0m _identify(isaaclab_tasks/isaaclab_tasks/manager_based/locomotion/velocity/config/anymal_d/agents/__pycache__) by extensions ['colcon_pkg']
[0.253s] [34mcolcon.colcon_core.package_identification[0m [1;30mLevel 1[0m _identify(isaaclab_tasks/isaaclab_tasks/manager_based/locomotion/velocity/config/anymal_d/agents/__pycache__) by extension 'colcon_pkg'
[0.253s] [34mcolcon.colcon_core.package_identification[0m [1;30mLevel 1[0m _identify(isaaclab_tasks/isaaclab_tasks/manager_based/locomotion/velocity/config/anymal_d/agents/__pycache__) by extensions ['colcon_meta']
[0.253s] [34mcolcon.colcon_core.package_identification[0m [1;30mLevel 1[0m _identify(isaaclab_tasks/isaaclab_tasks/manager_based/locomotion/velocity/config/anymal_d/agents/__pycache__) by extension 'colcon_meta'
[0.253s] [34mcolcon.colcon_core.package_identification[0m [1;30mLevel 1[0m _identify(isaaclab_tasks/isaaclab_tasks/manager_based/locomotion/velocity/config/anymal_d/agents/__pycache__) by extensions ['ros']
[0.253s] [34mcolcon.colcon_core.package_identification[0m [1;30mLevel 1[0m _identify(isaaclab_tasks/isaaclab_tasks/manager_based/locomotion/velocity/config/anymal_d/agents/__pycache__) by extension 'ros'
[0.253s] [34mcolcon.colcon_core.package_identification[0m [1;30mLevel 1[0m _identify(isaaclab_tasks/isaaclab_tasks/manager_based/locomotion/velocity/config/anymal_d/agents/__pycache__) by extensions ['cmake', 'python']
[0.253s] [34mcolcon.colcon_core.package_identification[0m [1;30mLevel 1[0m _identify(isaaclab_tasks/isaaclab_tasks/manager_based/locomotion/velocity/config/anymal_d/agents/__pycache__) by extension 'cmake'
[0.253s] [34mcolcon.colcon_core.package_identification[0m [1;30mLevel 1[0m _identify(isaaclab_tasks/isaaclab_tasks/manager_based/locomotion/velocity/config/anymal_d/agents/__pycache__) by extension 'python'
[0.253s] [34mcolcon.colcon_core.package_identification[0m [1;30mLevel 1[0m _identify(isaaclab_tasks/isaaclab_tasks/manager_based/locomotion/velocity/config/anymal_d/agents/__pycache__) by extensions ['python_setup_py']
[0.253s] [34mcolcon.colcon_core.package_identification[0m [1;30mLevel 1[0m _identify(isaaclab_tasks/isaaclab_tasks/manager_based/locomotion/velocity/config/anymal_d/agents/__pycache__) by extension 'python_setup_py'
[0.253s] [34mcolcon.colcon_core.package_identification[0m [1;30mLevel 1[0m _identify(isaaclab_tasks/isaaclab_tasks/manager_based/locomotion/velocity/config/cassie) by extensions ['ignore', 'ignore_ament_install']
[0.253s] [34mcolcon.colcon_core.package_identification[0m [1;30mLevel 1[0m _identify(isaaclab_tasks/isaaclab_tasks/manager_based/locomotion/velocity/config/cassie) by extension 'ignore'
[0.253s] [34mcolcon.colcon_core.package_identification[0m [1;30mLevel 1[0m _identify(isaaclab_tasks/isaaclab_tasks/manager_based/locomotion/velocity/config/cassie) by extension 'ignore_ament_install'
[0.253s] [34mcolcon.colcon_core.package_identification[0m [1;30mLevel 1[0m _identify(isaaclab_tasks/isaaclab_tasks/manager_based/locomotion/velocity/config/cassie) by extensions ['colcon_pkg']
[0.253s] [34mcolcon.colcon_core.package_identification[0m [1;30mLevel 1[0m _identify(isaaclab_tasks/isaaclab_tasks/manager_based/locomotion/velocity/config/cassie) by extension 'colcon_pkg'
[0.253s] [34mcolcon.colcon_core.package_identification[0m [1;30mLevel 1[0m _identify(isaaclab_tasks/isaaclab_tasks/manager_based/locomotion/velocity/config/cassie) by extensions ['colcon_meta']
[0.253s] [34mcolcon.colcon_core.package_identification[0m [1;30mLevel 1[0m _identify(isaaclab_tasks/isaaclab_tasks/manager_based/locomotion/velocity/config/cassie) by extension 'colcon_meta'
[0.253s] [34mcolcon.colcon_core.package_identification[0m [1;30mLevel 1[0m _identify(isaaclab_tasks/isaaclab_tasks/manager_based/locomotion/velocity/config/cassie) by extensions ['ros']
[0.253s] [34mcolcon.colcon_core.package_identification[0m [1;30mLevel 1[0m _identify(isaaclab_tasks/isaaclab_tasks/manager_based/locomotion/velocity/config/cassie) by extension 'ros'
[0.253s] [34mcolcon.colcon_core.package_identification[0m [1;30mLevel 1[0m _identify(isaaclab_tasks/isaaclab_tasks/manager_based/locomotion/velocity/config/cassie) by extensions ['cmake', 'python']
[0.253s] [34mcolcon.colcon_core.package_identification[0m [1;30mLevel 1[0m _identify(isaaclab_tasks/isaaclab_tasks/manager_based/locomotion/velocity/config/cassie) by extension 'cmake'
[0.253s] [34mcolcon.colcon_core.package_identification[0m [1;30mLevel 1[0m _identify(isaaclab_tasks/isaaclab_tasks/manager_based/locomotion/velocity/config/cassie) by extension 'python'
[0.253s] [34mcolcon.colcon_core.package_identification[0m [1;30mLevel 1[0m _identify(isaaclab_tasks/isaaclab_tasks/manager_based/locomotion/velocity/config/cassie) by extensions ['python_setup_py']
[0.253s] [34mcolcon.colcon_core.package_identification[0m [1;30mLevel 1[0m _identify(isaaclab_tasks/isaaclab_tasks/manager_based/locomotion/velocity/config/cassie) by extension 'python_setup_py'
[0.253s] [34mcolcon.colcon_core.package_identification[0m [1;30mLevel 1[0m _identify(isaaclab_tasks/isaaclab_tasks/manager_based/locomotion/velocity/config/cassie/__pycache__) by extensions ['ignore', 'ignore_ament_install']
[0.253s] [34mcolcon.colcon_core.package_identification[0m [1;30mLevel 1[0m _identify(isaaclab_tasks/isaaclab_tasks/manager_based/locomotion/velocity/config/cassie/__pycache__) by extension 'ignore'
[0.253s] [34mcolcon.colcon_core.package_identification[0m [1;30mLevel 1[0m _identify(isaaclab_tasks/isaaclab_tasks/manager_based/locomotion/velocity/config/cassie/__pycache__) by extension 'ignore_ament_install'
[0.253s] [34mcolcon.colcon_core.package_identification[0m [1;30mLevel 1[0m _identify(isaaclab_tasks/isaaclab_tasks/manager_based/locomotion/velocity/config/cassie/__pycache__) by extensions ['colcon_pkg']
[0.253s] [34mcolcon.colcon_core.package_identification[0m [1;30mLevel 1[0m _identify(isaaclab_tasks/isaaclab_tasks/manager_based/locomotion/velocity/config/cassie/__pycache__) by extension 'colcon_pkg'
[0.253s] [34mcolcon.colcon_core.package_identification[0m [1;30mLevel 1[0m _identify(isaaclab_tasks/isaaclab_tasks/manager_based/locomotion/velocity/config/cassie/__pycache__) by extensions ['colcon_meta']
[0.253s] [34mcolcon.colcon_core.package_identification[0m [1;30mLevel 1[0m _identify(isaaclab_tasks/isaaclab_tasks/manager_based/locomotion/velocity/config/cassie/__pycache__) by extension 'colcon_meta'
[0.253s] [34mcolcon.colcon_core.package_identification[0m [1;30mLevel 1[0m _identify(isaaclab_tasks/isaaclab_tasks/manager_based/locomotion/velocity/config/cassie/__pycache__) by extensions ['ros']
[0.253s] [34mcolcon.colcon_core.package_identification[0m [1;30mLevel 1[0m _identify(isaaclab_tasks/isaaclab_tasks/manager_based/locomotion/velocity/config/cassie/__pycache__) by extension 'ros'
[0.254s] [34mcolcon.colcon_core.package_identification[0m [1;30mLevel 1[0m _identify(isaaclab_tasks/isaaclab_tasks/manager_based/locomotion/velocity/config/cassie/__pycache__) by extensions ['cmake', 'python']
[0.254s] [34mcolcon.colcon_core.package_identification[0m [1;30mLevel 1[0m _identify(isaaclab_tasks/isaaclab_tasks/manager_based/locomotion/velocity/config/cassie/__pycache__) by extension 'cmake'
[0.254s] [34mcolcon.colcon_core.package_identification[0m [1;30mLevel 1[0m _identify(isaaclab_tasks/isaaclab_tasks/manager_based/locomotion/velocity/config/cassie/__pycache__) by extension 'python'
[0.254s] [34mcolcon.colcon_core.package_identification[0m [1;30mLevel 1[0m _identify(isaaclab_tasks/isaaclab_tasks/manager_based/locomotion/velocity/config/cassie/__pycache__) by extensions ['python_setup_py']
[0.254s] [34mcolcon.colcon_core.package_identification[0m [1;30mLevel 1[0m _identify(isaaclab_tasks/isaaclab_tasks/manager_based/locomotion/velocity/config/cassie/__pycache__) by extension 'python_setup_py'
[0.254s] [34mcolcon.colcon_core.package_identification[0m [1;30mLevel 1[0m _identify(isaaclab_tasks/isaaclab_tasks/manager_based/locomotion/velocity/config/cassie/agents) by extensions ['ignore', 'ignore_ament_install']
[0.254s] [34mcolcon.colcon_core.package_identification[0m [1;30mLevel 1[0m _identify(isaaclab_tasks/isaaclab_tasks/manager_based/locomotion/velocity/config/cassie/agents) by extension 'ignore'
[0.254s] [34mcolcon.colcon_core.package_identification[0m [1;30mLevel 1[0m _identify(isaaclab_tasks/isaaclab_tasks/manager_based/locomotion/velocity/config/cassie/agents) by extension 'ignore_ament_install'
[0.254s] [34mcolcon.colcon_core.package_identification[0m [1;30mLevel 1[0m _identify(isaaclab_tasks/isaaclab_tasks/manager_based/locomotion/velocity/config/cassie/agents) by extensions ['colcon_pkg']
[0.254s] [34mcolcon.colcon_core.package_identification[0m [1;30mLevel 1[0m _identify(isaaclab_tasks/isaaclab_tasks/manager_based/locomotion/velocity/config/cassie/agents) by extension 'colcon_pkg'
[0.254s] [34mcolcon.colcon_core.package_identification[0m [1;30mLevel 1[0m _identify(isaaclab_tasks/isaaclab_tasks/manager_based/locomotion/velocity/config/cassie/agents) by extensions ['colcon_meta']
[0.254s] [34mcolcon.colcon_core.package_identification[0m [1;30mLevel 1[0m _identify(isaaclab_tasks/isaaclab_tasks/manager_based/locomotion/velocity/config/cassie/agents) by extension 'colcon_meta'
[0.254s] [34mcolcon.colcon_core.package_identification[0m [1;30mLevel 1[0m _identify(isaaclab_tasks/isaaclab_tasks/manager_based/locomotion/velocity/config/cassie/agents) by extensions ['ros']
[0.254s] [34mcolcon.colcon_core.package_identification[0m [1;30mLevel 1[0m _identify(isaaclab_tasks/isaaclab_tasks/manager_based/locomotion/velocity/config/cassie/agents) by extension 'ros'
[0.254s] [34mcolcon.colcon_core.package_identification[0m [1;30mLevel 1[0m _identify(isaaclab_tasks/isaaclab_tasks/manager_based/locomotion/velocity/config/cassie/agents) by extensions ['cmake', 'python']
[0.254s] [34mcolcon.colcon_core.package_identification[0m [1;30mLevel 1[0m _identify(isaaclab_tasks/isaaclab_tasks/manager_based/locomotion/velocity/config/cassie/agents) by extension 'cmake'
[0.254s] [34mcolcon.colcon_core.package_identification[0m [1;30mLevel 1[0m _identify(isaaclab_tasks/isaaclab_tasks/manager_based/locomotion/velocity/config/cassie/agents) by extension 'python'
[0.254s] [34mcolcon.colcon_core.package_identification[0m [1;30mLevel 1[0m _identify(isaaclab_tasks/isaaclab_tasks/manager_based/locomotion/velocity/config/cassie/agents) by extensions ['python_setup_py']
[0.254s] [34mcolcon.colcon_core.package_identification[0m [1;30mLevel 1[0m _identify(isaaclab_tasks/isaaclab_tasks/manager_based/locomotion/velocity/config/cassie/agents) by extension 'python_setup_py'
[0.254s] [34mcolcon.colcon_core.package_identification[0m [1;30mLevel 1[0m _identify(isaaclab_tasks/isaaclab_tasks/manager_based/locomotion/velocity/config/cassie/agents/__pycache__) by extensions ['ignore', 'ignore_ament_install']
[0.254s] [34mcolcon.colcon_core.package_identification[0m [1;30mLevel 1[0m _identify(isaaclab_tasks/isaaclab_tasks/manager_based/locomotion/velocity/config/cassie/agents/__pycache__) by extension 'ignore'
[0.254s] [34mcolcon.colcon_core.package_identification[0m [1;30mLevel 1[0m _identify(isaaclab_tasks/isaaclab_tasks/manager_based/locomotion/velocity/config/cassie/agents/__pycache__) by extension 'ignore_ament_install'
[0.254s] [34mcolcon.colcon_core.package_identification[0m [1;30mLevel 1[0m _identify(isaaclab_tasks/isaaclab_tasks/manager_based/locomotion/velocity/config/cassie/agents/__pycache__) by extensions ['colcon_pkg']
[0.254s] [34mcolcon.colcon_core.package_identification[0m [1;30mLevel 1[0m _identify(isaaclab_tasks/isaaclab_tasks/manager_based/locomotion/velocity/config/cassie/agents/__pycache__) by extension 'colcon_pkg'
[0.254s] [34mcolcon.colcon_core.package_identification[0m [1;30mLevel 1[0m _identify(isaaclab_tasks/isaaclab_tasks/manager_based/locomotion/velocity/config/cassie/agents/__pycache__) by extensions ['colcon_meta']
[0.254s] [34mcolcon.colcon_core.package_identification[0m [1;30mLevel 1[0m _identify(isaaclab_tasks/isaaclab_tasks/manager_based/locomotion/velocity/config/cassie/agents/__pycache__) by extension 'colcon_meta'
[0.254s] [34mcolcon.colcon_core.package_identification[0m [1;30mLevel 1[0m _identify(isaaclab_tasks/isaaclab_tasks/manager_based/locomotion/velocity/config/cassie/agents/__pycache__) by extensions ['ros']
[0.254s] [34mcolcon.colcon_core.package_identification[0m [1;30mLevel 1[0m _identify(isaaclab_tasks/isaaclab_tasks/manager_based/locomotion/velocity/config/cassie/agents/__pycache__) by extension 'ros'
[0.254s] [34mcolcon.colcon_core.package_identification[0m [1;30mLevel 1[0m _identify(isaaclab_tasks/isaaclab_tasks/manager_based/locomotion/velocity/config/cassie/agents/__pycache__) by extensions ['cmake', 'python']
[0.254s] [34mcolcon.colcon_core.package_identification[0m [1;30mLevel 1[0m _identify(isaaclab_tasks/isaaclab_tasks/manager_based/locomotion/velocity/config/cassie/agents/__pycache__) by extension 'cmake'
[0.254s] [34mcolcon.colcon_core.package_identification[0m [1;30mLevel 1[0m _identify(isaaclab_tasks/isaaclab_tasks/manager_based/locomotion/velocity/config/cassie/agents/__pycache__) by extension 'python'
[0.254s] [34mcolcon.colcon_core.package_identification[0m [1;30mLevel 1[0m _identify(isaaclab_tasks/isaaclab_tasks/manager_based/locomotion/velocity/config/cassie/agents/__pycache__) by extensions ['python_setup_py']
[0.254s] [34mcolcon.colcon_core.package_identification[0m [1;30mLevel 1[0m _identify(isaaclab_tasks/isaaclab_tasks/manager_based/locomotion/velocity/config/cassie/agents/__pycache__) by extension 'python_setup_py'
[0.254s] [34mcolcon.colcon_core.package_identification[0m [1;30mLevel 1[0m _identify(isaaclab_tasks/isaaclab_tasks/manager_based/locomotion/velocity/config/digit) by extensions ['ignore', 'ignore_ament_install']
[0.254s] [34mcolcon.colcon_core.package_identification[0m [1;30mLevel 1[0m _identify(isaaclab_tasks/isaaclab_tasks/manager_based/locomotion/velocity/config/digit) by extension 'ignore'
[0.254s] [34mcolcon.colcon_core.package_identification[0m [1;30mLevel 1[0m _identify(isaaclab_tasks/isaaclab_tasks/manager_based/locomotion/velocity/config/digit) by extension 'ignore_ament_install'
[0.254s] [34mcolcon.colcon_core.package_identification[0m [1;30mLevel 1[0m _identify(isaaclab_tasks/isaaclab_tasks/manager_based/locomotion/velocity/config/digit) by extensions ['colcon_pkg']
[0.254s] [34mcolcon.colcon_core.package_identification[0m [1;30mLevel 1[0m _identify(isaaclab_tasks/isaaclab_tasks/manager_based/locomotion/velocity/config/digit) by extension 'colcon_pkg'
[0.254s] [34mcolcon.colcon_core.package_identification[0m [1;30mLevel 1[0m _identify(isaaclab_tasks/isaaclab_tasks/manager_based/locomotion/velocity/config/digit) by extensions ['colcon_meta']
[0.254s] [34mcolcon.colcon_core.package_identification[0m [1;30mLevel 1[0m _identify(isaaclab_tasks/isaaclab_tasks/manager_based/locomotion/velocity/config/digit) by extension 'colcon_meta'
[0.254s] [34mcolcon.colcon_core.package_identification[0m [1;30mLevel 1[0m _identify(isaaclab_tasks/isaaclab_tasks/manager_based/locomotion/velocity/config/digit) by extensions ['ros']
[0.254s] [34mcolcon.colcon_core.package_identification[0m [1;30mLevel 1[0m _identify(isaaclab_tasks/isaaclab_tasks/manager_based/locomotion/velocity/config/digit) by extension 'ros'
[0.254s] [34mcolcon.colcon_core.package_identification[0m [1;30mLevel 1[0m _identify(isaaclab_tasks/isaaclab_tasks/manager_based/locomotion/velocity/config/digit) by extensions ['cmake', 'python']
[0.254s] [34mcolcon.colcon_core.package_identification[0m [1;30mLevel 1[0m _identify(isaaclab_tasks/isaaclab_tasks/manager_based/locomotion/velocity/config/digit) by extension 'cmake'
[0.254s] [34mcolcon.colcon_core.package_identification[0m [1;30mLevel 1[0m _identify(isaaclab_tasks/isaaclab_tasks/manager_based/locomotion/velocity/config/digit) by extension 'python'
[0.254s] [34mcolcon.colcon_core.package_identification[0m [1;30mLevel 1[0m _identify(isaaclab_tasks/isaaclab_tasks/manager_based/locomotion/velocity/config/digit) by extensions ['python_setup_py']
[0.254s] [34mcolcon.colcon_core.package_identification[0m [1;30mLevel 1[0m _identify(isaaclab_tasks/isaaclab_tasks/manager_based/locomotion/velocity/config/digit) by extension 'python_setup_py'
[0.255s] [34mcolcon.colcon_core.package_identification[0m [1;30mLevel 1[0m _identify(isaaclab_tasks/isaaclab_tasks/manager_based/locomotion/velocity/config/digit/__pycache__) by extensions ['ignore', 'ignore_ament_install']
[0.255s] [34mcolcon.colcon_core.package_identification[0m [1;30mLevel 1[0m _identify(isaaclab_tasks/isaaclab_tasks/manager_based/locomotion/velocity/config/digit/__pycache__) by extension 'ignore'
[0.255s] [34mcolcon.colcon_core.package_identification[0m [1;30mLevel 1[0m _identify(isaaclab_tasks/isaaclab_tasks/manager_based/locomotion/velocity/config/digit/__pycache__) by extension 'ignore_ament_install'
[0.255s] [34mcolcon.colcon_core.package_identification[0m [1;30mLevel 1[0m _identify(isaaclab_tasks/isaaclab_tasks/manager_based/locomotion/velocity/config/digit/__pycache__) by extensions ['colcon_pkg']
[0.255s] [34mcolcon.colcon_core.package_identification[0m [1;30mLevel 1[0m _identify(isaaclab_tasks/isaaclab_tasks/manager_based/locomotion/velocity/config/digit/__pycache__) by extension 'colcon_pkg'
[0.255s] [34mcolcon.colcon_core.package_identification[0m [1;30mLevel 1[0m _identify(isaaclab_tasks/isaaclab_tasks/manager_based/locomotion/velocity/config/digit/__pycache__) by extensions ['colcon_meta']
[0.255s] [34mcolcon.colcon_core.package_identification[0m [1;30mLevel 1[0m _identify(isaaclab_tasks/isaaclab_tasks/manager_based/locomotion/velocity/config/digit/__pycache__) by extension 'colcon_meta'
[0.255s] [34mcolcon.colcon_core.package_identification[0m [1;30mLevel 1[0m _identify(isaaclab_tasks/isaaclab_tasks/manager_based/locomotion/velocity/config/digit/__pycache__) by extensions ['ros']
[0.255s] [34mcolcon.colcon_core.package_identification[0m [1;30mLevel 1[0m _identify(isaaclab_tasks/isaaclab_tasks/manager_based/locomotion/velocity/config/digit/__pycache__) by extension 'ros'
[0.255s] [34mcolcon.colcon_core.package_identification[0m [1;30mLevel 1[0m _identify(isaaclab_tasks/isaaclab_tasks/manager_based/locomotion/velocity/config/digit/__pycache__) by extensions ['cmake', 'python']
[0.255s] [34mcolcon.colcon_core.package_identification[0m [1;30mLevel 1[0m _identify(isaaclab_tasks/isaaclab_tasks/manager_based/locomotion/velocity/config/digit/__pycache__) by extension 'cmake'
[0.255s] [34mcolcon.colcon_core.package_identification[0m [1;30mLevel 1[0m _identify(isaaclab_tasks/isaaclab_tasks/manager_based/locomotion/velocity/config/digit/__pycache__) by extension 'python'
[0.255s] [34mcolcon.colcon_core.package_identification[0m [1;30mLevel 1[0m _identify(isaaclab_tasks/isaaclab_tasks/manager_based/locomotion/velocity/config/digit/__pycache__) by extensions ['python_setup_py']
[0.255s] [34mcolcon.colcon_core.package_identification[0m [1;30mLevel 1[0m _identify(isaaclab_tasks/isaaclab_tasks/manager_based/locomotion/velocity/config/digit/__pycache__) by extension 'python_setup_py'
[0.255s] [34mcolcon.colcon_core.package_identification[0m [1;30mLevel 1[0m _identify(isaaclab_tasks/isaaclab_tasks/manager_based/locomotion/velocity/config/digit/agents) by extensions ['ignore', 'ignore_ament_install']
[0.255s] [34mcolcon.colcon_core.package_identification[0m [1;30mLevel 1[0m _identify(isaaclab_tasks/isaaclab_tasks/manager_based/locomotion/velocity/config/digit/agents) by extension 'ignore'
[0.255s] [34mcolcon.colcon_core.package_identification[0m [1;30mLevel 1[0m _identify(isaaclab_tasks/isaaclab_tasks/manager_based/locomotion/velocity/config/digit/agents) by extension 'ignore_ament_install'
[0.255s] [34mcolcon.colcon_core.package_identification[0m [1;30mLevel 1[0m _identify(isaaclab_tasks/isaaclab_tasks/manager_based/locomotion/velocity/config/digit/agents) by extensions ['colcon_pkg']
[0.255s] [34mcolcon.colcon_core.package_identification[0m [1;30mLevel 1[0m _identify(isaaclab_tasks/isaaclab_tasks/manager_based/locomotion/velocity/config/digit/agents) by extension 'colcon_pkg'
[0.255s] [34mcolcon.colcon_core.package_identification[0m [1;30mLevel 1[0m _identify(isaaclab_tasks/isaaclab_tasks/manager_based/locomotion/velocity/config/digit/agents) by extensions ['colcon_meta']
[0.255s] [34mcolcon.colcon_core.package_identification[0m [1;30mLevel 1[0m _identify(isaaclab_tasks/isaaclab_tasks/manager_based/locomotion/velocity/config/digit/agents) by extension 'colcon_meta'
[0.255s] [34mcolcon.colcon_core.package_identification[0m [1;30mLevel 1[0m _identify(isaaclab_tasks/isaaclab_tasks/manager_based/locomotion/velocity/config/digit/agents) by extensions ['ros']
[0.255s] [34mcolcon.colcon_core.package_identification[0m [1;30mLevel 1[0m _identify(isaaclab_tasks/isaaclab_tasks/manager_based/locomotion/velocity/config/digit/agents) by extension 'ros'
[0.255s] [34mcolcon.colcon_core.package_identification[0m [1;30mLevel 1[0m _identify(isaaclab_tasks/isaaclab_tasks/manager_based/locomotion/velocity/config/digit/agents) by extensions ['cmake', 'python']
[0.255s] [34mcolcon.colcon_core.package_identification[0m [1;30mLevel 1[0m _identify(isaaclab_tasks/isaaclab_tasks/manager_based/locomotion/velocity/config/digit/agents) by extension 'cmake'
[0.255s] [34mcolcon.colcon_core.package_identification[0m [1;30mLevel 1[0m _identify(isaaclab_tasks/isaaclab_tasks/manager_based/locomotion/velocity/config/digit/agents) by extension 'python'
[0.255s] [34mcolcon.colcon_core.package_identification[0m [1;30mLevel 1[0m _identify(isaaclab_tasks/isaaclab_tasks/manager_based/locomotion/velocity/config/digit/agents) by extensions ['python_setup_py']
[0.255s] [34mcolcon.colcon_core.package_identification[0m [1;30mLevel 1[0m _identify(isaaclab_tasks/isaaclab_tasks/manager_based/locomotion/velocity/config/digit/agents) by extension 'python_setup_py'
[0.255s] [34mcolcon.colcon_core.package_identification[0m [1;30mLevel 1[0m _identify(isaaclab_tasks/isaaclab_tasks/manager_based/locomotion/velocity/config/digit/agents/__pycache__) by extensions ['ignore', 'ignore_ament_install']
[0.255s] [34mcolcon.colcon_core.package_identification[0m [1;30mLevel 1[0m _identify(isaaclab_tasks/isaaclab_tasks/manager_based/locomotion/velocity/config/digit/agents/__pycache__) by extension 'ignore'
[0.255s] [34mcolcon.colcon_core.package_identification[0m [1;30mLevel 1[0m _identify(isaaclab_tasks/isaaclab_tasks/manager_based/locomotion/velocity/config/digit/agents/__pycache__) by extension 'ignore_ament_install'
[0.255s] [34mcolcon.colcon_core.package_identification[0m [1;30mLevel 1[0m _identify(isaaclab_tasks/isaaclab_tasks/manager_based/locomotion/velocity/config/digit/agents/__pycache__) by extensions ['colcon_pkg']
[0.255s] [34mcolcon.colcon_core.package_identification[0m [1;30mLevel 1[0m _identify(isaaclab_tasks/isaaclab_tasks/manager_based/locomotion/velocity/config/digit/agents/__pycache__) by extension 'colcon_pkg'
[0.255s] [34mcolcon.colcon_core.package_identification[0m [1;30mLevel 1[0m _identify(isaaclab_tasks/isaaclab_tasks/manager_based/locomotion/velocity/config/digit/agents/__pycache__) by extensions ['colcon_meta']
[0.255s] [34mcolcon.colcon_core.package_identification[0m [1;30mLevel 1[0m _identify(isaaclab_tasks/isaaclab_tasks/manager_based/locomotion/velocity/config/digit/agents/__pycache__) by extension 'colcon_meta'
[0.255s] [34mcolcon.colcon_core.package_identification[0m [1;30mLevel 1[0m _identify(isaaclab_tasks/isaaclab_tasks/manager_based/locomotion/velocity/config/digit/agents/__pycache__) by extensions ['ros']
[0.255s] [34mcolcon.colcon_core.package_identification[0m [1;30mLevel 1[0m _identify(isaaclab_tasks/isaaclab_tasks/manager_based/locomotion/velocity/config/digit/agents/__pycache__) by extension 'ros'
[0.255s] [34mcolcon.colcon_core.package_identification[0m [1;30mLevel 1[0m _identify(isaaclab_tasks/isaaclab_tasks/manager_based/locomotion/velocity/config/digit/agents/__pycache__) by extensions ['cmake', 'python']
[0.255s] [34mcolcon.colcon_core.package_identification[0m [1;30mLevel 1[0m _identify(isaaclab_tasks/isaaclab_tasks/manager_based/locomotion/velocity/config/digit/agents/__pycache__) by extension 'cmake'
[0.255s] [34mcolcon.colcon_core.package_identification[0m [1;30mLevel 1[0m _identify(isaaclab_tasks/isaaclab_tasks/manager_based/locomotion/velocity/config/digit/agents/__pycache__) by extension 'python'
[0.255s] [34mcolcon.colcon_core.package_identification[0m [1;30mLevel 1[0m _identify(isaaclab_tasks/isaaclab_tasks/manager_based/locomotion/velocity/config/digit/agents/__pycache__) by extensions ['python_setup_py']
[0.255s] [34mcolcon.colcon_core.package_identification[0m [1;30mLevel 1[0m _identify(isaaclab_tasks/isaaclab_tasks/manager_based/locomotion/velocity/config/digit/agents/__pycache__) by extension 'python_setup_py'
[0.255s] [34mcolcon.colcon_core.package_identification[0m [1;30mLevel 1[0m _identify(isaaclab_tasks/isaaclab_tasks/manager_based/locomotion/velocity/config/g1) by extensions ['ignore', 'ignore_ament_install']
[0.255s] [34mcolcon.colcon_core.package_identification[0m [1;30mLevel 1[0m _identify(isaaclab_tasks/isaaclab_tasks/manager_based/locomotion/velocity/config/g1) by extension 'ignore'
[0.255s] [34mcolcon.colcon_core.package_identification[0m [1;30mLevel 1[0m _identify(isaaclab_tasks/isaaclab_tasks/manager_based/locomotion/velocity/config/g1) by extension 'ignore_ament_install'
[0.255s] [34mcolcon.colcon_core.package_identification[0m [1;30mLevel 1[0m _identify(isaaclab_tasks/isaaclab_tasks/manager_based/locomotion/velocity/config/g1) by extensions ['colcon_pkg']
[0.255s] [34mcolcon.colcon_core.package_identification[0m [1;30mLevel 1[0m _identify(isaaclab_tasks/isaaclab_tasks/manager_based/locomotion/velocity/config/g1) by extension 'colcon_pkg'
[0.256s] [34mcolcon.colcon_core.package_identification[0m [1;30mLevel 1[0m _identify(isaaclab_tasks/isaaclab_tasks/manager_based/locomotion/velocity/config/g1) by extensions ['colcon_meta']
[0.256s] [34mcolcon.colcon_core.package_identification[0m [1;30mLevel 1[0m _identify(isaaclab_tasks/isaaclab_tasks/manager_based/locomotion/velocity/config/g1) by extension 'colcon_meta'
[0.256s] [34mcolcon.colcon_core.package_identification[0m [1;30mLevel 1[0m _identify(isaaclab_tasks/isaaclab_tasks/manager_based/locomotion/velocity/config/g1) by extensions ['ros']
[0.256s] [34mcolcon.colcon_core.package_identification[0m [1;30mLevel 1[0m _identify(isaaclab_tasks/isaaclab_tasks/manager_based/locomotion/velocity/config/g1) by extension 'ros'
[0.256s] [34mcolcon.colcon_core.package_identification[0m [1;30mLevel 1[0m _identify(isaaclab_tasks/isaaclab_tasks/manager_based/locomotion/velocity/config/g1) by extensions ['cmake', 'python']
[0.256s] [34mcolcon.colcon_core.package_identification[0m [1;30mLevel 1[0m _identify(isaaclab_tasks/isaaclab_tasks/manager_based/locomotion/velocity/config/g1) by extension 'cmake'
[0.256s] [34mcolcon.colcon_core.package_identification[0m [1;30mLevel 1[0m _identify(isaaclab_tasks/isaaclab_tasks/manager_based/locomotion/velocity/config/g1) by extension 'python'
[0.256s] [34mcolcon.colcon_core.package_identification[0m [1;30mLevel 1[0m _identify(isaaclab_tasks/isaaclab_tasks/manager_based/locomotion/velocity/config/g1) by extensions ['python_setup_py']
[0.256s] [34mcolcon.colcon_core.package_identification[0m [1;30mLevel 1[0m _identify(isaaclab_tasks/isaaclab_tasks/manager_based/locomotion/velocity/config/g1) by extension 'python_setup_py'
[0.256s] [34mcolcon.colcon_core.package_identification[0m [1;30mLevel 1[0m _identify(isaaclab_tasks/isaaclab_tasks/manager_based/locomotion/velocity/config/g1/__pycache__) by extensions ['ignore', 'ignore_ament_install']
[0.256s] [34mcolcon.colcon_core.package_identification[0m [1;30mLevel 1[0m _identify(isaaclab_tasks/isaaclab_tasks/manager_based/locomotion/velocity/config/g1/__pycache__) by extension 'ignore'
[0.256s] [34mcolcon.colcon_core.package_identification[0m [1;30mLevel 1[0m _identify(isaaclab_tasks/isaaclab_tasks/manager_based/locomotion/velocity/config/g1/__pycache__) by extension 'ignore_ament_install'
[0.256s] [34mcolcon.colcon_core.package_identification[0m [1;30mLevel 1[0m _identify(isaaclab_tasks/isaaclab_tasks/manager_based/locomotion/velocity/config/g1/__pycache__) by extensions ['colcon_pkg']
[0.256s] [34mcolcon.colcon_core.package_identification[0m [1;30mLevel 1[0m _identify(isaaclab_tasks/isaaclab_tasks/manager_based/locomotion/velocity/config/g1/__pycache__) by extension 'colcon_pkg'
[0.256s] [34mcolcon.colcon_core.package_identification[0m [1;30mLevel 1[0m _identify(isaaclab_tasks/isaaclab_tasks/manager_based/locomotion/velocity/config/g1/__pycache__) by extensions ['colcon_meta']
[0.256s] [34mcolcon.colcon_core.package_identification[0m [1;30mLevel 1[0m _identify(isaaclab_tasks/isaaclab_tasks/manager_based/locomotion/velocity/config/g1/__pycache__) by extension 'colcon_meta'
[0.256s] [34mcolcon.colcon_core.package_identification[0m [1;30mLevel 1[0m _identify(isaaclab_tasks/isaaclab_tasks/manager_based/locomotion/velocity/config/g1/__pycache__) by extensions ['ros']
[0.256s] [34mcolcon.colcon_core.package_identification[0m [1;30mLevel 1[0m _identify(isaaclab_tasks/isaaclab_tasks/manager_based/locomotion/velocity/config/g1/__pycache__) by extension 'ros'
[0.256s] [34mcolcon.colcon_core.package_identification[0m [1;30mLevel 1[0m _identify(isaaclab_tasks/isaaclab_tasks/manager_based/locomotion/velocity/config/g1/__pycache__) by extensions ['cmake', 'python']
[0.256s] [34mcolcon.colcon_core.package_identification[0m [1;30mLevel 1[0m _identify(isaaclab_tasks/isaaclab_tasks/manager_based/locomotion/velocity/config/g1/__pycache__) by extension 'cmake'
[0.256s] [34mcolcon.colcon_core.package_identification[0m [1;30mLevel 1[0m _identify(isaaclab_tasks/isaaclab_tasks/manager_based/locomotion/velocity/config/g1/__pycache__) by extension 'python'
[0.256s] [34mcolcon.colcon_core.package_identification[0m [1;30mLevel 1[0m _identify(isaaclab_tasks/isaaclab_tasks/manager_based/locomotion/velocity/config/g1/__pycache__) by extensions ['python_setup_py']
[0.256s] [34mcolcon.colcon_core.package_identification[0m [1;30mLevel 1[0m _identify(isaaclab_tasks/isaaclab_tasks/manager_based/locomotion/velocity/config/g1/__pycache__) by extension 'python_setup_py'
[0.256s] [34mcolcon.colcon_core.package_identification[0m [1;30mLevel 1[0m _identify(isaaclab_tasks/isaaclab_tasks/manager_based/locomotion/velocity/config/g1/agents) by extensions ['ignore', 'ignore_ament_install']
[0.256s] [34mcolcon.colcon_core.package_identification[0m [1;30mLevel 1[0m _identify(isaaclab_tasks/isaaclab_tasks/manager_based/locomotion/velocity/config/g1/agents) by extension 'ignore'
[0.256s] [34mcolcon.colcon_core.package_identification[0m [1;30mLevel 1[0m _identify(isaaclab_tasks/isaaclab_tasks/manager_based/locomotion/velocity/config/g1/agents) by extension 'ignore_ament_install'
[0.256s] [34mcolcon.colcon_core.package_identification[0m [1;30mLevel 1[0m _identify(isaaclab_tasks/isaaclab_tasks/manager_based/locomotion/velocity/config/g1/agents) by extensions ['colcon_pkg']
[0.256s] [34mcolcon.colcon_core.package_identification[0m [1;30mLevel 1[0m _identify(isaaclab_tasks/isaaclab_tasks/manager_based/locomotion/velocity/config/g1/agents) by extension 'colcon_pkg'
[0.256s] [34mcolcon.colcon_core.package_identification[0m [1;30mLevel 1[0m _identify(isaaclab_tasks/isaaclab_tasks/manager_based/locomotion/velocity/config/g1/agents) by extensions ['colcon_meta']
[0.256s] [34mcolcon.colcon_core.package_identification[0m [1;30mLevel 1[0m _identify(isaaclab_tasks/isaaclab_tasks/manager_based/locomotion/velocity/config/g1/agents) by extension 'colcon_meta'
[0.256s] [34mcolcon.colcon_core.package_identification[0m [1;30mLevel 1[0m _identify(isaaclab_tasks/isaaclab_tasks/manager_based/locomotion/velocity/config/g1/agents) by extensions ['ros']
[0.256s] [34mcolcon.colcon_core.package_identification[0m [1;30mLevel 1[0m _identify(isaaclab_tasks/isaaclab_tasks/manager_based/locomotion/velocity/config/g1/agents) by extension 'ros'
[0.256s] [34mcolcon.colcon_core.package_identification[0m [1;30mLevel 1[0m _identify(isaaclab_tasks/isaaclab_tasks/manager_based/locomotion/velocity/config/g1/agents) by extensions ['cmake', 'python']
[0.256s] [34mcolcon.colcon_core.package_identification[0m [1;30mLevel 1[0m _identify(isaaclab_tasks/isaaclab_tasks/manager_based/locomotion/velocity/config/g1/agents) by extension 'cmake'
[0.256s] [34mcolcon.colcon_core.package_identification[0m [1;30mLevel 1[0m _identify(isaaclab_tasks/isaaclab_tasks/manager_based/locomotion/velocity/config/g1/agents) by extension 'python'
[0.256s] [34mcolcon.colcon_core.package_identification[0m [1;30mLevel 1[0m _identify(isaaclab_tasks/isaaclab_tasks/manager_based/locomotion/velocity/config/g1/agents) by extensions ['python_setup_py']
[0.256s] [34mcolcon.colcon_core.package_identification[0m [1;30mLevel 1[0m _identify(isaaclab_tasks/isaaclab_tasks/manager_based/locomotion/velocity/config/g1/agents) by extension 'python_setup_py'
[0.256s] [34mcolcon.colcon_core.package_identification[0m [1;30mLevel 1[0m _identify(isaaclab_tasks/isaaclab_tasks/manager_based/locomotion/velocity/config/g1/agents/__pycache__) by extensions ['ignore', 'ignore_ament_install']
[0.256s] [34mcolcon.colcon_core.package_identification[0m [1;30mLevel 1[0m _identify(isaaclab_tasks/isaaclab_tasks/manager_based/locomotion/velocity/config/g1/agents/__pycache__) by extension 'ignore'
[0.256s] [34mcolcon.colcon_core.package_identification[0m [1;30mLevel 1[0m _identify(isaaclab_tasks/isaaclab_tasks/manager_based/locomotion/velocity/config/g1/agents/__pycache__) by extension 'ignore_ament_install'
[0.256s] [34mcolcon.colcon_core.package_identification[0m [1;30mLevel 1[0m _identify(isaaclab_tasks/isaaclab_tasks/manager_based/locomotion/velocity/config/g1/agents/__pycache__) by extensions ['colcon_pkg']
[0.256s] [34mcolcon.colcon_core.package_identification[0m [1;30mLevel 1[0m _identify(isaaclab_tasks/isaaclab_tasks/manager_based/locomotion/velocity/config/g1/agents/__pycache__) by extension 'colcon_pkg'
[0.256s] [34mcolcon.colcon_core.package_identification[0m [1;30mLevel 1[0m _identify(isaaclab_tasks/isaaclab_tasks/manager_based/locomotion/velocity/config/g1/agents/__pycache__) by extensions ['colcon_meta']
[0.256s] [34mcolcon.colcon_core.package_identification[0m [1;30mLevel 1[0m _identify(isaaclab_tasks/isaaclab_tasks/manager_based/locomotion/velocity/config/g1/agents/__pycache__) by extension 'colcon_meta'
[0.256s] [34mcolcon.colcon_core.package_identification[0m [1;30mLevel 1[0m _identify(isaaclab_tasks/isaaclab_tasks/manager_based/locomotion/velocity/config/g1/agents/__pycache__) by extensions ['ros']
[0.256s] [34mcolcon.colcon_core.package_identification[0m [1;30mLevel 1[0m _identify(isaaclab_tasks/isaaclab_tasks/manager_based/locomotion/velocity/config/g1/agents/__pycache__) by extension 'ros'
[0.256s] [34mcolcon.colcon_core.package_identification[0m [1;30mLevel 1[0m _identify(isaaclab_tasks/isaaclab_tasks/manager_based/locomotion/velocity/config/g1/agents/__pycache__) by extensions ['cmake', 'python']
[0.256s] [34mcolcon.colcon_core.package_identification[0m [1;30mLevel 1[0m _identify(isaaclab_tasks/isaaclab_tasks/manager_based/locomotion/velocity/config/g1/agents/__pycache__) by extension 'cmake'
[0.257s] [34mcolcon.colcon_core.package_identification[0m [1;30mLevel 1[0m _identify(isaaclab_tasks/isaaclab_tasks/manager_based/locomotion/velocity/config/g1/agents/__pycache__) by extension 'python'
[0.257s] [34mcolcon.colcon_core.package_identification[0m [1;30mLevel 1[0m _identify(isaaclab_tasks/isaaclab_tasks/manager_based/locomotion/velocity/config/g1/agents/__pycache__) by extensions ['python_setup_py']
[0.257s] [34mcolcon.colcon_core.package_identification[0m [1;30mLevel 1[0m _identify(isaaclab_tasks/isaaclab_tasks/manager_based/locomotion/velocity/config/g1/agents/__pycache__) by extension 'python_setup_py'
[0.257s] [34mcolcon.colcon_core.package_identification[0m [1;30mLevel 1[0m _identify(isaaclab_tasks/isaaclab_tasks/manager_based/locomotion/velocity/config/go1) by extensions ['ignore', 'ignore_ament_install']
[0.257s] [34mcolcon.colcon_core.package_identification[0m [1;30mLevel 1[0m _identify(isaaclab_tasks/isaaclab_tasks/manager_based/locomotion/velocity/config/go1) by extension 'ignore'
[0.257s] [34mcolcon.colcon_core.package_identification[0m [1;30mLevel 1[0m _identify(isaaclab_tasks/isaaclab_tasks/manager_based/locomotion/velocity/config/go1) by extension 'ignore_ament_install'
[0.257s] [34mcolcon.colcon_core.package_identification[0m [1;30mLevel 1[0m _identify(isaaclab_tasks/isaaclab_tasks/manager_based/locomotion/velocity/config/go1) by extensions ['colcon_pkg']
[0.257s] [34mcolcon.colcon_core.package_identification[0m [1;30mLevel 1[0m _identify(isaaclab_tasks/isaaclab_tasks/manager_based/locomotion/velocity/config/go1) by extension 'colcon_pkg'
[0.257s] [34mcolcon.colcon_core.package_identification[0m [1;30mLevel 1[0m _identify(isaaclab_tasks/isaaclab_tasks/manager_based/locomotion/velocity/config/go1) by extensions ['colcon_meta']
[0.257s] [34mcolcon.colcon_core.package_identification[0m [1;30mLevel 1[0m _identify(isaaclab_tasks/isaaclab_tasks/manager_based/locomotion/velocity/config/go1) by extension 'colcon_meta'
[0.257s] [34mcolcon.colcon_core.package_identification[0m [1;30mLevel 1[0m _identify(isaaclab_tasks/isaaclab_tasks/manager_based/locomotion/velocity/config/go1) by extensions ['ros']
[0.257s] [34mcolcon.colcon_core.package_identification[0m [1;30mLevel 1[0m _identify(isaaclab_tasks/isaaclab_tasks/manager_based/locomotion/velocity/config/go1) by extension 'ros'
[0.257s] [34mcolcon.colcon_core.package_identification[0m [1;30mLevel 1[0m _identify(isaaclab_tasks/isaaclab_tasks/manager_based/locomotion/velocity/config/go1) by extensions ['cmake', 'python']
[0.257s] [34mcolcon.colcon_core.package_identification[0m [1;30mLevel 1[0m _identify(isaaclab_tasks/isaaclab_tasks/manager_based/locomotion/velocity/config/go1) by extension 'cmake'
[0.257s] [34mcolcon.colcon_core.package_identification[0m [1;30mLevel 1[0m _identify(isaaclab_tasks/isaaclab_tasks/manager_based/locomotion/velocity/config/go1) by extension 'python'
[0.257s] [34mcolcon.colcon_core.package_identification[0m [1;30mLevel 1[0m _identify(isaaclab_tasks/isaaclab_tasks/manager_based/locomotion/velocity/config/go1) by extensions ['python_setup_py']
[0.257s] [34mcolcon.colcon_core.package_identification[0m [1;30mLevel 1[0m _identify(isaaclab_tasks/isaaclab_tasks/manager_based/locomotion/velocity/config/go1) by extension 'python_setup_py'
[0.257s] [34mcolcon.colcon_core.package_identification[0m [1;30mLevel 1[0m _identify(isaaclab_tasks/isaaclab_tasks/manager_based/locomotion/velocity/config/go1/__pycache__) by extensions ['ignore', 'ignore_ament_install']
[0.257s] [34mcolcon.colcon_core.package_identification[0m [1;30mLevel 1[0m _identify(isaaclab_tasks/isaaclab_tasks/manager_based/locomotion/velocity/config/go1/__pycache__) by extension 'ignore'
[0.257s] [34mcolcon.colcon_core.package_identification[0m [1;30mLevel 1[0m _identify(isaaclab_tasks/isaaclab_tasks/manager_based/locomotion/velocity/config/go1/__pycache__) by extension 'ignore_ament_install'
[0.257s] [34mcolcon.colcon_core.package_identification[0m [1;30mLevel 1[0m _identify(isaaclab_tasks/isaaclab_tasks/manager_based/locomotion/velocity/config/go1/__pycache__) by extensions ['colcon_pkg']
[0.257s] [34mcolcon.colcon_core.package_identification[0m [1;30mLevel 1[0m _identify(isaaclab_tasks/isaaclab_tasks/manager_based/locomotion/velocity/config/go1/__pycache__) by extension 'colcon_pkg'
[0.257s] [34mcolcon.colcon_core.package_identification[0m [1;30mLevel 1[0m _identify(isaaclab_tasks/isaaclab_tasks/manager_based/locomotion/velocity/config/go1/__pycache__) by extensions ['colcon_meta']
[0.257s] [34mcolcon.colcon_core.package_identification[0m [1;30mLevel 1[0m _identify(isaaclab_tasks/isaaclab_tasks/manager_based/locomotion/velocity/config/go1/__pycache__) by extension 'colcon_meta'
[0.257s] [34mcolcon.colcon_core.package_identification[0m [1;30mLevel 1[0m _identify(isaaclab_tasks/isaaclab_tasks/manager_based/locomotion/velocity/config/go1/__pycache__) by extensions ['ros']
[0.257s] [34mcolcon.colcon_core.package_identification[0m [1;30mLevel 1[0m _identify(isaaclab_tasks/isaaclab_tasks/manager_based/locomotion/velocity/config/go1/__pycache__) by extension 'ros'
[0.257s] [34mcolcon.colcon_core.package_identification[0m [1;30mLevel 1[0m _identify(isaaclab_tasks/isaaclab_tasks/manager_based/locomotion/velocity/config/go1/__pycache__) by extensions ['cmake', 'python']
[0.257s] [34mcolcon.colcon_core.package_identification[0m [1;30mLevel 1[0m _identify(isaaclab_tasks/isaaclab_tasks/manager_based/locomotion/velocity/config/go1/__pycache__) by extension 'cmake'
[0.257s] [34mcolcon.colcon_core.package_identification[0m [1;30mLevel 1[0m _identify(isaaclab_tasks/isaaclab_tasks/manager_based/locomotion/velocity/config/go1/__pycache__) by extension 'python'
[0.257s] [34mcolcon.colcon_core.package_identification[0m [1;30mLevel 1[0m _identify(isaaclab_tasks/isaaclab_tasks/manager_based/locomotion/velocity/config/go1/__pycache__) by extensions ['python_setup_py']
[0.257s] [34mcolcon.colcon_core.package_identification[0m [1;30mLevel 1[0m _identify(isaaclab_tasks/isaaclab_tasks/manager_based/locomotion/velocity/config/go1/__pycache__) by extension 'python_setup_py'
[0.257s] [34mcolcon.colcon_core.package_identification[0m [1;30mLevel 1[0m _identify(isaaclab_tasks/isaaclab_tasks/manager_based/locomotion/velocity/config/go1/agents) by extensions ['ignore', 'ignore_ament_install']
[0.257s] [34mcolcon.colcon_core.package_identification[0m [1;30mLevel 1[0m _identify(isaaclab_tasks/isaaclab_tasks/manager_based/locomotion/velocity/config/go1/agents) by extension 'ignore'
[0.257s] [34mcolcon.colcon_core.package_identification[0m [1;30mLevel 1[0m _identify(isaaclab_tasks/isaaclab_tasks/manager_based/locomotion/velocity/config/go1/agents) by extension 'ignore_ament_install'
[0.257s] [34mcolcon.colcon_core.package_identification[0m [1;30mLevel 1[0m _identify(isaaclab_tasks/isaaclab_tasks/manager_based/locomotion/velocity/config/go1/agents) by extensions ['colcon_pkg']
[0.257s] [34mcolcon.colcon_core.package_identification[0m [1;30mLevel 1[0m _identify(isaaclab_tasks/isaaclab_tasks/manager_based/locomotion/velocity/config/go1/agents) by extension 'colcon_pkg'
[0.257s] [34mcolcon.colcon_core.package_identification[0m [1;30mLevel 1[0m _identify(isaaclab_tasks/isaaclab_tasks/manager_based/locomotion/velocity/config/go1/agents) by extensions ['colcon_meta']
[0.257s] [34mcolcon.colcon_core.package_identification[0m [1;30mLevel 1[0m _identify(isaaclab_tasks/isaaclab_tasks/manager_based/locomotion/velocity/config/go1/agents) by extension 'colcon_meta'
[0.257s] [34mcolcon.colcon_core.package_identification[0m [1;30mLevel 1[0m _identify(isaaclab_tasks/isaaclab_tasks/manager_based/locomotion/velocity/config/go1/agents) by extensions ['ros']
[0.257s] [34mcolcon.colcon_core.package_identification[0m [1;30mLevel 1[0m _identify(isaaclab_tasks/isaaclab_tasks/manager_based/locomotion/velocity/config/go1/agents) by extension 'ros'
[0.257s] [34mcolcon.colcon_core.package_identification[0m [1;30mLevel 1[0m _identify(isaaclab_tasks/isaaclab_tasks/manager_based/locomotion/velocity/config/go1/agents) by extensions ['cmake', 'python']
[0.257s] [34mcolcon.colcon_core.package_identification[0m [1;30mLevel 1[0m _identify(isaaclab_tasks/isaaclab_tasks/manager_based/locomotion/velocity/config/go1/agents) by extension 'cmake'
[0.257s] [34mcolcon.colcon_core.package_identification[0m [1;30mLevel 1[0m _identify(isaaclab_tasks/isaaclab_tasks/manager_based/locomotion/velocity/config/go1/agents) by extension 'python'
[0.257s] [34mcolcon.colcon_core.package_identification[0m [1;30mLevel 1[0m _identify(isaaclab_tasks/isaaclab_tasks/manager_based/locomotion/velocity/config/go1/agents) by extensions ['python_setup_py']
[0.257s] [34mcolcon.colcon_core.package_identification[0m [1;30mLevel 1[0m _identify(isaaclab_tasks/isaaclab_tasks/manager_based/locomotion/velocity/config/go1/agents) by extension 'python_setup_py'
[0.257s] [34mcolcon.colcon_core.package_identification[0m [1;30mLevel 1[0m _identify(isaaclab_tasks/isaaclab_tasks/manager_based/locomotion/velocity/config/go1/agents/__pycache__) by extensions ['ignore', 'ignore_ament_install']
[0.257s] [34mcolcon.colcon_core.package_identification[0m [1;30mLevel 1[0m _identify(isaaclab_tasks/isaaclab_tasks/manager_based/locomotion/velocity/config/go1/agents/__pycache__) by extension 'ignore'
[0.257s] [34mcolcon.colcon_core.package_identification[0m [1;30mLevel 1[0m _identify(isaaclab_tasks/isaaclab_tasks/manager_based/locomotion/velocity/config/go1/agents/__pycache__) by extension 'ignore_ament_install'
[0.258s] [34mcolcon.colcon_core.package_identification[0m [1;30mLevel 1[0m _identify(isaaclab_tasks/isaaclab_tasks/manager_based/locomotion/velocity/config/go1/agents/__pycache__) by extensions ['colcon_pkg']
[0.258s] [34mcolcon.colcon_core.package_identification[0m [1;30mLevel 1[0m _identify(isaaclab_tasks/isaaclab_tasks/manager_based/locomotion/velocity/config/go1/agents/__pycache__) by extension 'colcon_pkg'
[0.258s] [34mcolcon.colcon_core.package_identification[0m [1;30mLevel 1[0m _identify(isaaclab_tasks/isaaclab_tasks/manager_based/locomotion/velocity/config/go1/agents/__pycache__) by extensions ['colcon_meta']
[0.258s] [34mcolcon.colcon_core.package_identification[0m [1;30mLevel 1[0m _identify(isaaclab_tasks/isaaclab_tasks/manager_based/locomotion/velocity/config/go1/agents/__pycache__) by extension 'colcon_meta'
[0.258s] [34mcolcon.colcon_core.package_identification[0m [1;30mLevel 1[0m _identify(isaaclab_tasks/isaaclab_tasks/manager_based/locomotion/velocity/config/go1/agents/__pycache__) by extensions ['ros']
[0.258s] [34mcolcon.colcon_core.package_identification[0m [1;30mLevel 1[0m _identify(isaaclab_tasks/isaaclab_tasks/manager_based/locomotion/velocity/config/go1/agents/__pycache__) by extension 'ros'
[0.258s] [34mcolcon.colcon_core.package_identification[0m [1;30mLevel 1[0m _identify(isaaclab_tasks/isaaclab_tasks/manager_based/locomotion/velocity/config/go1/agents/__pycache__) by extensions ['cmake', 'python']
[0.258s] [34mcolcon.colcon_core.package_identification[0m [1;30mLevel 1[0m _identify(isaaclab_tasks/isaaclab_tasks/manager_based/locomotion/velocity/config/go1/agents/__pycache__) by extension 'cmake'
[0.258s] [34mcolcon.colcon_core.package_identification[0m [1;30mLevel 1[0m _identify(isaaclab_tasks/isaaclab_tasks/manager_based/locomotion/velocity/config/go1/agents/__pycache__) by extension 'python'
[0.258s] [34mcolcon.colcon_core.package_identification[0m [1;30mLevel 1[0m _identify(isaaclab_tasks/isaaclab_tasks/manager_based/locomotion/velocity/config/go1/agents/__pycache__) by extensions ['python_setup_py']
[0.258s] [34mcolcon.colcon_core.package_identification[0m [1;30mLevel 1[0m _identify(isaaclab_tasks/isaaclab_tasks/manager_based/locomotion/velocity/config/go1/agents/__pycache__) by extension 'python_setup_py'
[0.258s] [34mcolcon.colcon_core.package_identification[0m [1;30mLevel 1[0m _identify(isaaclab_tasks/isaaclab_tasks/manager_based/locomotion/velocity/config/go2) by extensions ['ignore', 'ignore_ament_install']
[0.258s] [34mcolcon.colcon_core.package_identification[0m [1;30mLevel 1[0m _identify(isaaclab_tasks/isaaclab_tasks/manager_based/locomotion/velocity/config/go2) by extension 'ignore'
[0.258s] [34mcolcon.colcon_core.package_identification[0m [1;30mLevel 1[0m _identify(isaaclab_tasks/isaaclab_tasks/manager_based/locomotion/velocity/config/go2) by extension 'ignore_ament_install'
[0.258s] [34mcolcon.colcon_core.package_identification[0m [1;30mLevel 1[0m _identify(isaaclab_tasks/isaaclab_tasks/manager_based/locomotion/velocity/config/go2) by extensions ['colcon_pkg']
[0.258s] [34mcolcon.colcon_core.package_identification[0m [1;30mLevel 1[0m _identify(isaaclab_tasks/isaaclab_tasks/manager_based/locomotion/velocity/config/go2) by extension 'colcon_pkg'
[0.258s] [34mcolcon.colcon_core.package_identification[0m [1;30mLevel 1[0m _identify(isaaclab_tasks/isaaclab_tasks/manager_based/locomotion/velocity/config/go2) by extensions ['colcon_meta']
[0.258s] [34mcolcon.colcon_core.package_identification[0m [1;30mLevel 1[0m _identify(isaaclab_tasks/isaaclab_tasks/manager_based/locomotion/velocity/config/go2) by extension 'colcon_meta'
[0.258s] [34mcolcon.colcon_core.package_identification[0m [1;30mLevel 1[0m _identify(isaaclab_tasks/isaaclab_tasks/manager_based/locomotion/velocity/config/go2) by extensions ['ros']
[0.258s] [34mcolcon.colcon_core.package_identification[0m [1;30mLevel 1[0m _identify(isaaclab_tasks/isaaclab_tasks/manager_based/locomotion/velocity/config/go2) by extension 'ros'
[0.258s] [34mcolcon.colcon_core.package_identification[0m [1;30mLevel 1[0m _identify(isaaclab_tasks/isaaclab_tasks/manager_based/locomotion/velocity/config/go2) by extensions ['cmake', 'python']
[0.258s] [34mcolcon.colcon_core.package_identification[0m [1;30mLevel 1[0m _identify(isaaclab_tasks/isaaclab_tasks/manager_based/locomotion/velocity/config/go2) by extension 'cmake'
[0.258s] [34mcolcon.colcon_core.package_identification[0m [1;30mLevel 1[0m _identify(isaaclab_tasks/isaaclab_tasks/manager_based/locomotion/velocity/config/go2) by extension 'python'
[0.258s] [34mcolcon.colcon_core.package_identification[0m [1;30mLevel 1[0m _identify(isaaclab_tasks/isaaclab_tasks/manager_based/locomotion/velocity/config/go2) by extensions ['python_setup_py']
[0.258s] [34mcolcon.colcon_core.package_identification[0m [1;30mLevel 1[0m _identify(isaaclab_tasks/isaaclab_tasks/manager_based/locomotion/velocity/config/go2) by extension 'python_setup_py'
[0.258s] [34mcolcon.colcon_core.package_identification[0m [1;30mLevel 1[0m _identify(isaaclab_tasks/isaaclab_tasks/manager_based/locomotion/velocity/config/go2/__pycache__) by extensions ['ignore', 'ignore_ament_install']
[0.258s] [34mcolcon.colcon_core.package_identification[0m [1;30mLevel 1[0m _identify(isaaclab_tasks/isaaclab_tasks/manager_based/locomotion/velocity/config/go2/__pycache__) by extension 'ignore'
[0.258s] [34mcolcon.colcon_core.package_identification[0m [1;30mLevel 1[0m _identify(isaaclab_tasks/isaaclab_tasks/manager_based/locomotion/velocity/config/go2/__pycache__) by extension 'ignore_ament_install'
[0.258s] [34mcolcon.colcon_core.package_identification[0m [1;30mLevel 1[0m _identify(isaaclab_tasks/isaaclab_tasks/manager_based/locomotion/velocity/config/go2/__pycache__) by extensions ['colcon_pkg']
[0.258s] [34mcolcon.colcon_core.package_identification[0m [1;30mLevel 1[0m _identify(isaaclab_tasks/isaaclab_tasks/manager_based/locomotion/velocity/config/go2/__pycache__) by extension 'colcon_pkg'
[0.258s] [34mcolcon.colcon_core.package_identification[0m [1;30mLevel 1[0m _identify(isaaclab_tasks/isaaclab_tasks/manager_based/locomotion/velocity/config/go2/__pycache__) by extensions ['colcon_meta']
[0.258s] [34mcolcon.colcon_core.package_identification[0m [1;30mLevel 1[0m _identify(isaaclab_tasks/isaaclab_tasks/manager_based/locomotion/velocity/config/go2/__pycache__) by extension 'colcon_meta'
[0.258s] [34mcolcon.colcon_core.package_identification[0m [1;30mLevel 1[0m _identify(isaaclab_tasks/isaaclab_tasks/manager_based/locomotion/velocity/config/go2/__pycache__) by extensions ['ros']
[0.258s] [34mcolcon.colcon_core.package_identification[0m [1;30mLevel 1[0m _identify(isaaclab_tasks/isaaclab_tasks/manager_based/locomotion/velocity/config/go2/__pycache__) by extension 'ros'
[0.258s] [34mcolcon.colcon_core.package_identification[0m [1;30mLevel 1[0m _identify(isaaclab_tasks/isaaclab_tasks/manager_based/locomotion/velocity/config/go2/__pycache__) by extensions ['cmake', 'python']
[0.258s] [34mcolcon.colcon_core.package_identification[0m [1;30mLevel 1[0m _identify(isaaclab_tasks/isaaclab_tasks/manager_based/locomotion/velocity/config/go2/__pycache__) by extension 'cmake'
[0.258s] [34mcolcon.colcon_core.package_identification[0m [1;30mLevel 1[0m _identify(isaaclab_tasks/isaaclab_tasks/manager_based/locomotion/velocity/config/go2/__pycache__) by extension 'python'
[0.258s] [34mcolcon.colcon_core.package_identification[0m [1;30mLevel 1[0m _identify(isaaclab_tasks/isaaclab_tasks/manager_based/locomotion/velocity/config/go2/__pycache__) by extensions ['python_setup_py']
[0.258s] [34mcolcon.colcon_core.package_identification[0m [1;30mLevel 1[0m _identify(isaaclab_tasks/isaaclab_tasks/manager_based/locomotion/velocity/config/go2/__pycache__) by extension 'python_setup_py'
[0.258s] [34mcolcon.colcon_core.package_identification[0m [1;30mLevel 1[0m _identify(isaaclab_tasks/isaaclab_tasks/manager_based/locomotion/velocity/config/go2/agents) by extensions ['ignore', 'ignore_ament_install']
[0.258s] [34mcolcon.colcon_core.package_identification[0m [1;30mLevel 1[0m _identify(isaaclab_tasks/isaaclab_tasks/manager_based/locomotion/velocity/config/go2/agents) by extension 'ignore'
[0.258s] [34mcolcon.colcon_core.package_identification[0m [1;30mLevel 1[0m _identify(isaaclab_tasks/isaaclab_tasks/manager_based/locomotion/velocity/config/go2/agents) by extension 'ignore_ament_install'
[0.258s] [34mcolcon.colcon_core.package_identification[0m [1;30mLevel 1[0m _identify(isaaclab_tasks/isaaclab_tasks/manager_based/locomotion/velocity/config/go2/agents) by extensions ['colcon_pkg']
[0.258s] [34mcolcon.colcon_core.package_identification[0m [1;30mLevel 1[0m _identify(isaaclab_tasks/isaaclab_tasks/manager_based/locomotion/velocity/config/go2/agents) by extension 'colcon_pkg'
[0.258s] [34mcolcon.colcon_core.package_identification[0m [1;30mLevel 1[0m _identify(isaaclab_tasks/isaaclab_tasks/manager_based/locomotion/velocity/config/go2/agents) by extensions ['colcon_meta']
[0.258s] [34mcolcon.colcon_core.package_identification[0m [1;30mLevel 1[0m _identify(isaaclab_tasks/isaaclab_tasks/manager_based/locomotion/velocity/config/go2/agents) by extension 'colcon_meta'
[0.258s] [34mcolcon.colcon_core.package_identification[0m [1;30mLevel 1[0m _identify(isaaclab_tasks/isaaclab_tasks/manager_based/locomotion/velocity/config/go2/agents) by extensions ['ros']
[0.258s] [34mcolcon.colcon_core.package_identification[0m [1;30mLevel 1[0m _identify(isaaclab_tasks/isaaclab_tasks/manager_based/locomotion/velocity/config/go2/agents) by extension 'ros'
[0.258s] [34mcolcon.colcon_core.package_identification[0m [1;30mLevel 1[0m _identify(isaaclab_tasks/isaaclab_tasks/manager_based/locomotion/velocity/config/go2/agents) by extensions ['cmake', 'python']
[0.258s] [34mcolcon.colcon_core.package_identification[0m [1;30mLevel 1[0m _identify(isaaclab_tasks/isaaclab_tasks/manager_based/locomotion/velocity/config/go2/agents) by extension 'cmake'
[0.259s] [34mcolcon.colcon_core.package_identification[0m [1;30mLevel 1[0m _identify(isaaclab_tasks/isaaclab_tasks/manager_based/locomotion/velocity/config/go2/agents) by extension 'python'
[0.259s] [34mcolcon.colcon_core.package_identification[0m [1;30mLevel 1[0m _identify(isaaclab_tasks/isaaclab_tasks/manager_based/locomotion/velocity/config/go2/agents) by extensions ['python_setup_py']
[0.259s] [34mcolcon.colcon_core.package_identification[0m [1;30mLevel 1[0m _identify(isaaclab_tasks/isaaclab_tasks/manager_based/locomotion/velocity/config/go2/agents) by extension 'python_setup_py'
[0.259s] [34mcolcon.colcon_core.package_identification[0m [1;30mLevel 1[0m _identify(isaaclab_tasks/isaaclab_tasks/manager_based/locomotion/velocity/config/go2/agents/__pycache__) by extensions ['ignore', 'ignore_ament_install']
[0.259s] [34mcolcon.colcon_core.package_identification[0m [1;30mLevel 1[0m _identify(isaaclab_tasks/isaaclab_tasks/manager_based/locomotion/velocity/config/go2/agents/__pycache__) by extension 'ignore'
[0.259s] [34mcolcon.colcon_core.package_identification[0m [1;30mLevel 1[0m _identify(isaaclab_tasks/isaaclab_tasks/manager_based/locomotion/velocity/config/go2/agents/__pycache__) by extension 'ignore_ament_install'
[0.259s] [34mcolcon.colcon_core.package_identification[0m [1;30mLevel 1[0m _identify(isaaclab_tasks/isaaclab_tasks/manager_based/locomotion/velocity/config/go2/agents/__pycache__) by extensions ['colcon_pkg']
[0.259s] [34mcolcon.colcon_core.package_identification[0m [1;30mLevel 1[0m _identify(isaaclab_tasks/isaaclab_tasks/manager_based/locomotion/velocity/config/go2/agents/__pycache__) by extension 'colcon_pkg'
[0.259s] [34mcolcon.colcon_core.package_identification[0m [1;30mLevel 1[0m _identify(isaaclab_tasks/isaaclab_tasks/manager_based/locomotion/velocity/config/go2/agents/__pycache__) by extensions ['colcon_meta']
[0.259s] [34mcolcon.colcon_core.package_identification[0m [1;30mLevel 1[0m _identify(isaaclab_tasks/isaaclab_tasks/manager_based/locomotion/velocity/config/go2/agents/__pycache__) by extension 'colcon_meta'
[0.259s] [34mcolcon.colcon_core.package_identification[0m [1;30mLevel 1[0m _identify(isaaclab_tasks/isaaclab_tasks/manager_based/locomotion/velocity/config/go2/agents/__pycache__) by extensions ['ros']
[0.259s] [34mcolcon.colcon_core.package_identification[0m [1;30mLevel 1[0m _identify(isaaclab_tasks/isaaclab_tasks/manager_based/locomotion/velocity/config/go2/agents/__pycache__) by extension 'ros'
[0.259s] [34mcolcon.colcon_core.package_identification[0m [1;30mLevel 1[0m _identify(isaaclab_tasks/isaaclab_tasks/manager_based/locomotion/velocity/config/go2/agents/__pycache__) by extensions ['cmake', 'python']
[0.259s] [34mcolcon.colcon_core.package_identification[0m [1;30mLevel 1[0m _identify(isaaclab_tasks/isaaclab_tasks/manager_based/locomotion/velocity/config/go2/agents/__pycache__) by extension 'cmake'
[0.259s] [34mcolcon.colcon_core.package_identification[0m [1;30mLevel 1[0m _identify(isaaclab_tasks/isaaclab_tasks/manager_based/locomotion/velocity/config/go2/agents/__pycache__) by extension 'python'
[0.259s] [34mcolcon.colcon_core.package_identification[0m [1;30mLevel 1[0m _identify(isaaclab_tasks/isaaclab_tasks/manager_based/locomotion/velocity/config/go2/agents/__pycache__) by extensions ['python_setup_py']
[0.259s] [34mcolcon.colcon_core.package_identification[0m [1;30mLevel 1[0m _identify(isaaclab_tasks/isaaclab_tasks/manager_based/locomotion/velocity/config/go2/agents/__pycache__) by extension 'python_setup_py'
[0.259s] [34mcolcon.colcon_core.package_identification[0m [1;30mLevel 1[0m _identify(isaaclab_tasks/isaaclab_tasks/manager_based/locomotion/velocity/config/h1) by extensions ['ignore', 'ignore_ament_install']
[0.259s] [34mcolcon.colcon_core.package_identification[0m [1;30mLevel 1[0m _identify(isaaclab_tasks/isaaclab_tasks/manager_based/locomotion/velocity/config/h1) by extension 'ignore'
[0.259s] [34mcolcon.colcon_core.package_identification[0m [1;30mLevel 1[0m _identify(isaaclab_tasks/isaaclab_tasks/manager_based/locomotion/velocity/config/h1) by extension 'ignore_ament_install'
[0.259s] [34mcolcon.colcon_core.package_identification[0m [1;30mLevel 1[0m _identify(isaaclab_tasks/isaaclab_tasks/manager_based/locomotion/velocity/config/h1) by extensions ['colcon_pkg']
[0.259s] [34mcolcon.colcon_core.package_identification[0m [1;30mLevel 1[0m _identify(isaaclab_tasks/isaaclab_tasks/manager_based/locomotion/velocity/config/h1) by extension 'colcon_pkg'
[0.259s] [34mcolcon.colcon_core.package_identification[0m [1;30mLevel 1[0m _identify(isaaclab_tasks/isaaclab_tasks/manager_based/locomotion/velocity/config/h1) by extensions ['colcon_meta']
[0.259s] [34mcolcon.colcon_core.package_identification[0m [1;30mLevel 1[0m _identify(isaaclab_tasks/isaaclab_tasks/manager_based/locomotion/velocity/config/h1) by extension 'colcon_meta'
[0.259s] [34mcolcon.colcon_core.package_identification[0m [1;30mLevel 1[0m _identify(isaaclab_tasks/isaaclab_tasks/manager_based/locomotion/velocity/config/h1) by extensions ['ros']
[0.259s] [34mcolcon.colcon_core.package_identification[0m [1;30mLevel 1[0m _identify(isaaclab_tasks/isaaclab_tasks/manager_based/locomotion/velocity/config/h1) by extension 'ros'
[0.259s] [34mcolcon.colcon_core.package_identification[0m [1;30mLevel 1[0m _identify(isaaclab_tasks/isaaclab_tasks/manager_based/locomotion/velocity/config/h1) by extensions ['cmake', 'python']
[0.259s] [34mcolcon.colcon_core.package_identification[0m [1;30mLevel 1[0m _identify(isaaclab_tasks/isaaclab_tasks/manager_based/locomotion/velocity/config/h1) by extension 'cmake'
[0.259s] [34mcolcon.colcon_core.package_identification[0m [1;30mLevel 1[0m _identify(isaaclab_tasks/isaaclab_tasks/manager_based/locomotion/velocity/config/h1) by extension 'python'
[0.259s] [34mcolcon.colcon_core.package_identification[0m [1;30mLevel 1[0m _identify(isaaclab_tasks/isaaclab_tasks/manager_based/locomotion/velocity/config/h1) by extensions ['python_setup_py']
[0.259s] [34mcolcon.colcon_core.package_identification[0m [1;30mLevel 1[0m _identify(isaaclab_tasks/isaaclab_tasks/manager_based/locomotion/velocity/config/h1) by extension 'python_setup_py'
[0.259s] [34mcolcon.colcon_core.package_identification[0m [1;30mLevel 1[0m _identify(isaaclab_tasks/isaaclab_tasks/manager_based/locomotion/velocity/config/h1/__pycache__) by extensions ['ignore', 'ignore_ament_install']
[0.259s] [34mcolcon.colcon_core.package_identification[0m [1;30mLevel 1[0m _identify(isaaclab_tasks/isaaclab_tasks/manager_based/locomotion/velocity/config/h1/__pycache__) by extension 'ignore'
[0.259s] [34mcolcon.colcon_core.package_identification[0m [1;30mLevel 1[0m _identify(isaaclab_tasks/isaaclab_tasks/manager_based/locomotion/velocity/config/h1/__pycache__) by extension 'ignore_ament_install'
[0.259s] [34mcolcon.colcon_core.package_identification[0m [1;30mLevel 1[0m _identify(isaaclab_tasks/isaaclab_tasks/manager_based/locomotion/velocity/config/h1/__pycache__) by extensions ['colcon_pkg']
[0.259s] [34mcolcon.colcon_core.package_identification[0m [1;30mLevel 1[0m _identify(isaaclab_tasks/isaaclab_tasks/manager_based/locomotion/velocity/config/h1/__pycache__) by extension 'colcon_pkg'
[0.259s] [34mcolcon.colcon_core.package_identification[0m [1;30mLevel 1[0m _identify(isaaclab_tasks/isaaclab_tasks/manager_based/locomotion/velocity/config/h1/__pycache__) by extensions ['colcon_meta']
[0.259s] [34mcolcon.colcon_core.package_identification[0m [1;30mLevel 1[0m _identify(isaaclab_tasks/isaaclab_tasks/manager_based/locomotion/velocity/config/h1/__pycache__) by extension 'colcon_meta'
[0.259s] [34mcolcon.colcon_core.package_identification[0m [1;30mLevel 1[0m _identify(isaaclab_tasks/isaaclab_tasks/manager_based/locomotion/velocity/config/h1/__pycache__) by extensions ['ros']
[0.259s] [34mcolcon.colcon_core.package_identification[0m [1;30mLevel 1[0m _identify(isaaclab_tasks/isaaclab_tasks/manager_based/locomotion/velocity/config/h1/__pycache__) by extension 'ros'
[0.259s] [34mcolcon.colcon_core.package_identification[0m [1;30mLevel 1[0m _identify(isaaclab_tasks/isaaclab_tasks/manager_based/locomotion/velocity/config/h1/__pycache__) by extensions ['cmake', 'python']
[0.259s] [34mcolcon.colcon_core.package_identification[0m [1;30mLevel 1[0m _identify(isaaclab_tasks/isaaclab_tasks/manager_based/locomotion/velocity/config/h1/__pycache__) by extension 'cmake'
[0.259s] [34mcolcon.colcon_core.package_identification[0m [1;30mLevel 1[0m _identify(isaaclab_tasks/isaaclab_tasks/manager_based/locomotion/velocity/config/h1/__pycache__) by extension 'python'
[0.259s] [34mcolcon.colcon_core.package_identification[0m [1;30mLevel 1[0m _identify(isaaclab_tasks/isaaclab_tasks/manager_based/locomotion/velocity/config/h1/__pycache__) by extensions ['python_setup_py']
[0.259s] [34mcolcon.colcon_core.package_identification[0m [1;30mLevel 1[0m _identify(isaaclab_tasks/isaaclab_tasks/manager_based/locomotion/velocity/config/h1/__pycache__) by extension 'python_setup_py'
[0.260s] [34mcolcon.colcon_core.package_identification[0m [1;30mLevel 1[0m _identify(isaaclab_tasks/isaaclab_tasks/manager_based/locomotion/velocity/config/h1/agents) by extensions ['ignore', 'ignore_ament_install']
[0.260s] [34mcolcon.colcon_core.package_identification[0m [1;30mLevel 1[0m _identify(isaaclab_tasks/isaaclab_tasks/manager_based/locomotion/velocity/config/h1/agents) by extension 'ignore'
[0.260s] [34mcolcon.colcon_core.package_identification[0m [1;30mLevel 1[0m _identify(isaaclab_tasks/isaaclab_tasks/manager_based/locomotion/velocity/config/h1/agents) by extension 'ignore_ament_install'
[0.260s] [34mcolcon.colcon_core.package_identification[0m [1;30mLevel 1[0m _identify(isaaclab_tasks/isaaclab_tasks/manager_based/locomotion/velocity/config/h1/agents) by extensions ['colcon_pkg']
[0.260s] [34mcolcon.colcon_core.package_identification[0m [1;30mLevel 1[0m _identify(isaaclab_tasks/isaaclab_tasks/manager_based/locomotion/velocity/config/h1/agents) by extension 'colcon_pkg'
[0.260s] [34mcolcon.colcon_core.package_identification[0m [1;30mLevel 1[0m _identify(isaaclab_tasks/isaaclab_tasks/manager_based/locomotion/velocity/config/h1/agents) by extensions ['colcon_meta']
[0.260s] [34mcolcon.colcon_core.package_identification[0m [1;30mLevel 1[0m _identify(isaaclab_tasks/isaaclab_tasks/manager_based/locomotion/velocity/config/h1/agents) by extension 'colcon_meta'
[0.260s] [34mcolcon.colcon_core.package_identification[0m [1;30mLevel 1[0m _identify(isaaclab_tasks/isaaclab_tasks/manager_based/locomotion/velocity/config/h1/agents) by extensions ['ros']
[0.260s] [34mcolcon.colcon_core.package_identification[0m [1;30mLevel 1[0m _identify(isaaclab_tasks/isaaclab_tasks/manager_based/locomotion/velocity/config/h1/agents) by extension 'ros'
[0.260s] [34mcolcon.colcon_core.package_identification[0m [1;30mLevel 1[0m _identify(isaaclab_tasks/isaaclab_tasks/manager_based/locomotion/velocity/config/h1/agents) by extensions ['cmake', 'python']
[0.260s] [34mcolcon.colcon_core.package_identification[0m [1;30mLevel 1[0m _identify(isaaclab_tasks/isaaclab_tasks/manager_based/locomotion/velocity/config/h1/agents) by extension 'cmake'
[0.260s] [34mcolcon.colcon_core.package_identification[0m [1;30mLevel 1[0m _identify(isaaclab_tasks/isaaclab_tasks/manager_based/locomotion/velocity/config/h1/agents) by extension 'python'
[0.260s] [34mcolcon.colcon_core.package_identification[0m [1;30mLevel 1[0m _identify(isaaclab_tasks/isaaclab_tasks/manager_based/locomotion/velocity/config/h1/agents) by extensions ['python_setup_py']
[0.260s] [34mcolcon.colcon_core.package_identification[0m [1;30mLevel 1[0m _identify(isaaclab_tasks/isaaclab_tasks/manager_based/locomotion/velocity/config/h1/agents) by extension 'python_setup_py'
[0.260s] [34mcolcon.colcon_core.package_identification[0m [1;30mLevel 1[0m _identify(isaaclab_tasks/isaaclab_tasks/manager_based/locomotion/velocity/config/h1/agents/__pycache__) by extensions ['ignore', 'ignore_ament_install']
[0.260s] [34mcolcon.colcon_core.package_identification[0m [1;30mLevel 1[0m _identify(isaaclab_tasks/isaaclab_tasks/manager_based/locomotion/velocity/config/h1/agents/__pycache__) by extension 'ignore'
[0.260s] [34mcolcon.colcon_core.package_identification[0m [1;30mLevel 1[0m _identify(isaaclab_tasks/isaaclab_tasks/manager_based/locomotion/velocity/config/h1/agents/__pycache__) by extension 'ignore_ament_install'
[0.260s] [34mcolcon.colcon_core.package_identification[0m [1;30mLevel 1[0m _identify(isaaclab_tasks/isaaclab_tasks/manager_based/locomotion/velocity/config/h1/agents/__pycache__) by extensions ['colcon_pkg']
[0.260s] [34mcolcon.colcon_core.package_identification[0m [1;30mLevel 1[0m _identify(isaaclab_tasks/isaaclab_tasks/manager_based/locomotion/velocity/config/h1/agents/__pycache__) by extension 'colcon_pkg'
[0.260s] [34mcolcon.colcon_core.package_identification[0m [1;30mLevel 1[0m _identify(isaaclab_tasks/isaaclab_tasks/manager_based/locomotion/velocity/config/h1/agents/__pycache__) by extensions ['colcon_meta']
[0.260s] [34mcolcon.colcon_core.package_identification[0m [1;30mLevel 1[0m _identify(isaaclab_tasks/isaaclab_tasks/manager_based/locomotion/velocity/config/h1/agents/__pycache__) by extension 'colcon_meta'
[0.260s] [34mcolcon.colcon_core.package_identification[0m [1;30mLevel 1[0m _identify(isaaclab_tasks/isaaclab_tasks/manager_based/locomotion/velocity/config/h1/agents/__pycache__) by extensions ['ros']
[0.260s] [34mcolcon.colcon_core.package_identification[0m [1;30mLevel 1[0m _identify(isaaclab_tasks/isaaclab_tasks/manager_based/locomotion/velocity/config/h1/agents/__pycache__) by extension 'ros'
[0.260s] [34mcolcon.colcon_core.package_identification[0m [1;30mLevel 1[0m _identify(isaaclab_tasks/isaaclab_tasks/manager_based/locomotion/velocity/config/h1/agents/__pycache__) by extensions ['cmake', 'python']
[0.260s] [34mcolcon.colcon_core.package_identification[0m [1;30mLevel 1[0m _identify(isaaclab_tasks/isaaclab_tasks/manager_based/locomotion/velocity/config/h1/agents/__pycache__) by extension 'cmake'
[0.260s] [34mcolcon.colcon_core.package_identification[0m [1;30mLevel 1[0m _identify(isaaclab_tasks/isaaclab_tasks/manager_based/locomotion/velocity/config/h1/agents/__pycache__) by extension 'python'
[0.260s] [34mcolcon.colcon_core.package_identification[0m [1;30mLevel 1[0m _identify(isaaclab_tasks/isaaclab_tasks/manager_based/locomotion/velocity/config/h1/agents/__pycache__) by extensions ['python_setup_py']
[0.260s] [34mcolcon.colcon_core.package_identification[0m [1;30mLevel 1[0m _identify(isaaclab_tasks/isaaclab_tasks/manager_based/locomotion/velocity/config/h1/agents/__pycache__) by extension 'python_setup_py'
[0.260s] [34mcolcon.colcon_core.package_identification[0m [1;30mLevel 1[0m _identify(isaaclab_tasks/isaaclab_tasks/manager_based/locomotion/velocity/config/spot) by extensions ['ignore', 'ignore_ament_install']
[0.260s] [34mcolcon.colcon_core.package_identification[0m [1;30mLevel 1[0m _identify(isaaclab_tasks/isaaclab_tasks/manager_based/locomotion/velocity/config/spot) by extension 'ignore'
[0.260s] [34mcolcon.colcon_core.package_identification[0m [1;30mLevel 1[0m _identify(isaaclab_tasks/isaaclab_tasks/manager_based/locomotion/velocity/config/spot) by extension 'ignore_ament_install'
[0.260s] [34mcolcon.colcon_core.package_identification[0m [1;30mLevel 1[0m _identify(isaaclab_tasks/isaaclab_tasks/manager_based/locomotion/velocity/config/spot) by extensions ['colcon_pkg']
[0.260s] [34mcolcon.colcon_core.package_identification[0m [1;30mLevel 1[0m _identify(isaaclab_tasks/isaaclab_tasks/manager_based/locomotion/velocity/config/spot) by extension 'colcon_pkg'
[0.260s] [34mcolcon.colcon_core.package_identification[0m [1;30mLevel 1[0m _identify(isaaclab_tasks/isaaclab_tasks/manager_based/locomotion/velocity/config/spot) by extensions ['colcon_meta']
[0.260s] [34mcolcon.colcon_core.package_identification[0m [1;30mLevel 1[0m _identify(isaaclab_tasks/isaaclab_tasks/manager_based/locomotion/velocity/config/spot) by extension 'colcon_meta'
[0.260s] [34mcolcon.colcon_core.package_identification[0m [1;30mLevel 1[0m _identify(isaaclab_tasks/isaaclab_tasks/manager_based/locomotion/velocity/config/spot) by extensions ['ros']
[0.260s] [34mcolcon.colcon_core.package_identification[0m [1;30mLevel 1[0m _identify(isaaclab_tasks/isaaclab_tasks/manager_based/locomotion/velocity/config/spot) by extension 'ros'
[0.260s] [34mcolcon.colcon_core.package_identification[0m [1;30mLevel 1[0m _identify(isaaclab_tasks/isaaclab_tasks/manager_based/locomotion/velocity/config/spot) by extensions ['cmake', 'python']
[0.260s] [34mcolcon.colcon_core.package_identification[0m [1;30mLevel 1[0m _identify(isaaclab_tasks/isaaclab_tasks/manager_based/locomotion/velocity/config/spot) by extension 'cmake'
[0.260s] [34mcolcon.colcon_core.package_identification[0m [1;30mLevel 1[0m _identify(isaaclab_tasks/isaaclab_tasks/manager_based/locomotion/velocity/config/spot) by extension 'python'
[0.260s] [34mcolcon.colcon_core.package_identification[0m [1;30mLevel 1[0m _identify(isaaclab_tasks/isaaclab_tasks/manager_based/locomotion/velocity/config/spot) by extensions ['python_setup_py']
[0.260s] [34mcolcon.colcon_core.package_identification[0m [1;30mLevel 1[0m _identify(isaaclab_tasks/isaaclab_tasks/manager_based/locomotion/velocity/config/spot) by extension 'python_setup_py'
[0.260s] [34mcolcon.colcon_core.package_identification[0m [1;30mLevel 1[0m _identify(isaaclab_tasks/isaaclab_tasks/manager_based/locomotion/velocity/config/spot/__pycache__) by extensions ['ignore', 'ignore_ament_install']
[0.260s] [34mcolcon.colcon_core.package_identification[0m [1;30mLevel 1[0m _identify(isaaclab_tasks/isaaclab_tasks/manager_based/locomotion/velocity/config/spot/__pycache__) by extension 'ignore'
[0.260s] [34mcolcon.colcon_core.package_identification[0m [1;30mLevel 1[0m _identify(isaaclab_tasks/isaaclab_tasks/manager_based/locomotion/velocity/config/spot/__pycache__) by extension 'ignore_ament_install'
[0.260s] [34mcolcon.colcon_core.package_identification[0m [1;30mLevel 1[0m _identify(isaaclab_tasks/isaaclab_tasks/manager_based/locomotion/velocity/config/spot/__pycache__) by extensions ['colcon_pkg']
[0.260s] [34mcolcon.colcon_core.package_identification[0m [1;30mLevel 1[0m _identify(isaaclab_tasks/isaaclab_tasks/manager_based/locomotion/velocity/config/spot/__pycache__) by extension 'colcon_pkg'
[0.260s] [34mcolcon.colcon_core.package_identification[0m [1;30mLevel 1[0m _identify(isaaclab_tasks/isaaclab_tasks/manager_based/locomotion/velocity/config/spot/__pycache__) by extensions ['colcon_meta']
[0.260s] [34mcolcon.colcon_core.package_identification[0m [1;30mLevel 1[0m _identify(isaaclab_tasks/isaaclab_tasks/manager_based/locomotion/velocity/config/spot/__pycache__) by extension 'colcon_meta'
[0.261s] [34mcolcon.colcon_core.package_identification[0m [1;30mLevel 1[0m _identify(isaaclab_tasks/isaaclab_tasks/manager_based/locomotion/velocity/config/spot/__pycache__) by extensions ['ros']
[0.261s] [34mcolcon.colcon_core.package_identification[0m [1;30mLevel 1[0m _identify(isaaclab_tasks/isaaclab_tasks/manager_based/locomotion/velocity/config/spot/__pycache__) by extension 'ros'
[0.261s] [34mcolcon.colcon_core.package_identification[0m [1;30mLevel 1[0m _identify(isaaclab_tasks/isaaclab_tasks/manager_based/locomotion/velocity/config/spot/__pycache__) by extensions ['cmake', 'python']
[0.261s] [34mcolcon.colcon_core.package_identification[0m [1;30mLevel 1[0m _identify(isaaclab_tasks/isaaclab_tasks/manager_based/locomotion/velocity/config/spot/__pycache__) by extension 'cmake'
[0.261s] [34mcolcon.colcon_core.package_identification[0m [1;30mLevel 1[0m _identify(isaaclab_tasks/isaaclab_tasks/manager_based/locomotion/velocity/config/spot/__pycache__) by extension 'python'
[0.261s] [34mcolcon.colcon_core.package_identification[0m [1;30mLevel 1[0m _identify(isaaclab_tasks/isaaclab_tasks/manager_based/locomotion/velocity/config/spot/__pycache__) by extensions ['python_setup_py']
[0.261s] [34mcolcon.colcon_core.package_identification[0m [1;30mLevel 1[0m _identify(isaaclab_tasks/isaaclab_tasks/manager_based/locomotion/velocity/config/spot/__pycache__) by extension 'python_setup_py'
[0.261s] [34mcolcon.colcon_core.package_identification[0m [1;30mLevel 1[0m _identify(isaaclab_tasks/isaaclab_tasks/manager_based/locomotion/velocity/config/spot/agents) by extensions ['ignore', 'ignore_ament_install']
[0.261s] [34mcolcon.colcon_core.package_identification[0m [1;30mLevel 1[0m _identify(isaaclab_tasks/isaaclab_tasks/manager_based/locomotion/velocity/config/spot/agents) by extension 'ignore'
[0.261s] [34mcolcon.colcon_core.package_identification[0m [1;30mLevel 1[0m _identify(isaaclab_tasks/isaaclab_tasks/manager_based/locomotion/velocity/config/spot/agents) by extension 'ignore_ament_install'
[0.261s] [34mcolcon.colcon_core.package_identification[0m [1;30mLevel 1[0m _identify(isaaclab_tasks/isaaclab_tasks/manager_based/locomotion/velocity/config/spot/agents) by extensions ['colcon_pkg']
[0.261s] [34mcolcon.colcon_core.package_identification[0m [1;30mLevel 1[0m _identify(isaaclab_tasks/isaaclab_tasks/manager_based/locomotion/velocity/config/spot/agents) by extension 'colcon_pkg'
[0.261s] [34mcolcon.colcon_core.package_identification[0m [1;30mLevel 1[0m _identify(isaaclab_tasks/isaaclab_tasks/manager_based/locomotion/velocity/config/spot/agents) by extensions ['colcon_meta']
[0.261s] [34mcolcon.colcon_core.package_identification[0m [1;30mLevel 1[0m _identify(isaaclab_tasks/isaaclab_tasks/manager_based/locomotion/velocity/config/spot/agents) by extension 'colcon_meta'
[0.261s] [34mcolcon.colcon_core.package_identification[0m [1;30mLevel 1[0m _identify(isaaclab_tasks/isaaclab_tasks/manager_based/locomotion/velocity/config/spot/agents) by extensions ['ros']
[0.261s] [34mcolcon.colcon_core.package_identification[0m [1;30mLevel 1[0m _identify(isaaclab_tasks/isaaclab_tasks/manager_based/locomotion/velocity/config/spot/agents) by extension 'ros'
[0.261s] [34mcolcon.colcon_core.package_identification[0m [1;30mLevel 1[0m _identify(isaaclab_tasks/isaaclab_tasks/manager_based/locomotion/velocity/config/spot/agents) by extensions ['cmake', 'python']
[0.261s] [34mcolcon.colcon_core.package_identification[0m [1;30mLevel 1[0m _identify(isaaclab_tasks/isaaclab_tasks/manager_based/locomotion/velocity/config/spot/agents) by extension 'cmake'
[0.261s] [34mcolcon.colcon_core.package_identification[0m [1;30mLevel 1[0m _identify(isaaclab_tasks/isaaclab_tasks/manager_based/locomotion/velocity/config/spot/agents) by extension 'python'
[0.261s] [34mcolcon.colcon_core.package_identification[0m [1;30mLevel 1[0m _identify(isaaclab_tasks/isaaclab_tasks/manager_based/locomotion/velocity/config/spot/agents) by extensions ['python_setup_py']
[0.261s] [34mcolcon.colcon_core.package_identification[0m [1;30mLevel 1[0m _identify(isaaclab_tasks/isaaclab_tasks/manager_based/locomotion/velocity/config/spot/agents) by extension 'python_setup_py'
[0.261s] [34mcolcon.colcon_core.package_identification[0m [1;30mLevel 1[0m _identify(isaaclab_tasks/isaaclab_tasks/manager_based/locomotion/velocity/config/spot/agents/__pycache__) by extensions ['ignore', 'ignore_ament_install']
[0.261s] [34mcolcon.colcon_core.package_identification[0m [1;30mLevel 1[0m _identify(isaaclab_tasks/isaaclab_tasks/manager_based/locomotion/velocity/config/spot/agents/__pycache__) by extension 'ignore'
[0.261s] [34mcolcon.colcon_core.package_identification[0m [1;30mLevel 1[0m _identify(isaaclab_tasks/isaaclab_tasks/manager_based/locomotion/velocity/config/spot/agents/__pycache__) by extension 'ignore_ament_install'
[0.261s] [34mcolcon.colcon_core.package_identification[0m [1;30mLevel 1[0m _identify(isaaclab_tasks/isaaclab_tasks/manager_based/locomotion/velocity/config/spot/agents/__pycache__) by extensions ['colcon_pkg']
[0.261s] [34mcolcon.colcon_core.package_identification[0m [1;30mLevel 1[0m _identify(isaaclab_tasks/isaaclab_tasks/manager_based/locomotion/velocity/config/spot/agents/__pycache__) by extension 'colcon_pkg'
[0.261s] [34mcolcon.colcon_core.package_identification[0m [1;30mLevel 1[0m _identify(isaaclab_tasks/isaaclab_tasks/manager_based/locomotion/velocity/config/spot/agents/__pycache__) by extensions ['colcon_meta']
[0.261s] [34mcolcon.colcon_core.package_identification[0m [1;30mLevel 1[0m _identify(isaaclab_tasks/isaaclab_tasks/manager_based/locomotion/velocity/config/spot/agents/__pycache__) by extension 'colcon_meta'
[0.261s] [34mcolcon.colcon_core.package_identification[0m [1;30mLevel 1[0m _identify(isaaclab_tasks/isaaclab_tasks/manager_based/locomotion/velocity/config/spot/agents/__pycache__) by extensions ['ros']
[0.261s] [34mcolcon.colcon_core.package_identification[0m [1;30mLevel 1[0m _identify(isaaclab_tasks/isaaclab_tasks/manager_based/locomotion/velocity/config/spot/agents/__pycache__) by extension 'ros'
[0.261s] [34mcolcon.colcon_core.package_identification[0m [1;30mLevel 1[0m _identify(isaaclab_tasks/isaaclab_tasks/manager_based/locomotion/velocity/config/spot/agents/__pycache__) by extensions ['cmake', 'python']
[0.261s] [34mcolcon.colcon_core.package_identification[0m [1;30mLevel 1[0m _identify(isaaclab_tasks/isaaclab_tasks/manager_based/locomotion/velocity/config/spot/agents/__pycache__) by extension 'cmake'
[0.261s] [34mcolcon.colcon_core.package_identification[0m [1;30mLevel 1[0m _identify(isaaclab_tasks/isaaclab_tasks/manager_based/locomotion/velocity/config/spot/agents/__pycache__) by extension 'python'
[0.261s] [34mcolcon.colcon_core.package_identification[0m [1;30mLevel 1[0m _identify(isaaclab_tasks/isaaclab_tasks/manager_based/locomotion/velocity/config/spot/agents/__pycache__) by extensions ['python_setup_py']
[0.261s] [34mcolcon.colcon_core.package_identification[0m [1;30mLevel 1[0m _identify(isaaclab_tasks/isaaclab_tasks/manager_based/locomotion/velocity/config/spot/agents/__pycache__) by extension 'python_setup_py'
[0.261s] [34mcolcon.colcon_core.package_identification[0m [1;30mLevel 1[0m _identify(isaaclab_tasks/isaaclab_tasks/manager_based/locomotion/velocity/config/spot/mdp) by extensions ['ignore', 'ignore_ament_install']
[0.261s] [34mcolcon.colcon_core.package_identification[0m [1;30mLevel 1[0m _identify(isaaclab_tasks/isaaclab_tasks/manager_based/locomotion/velocity/config/spot/mdp) by extension 'ignore'
[0.261s] [34mcolcon.colcon_core.package_identification[0m [1;30mLevel 1[0m _identify(isaaclab_tasks/isaaclab_tasks/manager_based/locomotion/velocity/config/spot/mdp) by extension 'ignore_ament_install'
[0.261s] [34mcolcon.colcon_core.package_identification[0m [1;30mLevel 1[0m _identify(isaaclab_tasks/isaaclab_tasks/manager_based/locomotion/velocity/config/spot/mdp) by extensions ['colcon_pkg']
[0.261s] [34mcolcon.colcon_core.package_identification[0m [1;30mLevel 1[0m _identify(isaaclab_tasks/isaaclab_tasks/manager_based/locomotion/velocity/config/spot/mdp) by extension 'colcon_pkg'
[0.261s] [34mcolcon.colcon_core.package_identification[0m [1;30mLevel 1[0m _identify(isaaclab_tasks/isaaclab_tasks/manager_based/locomotion/velocity/config/spot/mdp) by extensions ['colcon_meta']
[0.261s] [34mcolcon.colcon_core.package_identification[0m [1;30mLevel 1[0m _identify(isaaclab_tasks/isaaclab_tasks/manager_based/locomotion/velocity/config/spot/mdp) by extension 'colcon_meta'
[0.261s] [34mcolcon.colcon_core.package_identification[0m [1;30mLevel 1[0m _identify(isaaclab_tasks/isaaclab_tasks/manager_based/locomotion/velocity/config/spot/mdp) by extensions ['ros']
[0.261s] [34mcolcon.colcon_core.package_identification[0m [1;30mLevel 1[0m _identify(isaaclab_tasks/isaaclab_tasks/manager_based/locomotion/velocity/config/spot/mdp) by extension 'ros'
[0.261s] [34mcolcon.colcon_core.package_identification[0m [1;30mLevel 1[0m _identify(isaaclab_tasks/isaaclab_tasks/manager_based/locomotion/velocity/config/spot/mdp) by extensions ['cmake', 'python']
[0.261s] [34mcolcon.colcon_core.package_identification[0m [1;30mLevel 1[0m _identify(isaaclab_tasks/isaaclab_tasks/manager_based/locomotion/velocity/config/spot/mdp) by extension 'cmake'
[0.262s] [34mcolcon.colcon_core.package_identification[0m [1;30mLevel 1[0m _identify(isaaclab_tasks/isaaclab_tasks/manager_based/locomotion/velocity/config/spot/mdp) by extension 'python'
[0.262s] [34mcolcon.colcon_core.package_identification[0m [1;30mLevel 1[0m _identify(isaaclab_tasks/isaaclab_tasks/manager_based/locomotion/velocity/config/spot/mdp) by extensions ['python_setup_py']
[0.262s] [34mcolcon.colcon_core.package_identification[0m [1;30mLevel 1[0m _identify(isaaclab_tasks/isaaclab_tasks/manager_based/locomotion/velocity/config/spot/mdp) by extension 'python_setup_py'
[0.262s] [34mcolcon.colcon_core.package_identification[0m [1;30mLevel 1[0m _identify(isaaclab_tasks/isaaclab_tasks/manager_based/locomotion/velocity/mdp) by extensions ['ignore', 'ignore_ament_install']
[0.262s] [34mcolcon.colcon_core.package_identification[0m [1;30mLevel 1[0m _identify(isaaclab_tasks/isaaclab_tasks/manager_based/locomotion/velocity/mdp) by extension 'ignore'
[0.262s] [34mcolcon.colcon_core.package_identification[0m [1;30mLevel 1[0m _identify(isaaclab_tasks/isaaclab_tasks/manager_based/locomotion/velocity/mdp) by extension 'ignore_ament_install'
[0.262s] [34mcolcon.colcon_core.package_identification[0m [1;30mLevel 1[0m _identify(isaaclab_tasks/isaaclab_tasks/manager_based/locomotion/velocity/mdp) by extensions ['colcon_pkg']
[0.262s] [34mcolcon.colcon_core.package_identification[0m [1;30mLevel 1[0m _identify(isaaclab_tasks/isaaclab_tasks/manager_based/locomotion/velocity/mdp) by extension 'colcon_pkg'
[0.262s] [34mcolcon.colcon_core.package_identification[0m [1;30mLevel 1[0m _identify(isaaclab_tasks/isaaclab_tasks/manager_based/locomotion/velocity/mdp) by extensions ['colcon_meta']
[0.262s] [34mcolcon.colcon_core.package_identification[0m [1;30mLevel 1[0m _identify(isaaclab_tasks/isaaclab_tasks/manager_based/locomotion/velocity/mdp) by extension 'colcon_meta'
[0.262s] [34mcolcon.colcon_core.package_identification[0m [1;30mLevel 1[0m _identify(isaaclab_tasks/isaaclab_tasks/manager_based/locomotion/velocity/mdp) by extensions ['ros']
[0.262s] [34mcolcon.colcon_core.package_identification[0m [1;30mLevel 1[0m _identify(isaaclab_tasks/isaaclab_tasks/manager_based/locomotion/velocity/mdp) by extension 'ros'
[0.262s] [34mcolcon.colcon_core.package_identification[0m [1;30mLevel 1[0m _identify(isaaclab_tasks/isaaclab_tasks/manager_based/locomotion/velocity/mdp) by extensions ['cmake', 'python']
[0.262s] [34mcolcon.colcon_core.package_identification[0m [1;30mLevel 1[0m _identify(isaaclab_tasks/isaaclab_tasks/manager_based/locomotion/velocity/mdp) by extension 'cmake'
[0.262s] [34mcolcon.colcon_core.package_identification[0m [1;30mLevel 1[0m _identify(isaaclab_tasks/isaaclab_tasks/manager_based/locomotion/velocity/mdp) by extension 'python'
[0.262s] [34mcolcon.colcon_core.package_identification[0m [1;30mLevel 1[0m _identify(isaaclab_tasks/isaaclab_tasks/manager_based/locomotion/velocity/mdp) by extensions ['python_setup_py']
[0.262s] [34mcolcon.colcon_core.package_identification[0m [1;30mLevel 1[0m _identify(isaaclab_tasks/isaaclab_tasks/manager_based/locomotion/velocity/mdp) by extension 'python_setup_py'
[0.262s] [34mcolcon.colcon_core.package_identification[0m [1;30mLevel 1[0m _identify(isaaclab_tasks/isaaclab_tasks/manager_based/locomotion/velocity/mdp/symmetry) by extensions ['ignore', 'ignore_ament_install']
[0.262s] [34mcolcon.colcon_core.package_identification[0m [1;30mLevel 1[0m _identify(isaaclab_tasks/isaaclab_tasks/manager_based/locomotion/velocity/mdp/symmetry) by extension 'ignore'
[0.262s] [34mcolcon.colcon_core.package_identification[0m [1;30mLevel 1[0m _identify(isaaclab_tasks/isaaclab_tasks/manager_based/locomotion/velocity/mdp/symmetry) by extension 'ignore_ament_install'
[0.262s] [34mcolcon.colcon_core.package_identification[0m [1;30mLevel 1[0m _identify(isaaclab_tasks/isaaclab_tasks/manager_based/locomotion/velocity/mdp/symmetry) by extensions ['colcon_pkg']
[0.262s] [34mcolcon.colcon_core.package_identification[0m [1;30mLevel 1[0m _identify(isaaclab_tasks/isaaclab_tasks/manager_based/locomotion/velocity/mdp/symmetry) by extension 'colcon_pkg'
[0.262s] [34mcolcon.colcon_core.package_identification[0m [1;30mLevel 1[0m _identify(isaaclab_tasks/isaaclab_tasks/manager_based/locomotion/velocity/mdp/symmetry) by extensions ['colcon_meta']
[0.262s] [34mcolcon.colcon_core.package_identification[0m [1;30mLevel 1[0m _identify(isaaclab_tasks/isaaclab_tasks/manager_based/locomotion/velocity/mdp/symmetry) by extension 'colcon_meta'
[0.262s] [34mcolcon.colcon_core.package_identification[0m [1;30mLevel 1[0m _identify(isaaclab_tasks/isaaclab_tasks/manager_based/locomotion/velocity/mdp/symmetry) by extensions ['ros']
[0.262s] [34mcolcon.colcon_core.package_identification[0m [1;30mLevel 1[0m _identify(isaaclab_tasks/isaaclab_tasks/manager_based/locomotion/velocity/mdp/symmetry) by extension 'ros'
[0.262s] [34mcolcon.colcon_core.package_identification[0m [1;30mLevel 1[0m _identify(isaaclab_tasks/isaaclab_tasks/manager_based/locomotion/velocity/mdp/symmetry) by extensions ['cmake', 'python']
[0.262s] [34mcolcon.colcon_core.package_identification[0m [1;30mLevel 1[0m _identify(isaaclab_tasks/isaaclab_tasks/manager_based/locomotion/velocity/mdp/symmetry) by extension 'cmake'
[0.262s] [34mcolcon.colcon_core.package_identification[0m [1;30mLevel 1[0m _identify(isaaclab_tasks/isaaclab_tasks/manager_based/locomotion/velocity/mdp/symmetry) by extension 'python'
[0.262s] [34mcolcon.colcon_core.package_identification[0m [1;30mLevel 1[0m _identify(isaaclab_tasks/isaaclab_tasks/manager_based/locomotion/velocity/mdp/symmetry) by extensions ['python_setup_py']
[0.262s] [34mcolcon.colcon_core.package_identification[0m [1;30mLevel 1[0m _identify(isaaclab_tasks/isaaclab_tasks/manager_based/locomotion/velocity/mdp/symmetry) by extension 'python_setup_py'
[0.262s] [34mcolcon.colcon_core.package_identification[0m [1;30mLevel 1[0m _identify(isaaclab_tasks/isaaclab_tasks/manager_based/manipulation) by extensions ['ignore', 'ignore_ament_install']
[0.262s] [34mcolcon.colcon_core.package_identification[0m [1;30mLevel 1[0m _identify(isaaclab_tasks/isaaclab_tasks/manager_based/manipulation) by extension 'ignore'
[0.262s] [34mcolcon.colcon_core.package_identification[0m [1;30mLevel 1[0m _identify(isaaclab_tasks/isaaclab_tasks/manager_based/manipulation) by extension 'ignore_ament_install'
[0.262s] [34mcolcon.colcon_core.package_identification[0m [1;30mLevel 1[0m _identify(isaaclab_tasks/isaaclab_tasks/manager_based/manipulation) by extensions ['colcon_pkg']
[0.262s] [34mcolcon.colcon_core.package_identification[0m [1;30mLevel 1[0m _identify(isaaclab_tasks/isaaclab_tasks/manager_based/manipulation) by extension 'colcon_pkg'
[0.262s] [34mcolcon.colcon_core.package_identification[0m [1;30mLevel 1[0m _identify(isaaclab_tasks/isaaclab_tasks/manager_based/manipulation) by extensions ['colcon_meta']
[0.262s] [34mcolcon.colcon_core.package_identification[0m [1;30mLevel 1[0m _identify(isaaclab_tasks/isaaclab_tasks/manager_based/manipulation) by extension 'colcon_meta'
[0.262s] [34mcolcon.colcon_core.package_identification[0m [1;30mLevel 1[0m _identify(isaaclab_tasks/isaaclab_tasks/manager_based/manipulation) by extensions ['ros']
[0.262s] [34mcolcon.colcon_core.package_identification[0m [1;30mLevel 1[0m _identify(isaaclab_tasks/isaaclab_tasks/manager_based/manipulation) by extension 'ros'
[0.262s] [34mcolcon.colcon_core.package_identification[0m [1;30mLevel 1[0m _identify(isaaclab_tasks/isaaclab_tasks/manager_based/manipulation) by extensions ['cmake', 'python']
[0.262s] [34mcolcon.colcon_core.package_identification[0m [1;30mLevel 1[0m _identify(isaaclab_tasks/isaaclab_tasks/manager_based/manipulation) by extension 'cmake'
[0.262s] [34mcolcon.colcon_core.package_identification[0m [1;30mLevel 1[0m _identify(isaaclab_tasks/isaaclab_tasks/manager_based/manipulation) by extension 'python'
[0.262s] [34mcolcon.colcon_core.package_identification[0m [1;30mLevel 1[0m _identify(isaaclab_tasks/isaaclab_tasks/manager_based/manipulation) by extensions ['python_setup_py']
[0.262s] [34mcolcon.colcon_core.package_identification[0m [1;30mLevel 1[0m _identify(isaaclab_tasks/isaaclab_tasks/manager_based/manipulation) by extension 'python_setup_py'
[0.262s] [34mcolcon.colcon_core.package_identification[0m [1;30mLevel 1[0m _identify(isaaclab_tasks/isaaclab_tasks/manager_based/manipulation/__pycache__) by extensions ['ignore', 'ignore_ament_install']
[0.262s] [34mcolcon.colcon_core.package_identification[0m [1;30mLevel 1[0m _identify(isaaclab_tasks/isaaclab_tasks/manager_based/manipulation/__pycache__) by extension 'ignore'
[0.262s] [34mcolcon.colcon_core.package_identification[0m [1;30mLevel 1[0m _identify(isaaclab_tasks/isaaclab_tasks/manager_based/manipulation/__pycache__) by extension 'ignore_ament_install'
[0.262s] [34mcolcon.colcon_core.package_identification[0m [1;30mLevel 1[0m _identify(isaaclab_tasks/isaaclab_tasks/manager_based/manipulation/__pycache__) by extensions ['colcon_pkg']
[0.262s] [34mcolcon.colcon_core.package_identification[0m [1;30mLevel 1[0m _identify(isaaclab_tasks/isaaclab_tasks/manager_based/manipulation/__pycache__) by extension 'colcon_pkg'
[0.263s] [34mcolcon.colcon_core.package_identification[0m [1;30mLevel 1[0m _identify(isaaclab_tasks/isaaclab_tasks/manager_based/manipulation/__pycache__) by extensions ['colcon_meta']
[0.263s] [34mcolcon.colcon_core.package_identification[0m [1;30mLevel 1[0m _identify(isaaclab_tasks/isaaclab_tasks/manager_based/manipulation/__pycache__) by extension 'colcon_meta'
[0.263s] [34mcolcon.colcon_core.package_identification[0m [1;30mLevel 1[0m _identify(isaaclab_tasks/isaaclab_tasks/manager_based/manipulation/__pycache__) by extensions ['ros']
[0.263s] [34mcolcon.colcon_core.package_identification[0m [1;30mLevel 1[0m _identify(isaaclab_tasks/isaaclab_tasks/manager_based/manipulation/__pycache__) by extension 'ros'
[0.263s] [34mcolcon.colcon_core.package_identification[0m [1;30mLevel 1[0m _identify(isaaclab_tasks/isaaclab_tasks/manager_based/manipulation/__pycache__) by extensions ['cmake', 'python']
[0.263s] [34mcolcon.colcon_core.package_identification[0m [1;30mLevel 1[0m _identify(isaaclab_tasks/isaaclab_tasks/manager_based/manipulation/__pycache__) by extension 'cmake'
[0.263s] [34mcolcon.colcon_core.package_identification[0m [1;30mLevel 1[0m _identify(isaaclab_tasks/isaaclab_tasks/manager_based/manipulation/__pycache__) by extension 'python'
[0.263s] [34mcolcon.colcon_core.package_identification[0m [1;30mLevel 1[0m _identify(isaaclab_tasks/isaaclab_tasks/manager_based/manipulation/__pycache__) by extensions ['python_setup_py']
[0.263s] [34mcolcon.colcon_core.package_identification[0m [1;30mLevel 1[0m _identify(isaaclab_tasks/isaaclab_tasks/manager_based/manipulation/__pycache__) by extension 'python_setup_py'
[0.263s] [34mcolcon.colcon_core.package_identification[0m [1;30mLevel 1[0m _identify(isaaclab_tasks/isaaclab_tasks/manager_based/manipulation/cabinet) by extensions ['ignore', 'ignore_ament_install']
[0.263s] [34mcolcon.colcon_core.package_identification[0m [1;30mLevel 1[0m _identify(isaaclab_tasks/isaaclab_tasks/manager_based/manipulation/cabinet) by extension 'ignore'
[0.263s] [34mcolcon.colcon_core.package_identification[0m [1;30mLevel 1[0m _identify(isaaclab_tasks/isaaclab_tasks/manager_based/manipulation/cabinet) by extension 'ignore_ament_install'
[0.263s] [34mcolcon.colcon_core.package_identification[0m [1;30mLevel 1[0m _identify(isaaclab_tasks/isaaclab_tasks/manager_based/manipulation/cabinet) by extensions ['colcon_pkg']
[0.263s] [34mcolcon.colcon_core.package_identification[0m [1;30mLevel 1[0m _identify(isaaclab_tasks/isaaclab_tasks/manager_based/manipulation/cabinet) by extension 'colcon_pkg'
[0.263s] [34mcolcon.colcon_core.package_identification[0m [1;30mLevel 1[0m _identify(isaaclab_tasks/isaaclab_tasks/manager_based/manipulation/cabinet) by extensions ['colcon_meta']
[0.263s] [34mcolcon.colcon_core.package_identification[0m [1;30mLevel 1[0m _identify(isaaclab_tasks/isaaclab_tasks/manager_based/manipulation/cabinet) by extension 'colcon_meta'
[0.263s] [34mcolcon.colcon_core.package_identification[0m [1;30mLevel 1[0m _identify(isaaclab_tasks/isaaclab_tasks/manager_based/manipulation/cabinet) by extensions ['ros']
[0.263s] [34mcolcon.colcon_core.package_identification[0m [1;30mLevel 1[0m _identify(isaaclab_tasks/isaaclab_tasks/manager_based/manipulation/cabinet) by extension 'ros'
[0.263s] [34mcolcon.colcon_core.package_identification[0m [1;30mLevel 1[0m _identify(isaaclab_tasks/isaaclab_tasks/manager_based/manipulation/cabinet) by extensions ['cmake', 'python']
[0.263s] [34mcolcon.colcon_core.package_identification[0m [1;30mLevel 1[0m _identify(isaaclab_tasks/isaaclab_tasks/manager_based/manipulation/cabinet) by extension 'cmake'
[0.263s] [34mcolcon.colcon_core.package_identification[0m [1;30mLevel 1[0m _identify(isaaclab_tasks/isaaclab_tasks/manager_based/manipulation/cabinet) by extension 'python'
[0.263s] [34mcolcon.colcon_core.package_identification[0m [1;30mLevel 1[0m _identify(isaaclab_tasks/isaaclab_tasks/manager_based/manipulation/cabinet) by extensions ['python_setup_py']
[0.263s] [34mcolcon.colcon_core.package_identification[0m [1;30mLevel 1[0m _identify(isaaclab_tasks/isaaclab_tasks/manager_based/manipulation/cabinet) by extension 'python_setup_py'
[0.263s] [34mcolcon.colcon_core.package_identification[0m [1;30mLevel 1[0m _identify(isaaclab_tasks/isaaclab_tasks/manager_based/manipulation/cabinet/__pycache__) by extensions ['ignore', 'ignore_ament_install']
[0.263s] [34mcolcon.colcon_core.package_identification[0m [1;30mLevel 1[0m _identify(isaaclab_tasks/isaaclab_tasks/manager_based/manipulation/cabinet/__pycache__) by extension 'ignore'
[0.263s] [34mcolcon.colcon_core.package_identification[0m [1;30mLevel 1[0m _identify(isaaclab_tasks/isaaclab_tasks/manager_based/manipulation/cabinet/__pycache__) by extension 'ignore_ament_install'
[0.263s] [34mcolcon.colcon_core.package_identification[0m [1;30mLevel 1[0m _identify(isaaclab_tasks/isaaclab_tasks/manager_based/manipulation/cabinet/__pycache__) by extensions ['colcon_pkg']
[0.263s] [34mcolcon.colcon_core.package_identification[0m [1;30mLevel 1[0m _identify(isaaclab_tasks/isaaclab_tasks/manager_based/manipulation/cabinet/__pycache__) by extension 'colcon_pkg'
[0.263s] [34mcolcon.colcon_core.package_identification[0m [1;30mLevel 1[0m _identify(isaaclab_tasks/isaaclab_tasks/manager_based/manipulation/cabinet/__pycache__) by extensions ['colcon_meta']
[0.263s] [34mcolcon.colcon_core.package_identification[0m [1;30mLevel 1[0m _identify(isaaclab_tasks/isaaclab_tasks/manager_based/manipulation/cabinet/__pycache__) by extension 'colcon_meta'
[0.263s] [34mcolcon.colcon_core.package_identification[0m [1;30mLevel 1[0m _identify(isaaclab_tasks/isaaclab_tasks/manager_based/manipulation/cabinet/__pycache__) by extensions ['ros']
[0.263s] [34mcolcon.colcon_core.package_identification[0m [1;30mLevel 1[0m _identify(isaaclab_tasks/isaaclab_tasks/manager_based/manipulation/cabinet/__pycache__) by extension 'ros'
[0.263s] [34mcolcon.colcon_core.package_identification[0m [1;30mLevel 1[0m _identify(isaaclab_tasks/isaaclab_tasks/manager_based/manipulation/cabinet/__pycache__) by extensions ['cmake', 'python']
[0.263s] [34mcolcon.colcon_core.package_identification[0m [1;30mLevel 1[0m _identify(isaaclab_tasks/isaaclab_tasks/manager_based/manipulation/cabinet/__pycache__) by extension 'cmake'
[0.263s] [34mcolcon.colcon_core.package_identification[0m [1;30mLevel 1[0m _identify(isaaclab_tasks/isaaclab_tasks/manager_based/manipulation/cabinet/__pycache__) by extension 'python'
[0.263s] [34mcolcon.colcon_core.package_identification[0m [1;30mLevel 1[0m _identify(isaaclab_tasks/isaaclab_tasks/manager_based/manipulation/cabinet/__pycache__) by extensions ['python_setup_py']
[0.263s] [34mcolcon.colcon_core.package_identification[0m [1;30mLevel 1[0m _identify(isaaclab_tasks/isaaclab_tasks/manager_based/manipulation/cabinet/__pycache__) by extension 'python_setup_py'
[0.263s] [34mcolcon.colcon_core.package_identification[0m [1;30mLevel 1[0m _identify(isaaclab_tasks/isaaclab_tasks/manager_based/manipulation/cabinet/config) by extensions ['ignore', 'ignore_ament_install']
[0.263s] [34mcolcon.colcon_core.package_identification[0m [1;30mLevel 1[0m _identify(isaaclab_tasks/isaaclab_tasks/manager_based/manipulation/cabinet/config) by extension 'ignore'
[0.263s] [34mcolcon.colcon_core.package_identification[0m [1;30mLevel 1[0m _identify(isaaclab_tasks/isaaclab_tasks/manager_based/manipulation/cabinet/config) by extension 'ignore_ament_install'
[0.263s] [34mcolcon.colcon_core.package_identification[0m [1;30mLevel 1[0m _identify(isaaclab_tasks/isaaclab_tasks/manager_based/manipulation/cabinet/config) by extensions ['colcon_pkg']
[0.263s] [34mcolcon.colcon_core.package_identification[0m [1;30mLevel 1[0m _identify(isaaclab_tasks/isaaclab_tasks/manager_based/manipulation/cabinet/config) by extension 'colcon_pkg'
[0.263s] [34mcolcon.colcon_core.package_identification[0m [1;30mLevel 1[0m _identify(isaaclab_tasks/isaaclab_tasks/manager_based/manipulation/cabinet/config) by extensions ['colcon_meta']
[0.263s] [34mcolcon.colcon_core.package_identification[0m [1;30mLevel 1[0m _identify(isaaclab_tasks/isaaclab_tasks/manager_based/manipulation/cabinet/config) by extension 'colcon_meta'
[0.263s] [34mcolcon.colcon_core.package_identification[0m [1;30mLevel 1[0m _identify(isaaclab_tasks/isaaclab_tasks/manager_based/manipulation/cabinet/config) by extensions ['ros']
[0.263s] [34mcolcon.colcon_core.package_identification[0m [1;30mLevel 1[0m _identify(isaaclab_tasks/isaaclab_tasks/manager_based/manipulation/cabinet/config) by extension 'ros'
[0.263s] [34mcolcon.colcon_core.package_identification[0m [1;30mLevel 1[0m _identify(isaaclab_tasks/isaaclab_tasks/manager_based/manipulation/cabinet/config) by extensions ['cmake', 'python']
[0.263s] [34mcolcon.colcon_core.package_identification[0m [1;30mLevel 1[0m _identify(isaaclab_tasks/isaaclab_tasks/manager_based/manipulation/cabinet/config) by extension 'cmake'
[0.263s] [34mcolcon.colcon_core.package_identification[0m [1;30mLevel 1[0m _identify(isaaclab_tasks/isaaclab_tasks/manager_based/manipulation/cabinet/config) by extension 'python'
[0.263s] [34mcolcon.colcon_core.package_identification[0m [1;30mLevel 1[0m _identify(isaaclab_tasks/isaaclab_tasks/manager_based/manipulation/cabinet/config) by extensions ['python_setup_py']
[0.263s] [34mcolcon.colcon_core.package_identification[0m [1;30mLevel 1[0m _identify(isaaclab_tasks/isaaclab_tasks/manager_based/manipulation/cabinet/config) by extension 'python_setup_py'
[0.263s] [34mcolcon.colcon_core.package_identification[0m [1;30mLevel 1[0m _identify(isaaclab_tasks/isaaclab_tasks/manager_based/manipulation/cabinet/config/__pycache__) by extensions ['ignore', 'ignore_ament_install']
[0.264s] [34mcolcon.colcon_core.package_identification[0m [1;30mLevel 1[0m _identify(isaaclab_tasks/isaaclab_tasks/manager_based/manipulation/cabinet/config/__pycache__) by extension 'ignore'
[0.264s] [34mcolcon.colcon_core.package_identification[0m [1;30mLevel 1[0m _identify(isaaclab_tasks/isaaclab_tasks/manager_based/manipulation/cabinet/config/__pycache__) by extension 'ignore_ament_install'
[0.264s] [34mcolcon.colcon_core.package_identification[0m [1;30mLevel 1[0m _identify(isaaclab_tasks/isaaclab_tasks/manager_based/manipulation/cabinet/config/__pycache__) by extensions ['colcon_pkg']
[0.264s] [34mcolcon.colcon_core.package_identification[0m [1;30mLevel 1[0m _identify(isaaclab_tasks/isaaclab_tasks/manager_based/manipulation/cabinet/config/__pycache__) by extension 'colcon_pkg'
[0.264s] [34mcolcon.colcon_core.package_identification[0m [1;30mLevel 1[0m _identify(isaaclab_tasks/isaaclab_tasks/manager_based/manipulation/cabinet/config/__pycache__) by extensions ['colcon_meta']
[0.264s] [34mcolcon.colcon_core.package_identification[0m [1;30mLevel 1[0m _identify(isaaclab_tasks/isaaclab_tasks/manager_based/manipulation/cabinet/config/__pycache__) by extension 'colcon_meta'
[0.264s] [34mcolcon.colcon_core.package_identification[0m [1;30mLevel 1[0m _identify(isaaclab_tasks/isaaclab_tasks/manager_based/manipulation/cabinet/config/__pycache__) by extensions ['ros']
[0.264s] [34mcolcon.colcon_core.package_identification[0m [1;30mLevel 1[0m _identify(isaaclab_tasks/isaaclab_tasks/manager_based/manipulation/cabinet/config/__pycache__) by extension 'ros'
[0.264s] [34mcolcon.colcon_core.package_identification[0m [1;30mLevel 1[0m _identify(isaaclab_tasks/isaaclab_tasks/manager_based/manipulation/cabinet/config/__pycache__) by extensions ['cmake', 'python']
[0.264s] [34mcolcon.colcon_core.package_identification[0m [1;30mLevel 1[0m _identify(isaaclab_tasks/isaaclab_tasks/manager_based/manipulation/cabinet/config/__pycache__) by extension 'cmake'
[0.264s] [34mcolcon.colcon_core.package_identification[0m [1;30mLevel 1[0m _identify(isaaclab_tasks/isaaclab_tasks/manager_based/manipulation/cabinet/config/__pycache__) by extension 'python'
[0.264s] [34mcolcon.colcon_core.package_identification[0m [1;30mLevel 1[0m _identify(isaaclab_tasks/isaaclab_tasks/manager_based/manipulation/cabinet/config/__pycache__) by extensions ['python_setup_py']
[0.264s] [34mcolcon.colcon_core.package_identification[0m [1;30mLevel 1[0m _identify(isaaclab_tasks/isaaclab_tasks/manager_based/manipulation/cabinet/config/__pycache__) by extension 'python_setup_py'
[0.264s] [34mcolcon.colcon_core.package_identification[0m [1;30mLevel 1[0m _identify(isaaclab_tasks/isaaclab_tasks/manager_based/manipulation/cabinet/config/franka) by extensions ['ignore', 'ignore_ament_install']
[0.264s] [34mcolcon.colcon_core.package_identification[0m [1;30mLevel 1[0m _identify(isaaclab_tasks/isaaclab_tasks/manager_based/manipulation/cabinet/config/franka) by extension 'ignore'
[0.264s] [34mcolcon.colcon_core.package_identification[0m [1;30mLevel 1[0m _identify(isaaclab_tasks/isaaclab_tasks/manager_based/manipulation/cabinet/config/franka) by extension 'ignore_ament_install'
[0.264s] [34mcolcon.colcon_core.package_identification[0m [1;30mLevel 1[0m _identify(isaaclab_tasks/isaaclab_tasks/manager_based/manipulation/cabinet/config/franka) by extensions ['colcon_pkg']
[0.264s] [34mcolcon.colcon_core.package_identification[0m [1;30mLevel 1[0m _identify(isaaclab_tasks/isaaclab_tasks/manager_based/manipulation/cabinet/config/franka) by extension 'colcon_pkg'
[0.264s] [34mcolcon.colcon_core.package_identification[0m [1;30mLevel 1[0m _identify(isaaclab_tasks/isaaclab_tasks/manager_based/manipulation/cabinet/config/franka) by extensions ['colcon_meta']
[0.264s] [34mcolcon.colcon_core.package_identification[0m [1;30mLevel 1[0m _identify(isaaclab_tasks/isaaclab_tasks/manager_based/manipulation/cabinet/config/franka) by extension 'colcon_meta'
[0.264s] [34mcolcon.colcon_core.package_identification[0m [1;30mLevel 1[0m _identify(isaaclab_tasks/isaaclab_tasks/manager_based/manipulation/cabinet/config/franka) by extensions ['ros']
[0.264s] [34mcolcon.colcon_core.package_identification[0m [1;30mLevel 1[0m _identify(isaaclab_tasks/isaaclab_tasks/manager_based/manipulation/cabinet/config/franka) by extension 'ros'
[0.264s] [34mcolcon.colcon_core.package_identification[0m [1;30mLevel 1[0m _identify(isaaclab_tasks/isaaclab_tasks/manager_based/manipulation/cabinet/config/franka) by extensions ['cmake', 'python']
[0.264s] [34mcolcon.colcon_core.package_identification[0m [1;30mLevel 1[0m _identify(isaaclab_tasks/isaaclab_tasks/manager_based/manipulation/cabinet/config/franka) by extension 'cmake'
[0.264s] [34mcolcon.colcon_core.package_identification[0m [1;30mLevel 1[0m _identify(isaaclab_tasks/isaaclab_tasks/manager_based/manipulation/cabinet/config/franka) by extension 'python'
[0.264s] [34mcolcon.colcon_core.package_identification[0m [1;30mLevel 1[0m _identify(isaaclab_tasks/isaaclab_tasks/manager_based/manipulation/cabinet/config/franka) by extensions ['python_setup_py']
[0.264s] [34mcolcon.colcon_core.package_identification[0m [1;30mLevel 1[0m _identify(isaaclab_tasks/isaaclab_tasks/manager_based/manipulation/cabinet/config/franka) by extension 'python_setup_py'
[0.264s] [34mcolcon.colcon_core.package_identification[0m [1;30mLevel 1[0m _identify(isaaclab_tasks/isaaclab_tasks/manager_based/manipulation/cabinet/config/franka/__pycache__) by extensions ['ignore', 'ignore_ament_install']
[0.264s] [34mcolcon.colcon_core.package_identification[0m [1;30mLevel 1[0m _identify(isaaclab_tasks/isaaclab_tasks/manager_based/manipulation/cabinet/config/franka/__pycache__) by extension 'ignore'
[0.264s] [34mcolcon.colcon_core.package_identification[0m [1;30mLevel 1[0m _identify(isaaclab_tasks/isaaclab_tasks/manager_based/manipulation/cabinet/config/franka/__pycache__) by extension 'ignore_ament_install'
[0.264s] [34mcolcon.colcon_core.package_identification[0m [1;30mLevel 1[0m _identify(isaaclab_tasks/isaaclab_tasks/manager_based/manipulation/cabinet/config/franka/__pycache__) by extensions ['colcon_pkg']
[0.264s] [34mcolcon.colcon_core.package_identification[0m [1;30mLevel 1[0m _identify(isaaclab_tasks/isaaclab_tasks/manager_based/manipulation/cabinet/config/franka/__pycache__) by extension 'colcon_pkg'
[0.264s] [34mcolcon.colcon_core.package_identification[0m [1;30mLevel 1[0m _identify(isaaclab_tasks/isaaclab_tasks/manager_based/manipulation/cabinet/config/franka/__pycache__) by extensions ['colcon_meta']
[0.264s] [34mcolcon.colcon_core.package_identification[0m [1;30mLevel 1[0m _identify(isaaclab_tasks/isaaclab_tasks/manager_based/manipulation/cabinet/config/franka/__pycache__) by extension 'colcon_meta'
[0.264s] [34mcolcon.colcon_core.package_identification[0m [1;30mLevel 1[0m _identify(isaaclab_tasks/isaaclab_tasks/manager_based/manipulation/cabinet/config/franka/__pycache__) by extensions ['ros']
[0.264s] [34mcolcon.colcon_core.package_identification[0m [1;30mLevel 1[0m _identify(isaaclab_tasks/isaaclab_tasks/manager_based/manipulation/cabinet/config/franka/__pycache__) by extension 'ros'
[0.264s] [34mcolcon.colcon_core.package_identification[0m [1;30mLevel 1[0m _identify(isaaclab_tasks/isaaclab_tasks/manager_based/manipulation/cabinet/config/franka/__pycache__) by extensions ['cmake', 'python']
[0.264s] [34mcolcon.colcon_core.package_identification[0m [1;30mLevel 1[0m _identify(isaaclab_tasks/isaaclab_tasks/manager_based/manipulation/cabinet/config/franka/__pycache__) by extension 'cmake'
[0.264s] [34mcolcon.colcon_core.package_identification[0m [1;30mLevel 1[0m _identify(isaaclab_tasks/isaaclab_tasks/manager_based/manipulation/cabinet/config/franka/__pycache__) by extension 'python'
[0.264s] [34mcolcon.colcon_core.package_identification[0m [1;30mLevel 1[0m _identify(isaaclab_tasks/isaaclab_tasks/manager_based/manipulation/cabinet/config/franka/__pycache__) by extensions ['python_setup_py']
[0.264s] [34mcolcon.colcon_core.package_identification[0m [1;30mLevel 1[0m _identify(isaaclab_tasks/isaaclab_tasks/manager_based/manipulation/cabinet/config/franka/__pycache__) by extension 'python_setup_py'
[0.264s] [34mcolcon.colcon_core.package_identification[0m [1;30mLevel 1[0m _identify(isaaclab_tasks/isaaclab_tasks/manager_based/manipulation/cabinet/config/franka/agents) by extensions ['ignore', 'ignore_ament_install']
[0.264s] [34mcolcon.colcon_core.package_identification[0m [1;30mLevel 1[0m _identify(isaaclab_tasks/isaaclab_tasks/manager_based/manipulation/cabinet/config/franka/agents) by extension 'ignore'
[0.264s] [34mcolcon.colcon_core.package_identification[0m [1;30mLevel 1[0m _identify(isaaclab_tasks/isaaclab_tasks/manager_based/manipulation/cabinet/config/franka/agents) by extension 'ignore_ament_install'
[0.264s] [34mcolcon.colcon_core.package_identification[0m [1;30mLevel 1[0m _identify(isaaclab_tasks/isaaclab_tasks/manager_based/manipulation/cabinet/config/franka/agents) by extensions ['colcon_pkg']
[0.264s] [34mcolcon.colcon_core.package_identification[0m [1;30mLevel 1[0m _identify(isaaclab_tasks/isaaclab_tasks/manager_based/manipulation/cabinet/config/franka/agents) by extension 'colcon_pkg'
[0.264s] [34mcolcon.colcon_core.package_identification[0m [1;30mLevel 1[0m _identify(isaaclab_tasks/isaaclab_tasks/manager_based/manipulation/cabinet/config/franka/agents) by extensions ['colcon_meta']
[0.264s] [34mcolcon.colcon_core.package_identification[0m [1;30mLevel 1[0m _identify(isaaclab_tasks/isaaclab_tasks/manager_based/manipulation/cabinet/config/franka/agents) by extension 'colcon_meta'
[0.264s] [34mcolcon.colcon_core.package_identification[0m [1;30mLevel 1[0m _identify(isaaclab_tasks/isaaclab_tasks/manager_based/manipulation/cabinet/config/franka/agents) by extensions ['ros']
[0.264s] [34mcolcon.colcon_core.package_identification[0m [1;30mLevel 1[0m _identify(isaaclab_tasks/isaaclab_tasks/manager_based/manipulation/cabinet/config/franka/agents) by extension 'ros'
[0.265s] [34mcolcon.colcon_core.package_identification[0m [1;30mLevel 1[0m _identify(isaaclab_tasks/isaaclab_tasks/manager_based/manipulation/cabinet/config/franka/agents) by extensions ['cmake', 'python']
[0.265s] [34mcolcon.colcon_core.package_identification[0m [1;30mLevel 1[0m _identify(isaaclab_tasks/isaaclab_tasks/manager_based/manipulation/cabinet/config/franka/agents) by extension 'cmake'
[0.265s] [34mcolcon.colcon_core.package_identification[0m [1;30mLevel 1[0m _identify(isaaclab_tasks/isaaclab_tasks/manager_based/manipulation/cabinet/config/franka/agents) by extension 'python'
[0.265s] [34mcolcon.colcon_core.package_identification[0m [1;30mLevel 1[0m _identify(isaaclab_tasks/isaaclab_tasks/manager_based/manipulation/cabinet/config/franka/agents) by extensions ['python_setup_py']
[0.265s] [34mcolcon.colcon_core.package_identification[0m [1;30mLevel 1[0m _identify(isaaclab_tasks/isaaclab_tasks/manager_based/manipulation/cabinet/config/franka/agents) by extension 'python_setup_py'
[0.265s] [34mcolcon.colcon_core.package_identification[0m [1;30mLevel 1[0m _identify(isaaclab_tasks/isaaclab_tasks/manager_based/manipulation/cabinet/config/franka/agents/__pycache__) by extensions ['ignore', 'ignore_ament_install']
[0.265s] [34mcolcon.colcon_core.package_identification[0m [1;30mLevel 1[0m _identify(isaaclab_tasks/isaaclab_tasks/manager_based/manipulation/cabinet/config/franka/agents/__pycache__) by extension 'ignore'
[0.265s] [34mcolcon.colcon_core.package_identification[0m [1;30mLevel 1[0m _identify(isaaclab_tasks/isaaclab_tasks/manager_based/manipulation/cabinet/config/franka/agents/__pycache__) by extension 'ignore_ament_install'
[0.265s] [34mcolcon.colcon_core.package_identification[0m [1;30mLevel 1[0m _identify(isaaclab_tasks/isaaclab_tasks/manager_based/manipulation/cabinet/config/franka/agents/__pycache__) by extensions ['colcon_pkg']
[0.265s] [34mcolcon.colcon_core.package_identification[0m [1;30mLevel 1[0m _identify(isaaclab_tasks/isaaclab_tasks/manager_based/manipulation/cabinet/config/franka/agents/__pycache__) by extension 'colcon_pkg'
[0.265s] [34mcolcon.colcon_core.package_identification[0m [1;30mLevel 1[0m _identify(isaaclab_tasks/isaaclab_tasks/manager_based/manipulation/cabinet/config/franka/agents/__pycache__) by extensions ['colcon_meta']
[0.265s] [34mcolcon.colcon_core.package_identification[0m [1;30mLevel 1[0m _identify(isaaclab_tasks/isaaclab_tasks/manager_based/manipulation/cabinet/config/franka/agents/__pycache__) by extension 'colcon_meta'
[0.265s] [34mcolcon.colcon_core.package_identification[0m [1;30mLevel 1[0m _identify(isaaclab_tasks/isaaclab_tasks/manager_based/manipulation/cabinet/config/franka/agents/__pycache__) by extensions ['ros']
[0.265s] [34mcolcon.colcon_core.package_identification[0m [1;30mLevel 1[0m _identify(isaaclab_tasks/isaaclab_tasks/manager_based/manipulation/cabinet/config/franka/agents/__pycache__) by extension 'ros'
[0.265s] [34mcolcon.colcon_core.package_identification[0m [1;30mLevel 1[0m _identify(isaaclab_tasks/isaaclab_tasks/manager_based/manipulation/cabinet/config/franka/agents/__pycache__) by extensions ['cmake', 'python']
[0.265s] [34mcolcon.colcon_core.package_identification[0m [1;30mLevel 1[0m _identify(isaaclab_tasks/isaaclab_tasks/manager_based/manipulation/cabinet/config/franka/agents/__pycache__) by extension 'cmake'
[0.265s] [34mcolcon.colcon_core.package_identification[0m [1;30mLevel 1[0m _identify(isaaclab_tasks/isaaclab_tasks/manager_based/manipulation/cabinet/config/franka/agents/__pycache__) by extension 'python'
[0.265s] [34mcolcon.colcon_core.package_identification[0m [1;30mLevel 1[0m _identify(isaaclab_tasks/isaaclab_tasks/manager_based/manipulation/cabinet/config/franka/agents/__pycache__) by extensions ['python_setup_py']
[0.265s] [34mcolcon.colcon_core.package_identification[0m [1;30mLevel 1[0m _identify(isaaclab_tasks/isaaclab_tasks/manager_based/manipulation/cabinet/config/franka/agents/__pycache__) by extension 'python_setup_py'
[0.265s] [34mcolcon.colcon_core.package_identification[0m [1;30mLevel 1[0m _identify(isaaclab_tasks/isaaclab_tasks/manager_based/manipulation/cabinet/mdp) by extensions ['ignore', 'ignore_ament_install']
[0.265s] [34mcolcon.colcon_core.package_identification[0m [1;30mLevel 1[0m _identify(isaaclab_tasks/isaaclab_tasks/manager_based/manipulation/cabinet/mdp) by extension 'ignore'
[0.265s] [34mcolcon.colcon_core.package_identification[0m [1;30mLevel 1[0m _identify(isaaclab_tasks/isaaclab_tasks/manager_based/manipulation/cabinet/mdp) by extension 'ignore_ament_install'
[0.265s] [34mcolcon.colcon_core.package_identification[0m [1;30mLevel 1[0m _identify(isaaclab_tasks/isaaclab_tasks/manager_based/manipulation/cabinet/mdp) by extensions ['colcon_pkg']
[0.265s] [34mcolcon.colcon_core.package_identification[0m [1;30mLevel 1[0m _identify(isaaclab_tasks/isaaclab_tasks/manager_based/manipulation/cabinet/mdp) by extension 'colcon_pkg'
[0.265s] [34mcolcon.colcon_core.package_identification[0m [1;30mLevel 1[0m _identify(isaaclab_tasks/isaaclab_tasks/manager_based/manipulation/cabinet/mdp) by extensions ['colcon_meta']
[0.265s] [34mcolcon.colcon_core.package_identification[0m [1;30mLevel 1[0m _identify(isaaclab_tasks/isaaclab_tasks/manager_based/manipulation/cabinet/mdp) by extension 'colcon_meta'
[0.265s] [34mcolcon.colcon_core.package_identification[0m [1;30mLevel 1[0m _identify(isaaclab_tasks/isaaclab_tasks/manager_based/manipulation/cabinet/mdp) by extensions ['ros']
[0.265s] [34mcolcon.colcon_core.package_identification[0m [1;30mLevel 1[0m _identify(isaaclab_tasks/isaaclab_tasks/manager_based/manipulation/cabinet/mdp) by extension 'ros'
[0.265s] [34mcolcon.colcon_core.package_identification[0m [1;30mLevel 1[0m _identify(isaaclab_tasks/isaaclab_tasks/manager_based/manipulation/cabinet/mdp) by extensions ['cmake', 'python']
[0.265s] [34mcolcon.colcon_core.package_identification[0m [1;30mLevel 1[0m _identify(isaaclab_tasks/isaaclab_tasks/manager_based/manipulation/cabinet/mdp) by extension 'cmake'
[0.265s] [34mcolcon.colcon_core.package_identification[0m [1;30mLevel 1[0m _identify(isaaclab_tasks/isaaclab_tasks/manager_based/manipulation/cabinet/mdp) by extension 'python'
[0.265s] [34mcolcon.colcon_core.package_identification[0m [1;30mLevel 1[0m _identify(isaaclab_tasks/isaaclab_tasks/manager_based/manipulation/cabinet/mdp) by extensions ['python_setup_py']
[0.265s] [34mcolcon.colcon_core.package_identification[0m [1;30mLevel 1[0m _identify(isaaclab_tasks/isaaclab_tasks/manager_based/manipulation/cabinet/mdp) by extension 'python_setup_py'
[0.265s] [34mcolcon.colcon_core.package_identification[0m [1;30mLevel 1[0m _identify(isaaclab_tasks/isaaclab_tasks/manager_based/manipulation/deploy) by extensions ['ignore', 'ignore_ament_install']
[0.265s] [34mcolcon.colcon_core.package_identification[0m [1;30mLevel 1[0m _identify(isaaclab_tasks/isaaclab_tasks/manager_based/manipulation/deploy) by extension 'ignore'
[0.265s] [34mcolcon.colcon_core.package_identification[0m [1;30mLevel 1[0m _identify(isaaclab_tasks/isaaclab_tasks/manager_based/manipulation/deploy) by extension 'ignore_ament_install'
[0.265s] [34mcolcon.colcon_core.package_identification[0m [1;30mLevel 1[0m _identify(isaaclab_tasks/isaaclab_tasks/manager_based/manipulation/deploy) by extensions ['colcon_pkg']
[0.265s] [34mcolcon.colcon_core.package_identification[0m [1;30mLevel 1[0m _identify(isaaclab_tasks/isaaclab_tasks/manager_based/manipulation/deploy) by extension 'colcon_pkg'
[0.265s] [34mcolcon.colcon_core.package_identification[0m [1;30mLevel 1[0m _identify(isaaclab_tasks/isaaclab_tasks/manager_based/manipulation/deploy) by extensions ['colcon_meta']
[0.265s] [34mcolcon.colcon_core.package_identification[0m [1;30mLevel 1[0m _identify(isaaclab_tasks/isaaclab_tasks/manager_based/manipulation/deploy) by extension 'colcon_meta'
[0.265s] [34mcolcon.colcon_core.package_identification[0m [1;30mLevel 1[0m _identify(isaaclab_tasks/isaaclab_tasks/manager_based/manipulation/deploy) by extensions ['ros']
[0.265s] [34mcolcon.colcon_core.package_identification[0m [1;30mLevel 1[0m _identify(isaaclab_tasks/isaaclab_tasks/manager_based/manipulation/deploy) by extension 'ros'
[0.265s] [34mcolcon.colcon_core.package_identification[0m [1;30mLevel 1[0m _identify(isaaclab_tasks/isaaclab_tasks/manager_based/manipulation/deploy) by extensions ['cmake', 'python']
[0.265s] [34mcolcon.colcon_core.package_identification[0m [1;30mLevel 1[0m _identify(isaaclab_tasks/isaaclab_tasks/manager_based/manipulation/deploy) by extension 'cmake'
[0.265s] [34mcolcon.colcon_core.package_identification[0m [1;30mLevel 1[0m _identify(isaaclab_tasks/isaaclab_tasks/manager_based/manipulation/deploy) by extension 'python'
[0.265s] [34mcolcon.colcon_core.package_identification[0m [1;30mLevel 1[0m _identify(isaaclab_tasks/isaaclab_tasks/manager_based/manipulation/deploy) by extensions ['python_setup_py']
[0.265s] [34mcolcon.colcon_core.package_identification[0m [1;30mLevel 1[0m _identify(isaaclab_tasks/isaaclab_tasks/manager_based/manipulation/deploy) by extension 'python_setup_py'
[0.265s] [34mcolcon.colcon_core.package_identification[0m [1;30mLevel 1[0m _identify(isaaclab_tasks/isaaclab_tasks/manager_based/manipulation/deploy/__pycache__) by extensions ['ignore', 'ignore_ament_install']
[0.265s] [34mcolcon.colcon_core.package_identification[0m [1;30mLevel 1[0m _identify(isaaclab_tasks/isaaclab_tasks/manager_based/manipulation/deploy/__pycache__) by extension 'ignore'
[0.266s] [34mcolcon.colcon_core.package_identification[0m [1;30mLevel 1[0m _identify(isaaclab_tasks/isaaclab_tasks/manager_based/manipulation/deploy/__pycache__) by extension 'ignore_ament_install'
[0.266s] [34mcolcon.colcon_core.package_identification[0m [1;30mLevel 1[0m _identify(isaaclab_tasks/isaaclab_tasks/manager_based/manipulation/deploy/__pycache__) by extensions ['colcon_pkg']
[0.266s] [34mcolcon.colcon_core.package_identification[0m [1;30mLevel 1[0m _identify(isaaclab_tasks/isaaclab_tasks/manager_based/manipulation/deploy/__pycache__) by extension 'colcon_pkg'
[0.266s] [34mcolcon.colcon_core.package_identification[0m [1;30mLevel 1[0m _identify(isaaclab_tasks/isaaclab_tasks/manager_based/manipulation/deploy/__pycache__) by extensions ['colcon_meta']
[0.266s] [34mcolcon.colcon_core.package_identification[0m [1;30mLevel 1[0m _identify(isaaclab_tasks/isaaclab_tasks/manager_based/manipulation/deploy/__pycache__) by extension 'colcon_meta'
[0.266s] [34mcolcon.colcon_core.package_identification[0m [1;30mLevel 1[0m _identify(isaaclab_tasks/isaaclab_tasks/manager_based/manipulation/deploy/__pycache__) by extensions ['ros']
[0.266s] [34mcolcon.colcon_core.package_identification[0m [1;30mLevel 1[0m _identify(isaaclab_tasks/isaaclab_tasks/manager_based/manipulation/deploy/__pycache__) by extension 'ros'
[0.266s] [34mcolcon.colcon_core.package_identification[0m [1;30mLevel 1[0m _identify(isaaclab_tasks/isaaclab_tasks/manager_based/manipulation/deploy/__pycache__) by extensions ['cmake', 'python']
[0.266s] [34mcolcon.colcon_core.package_identification[0m [1;30mLevel 1[0m _identify(isaaclab_tasks/isaaclab_tasks/manager_based/manipulation/deploy/__pycache__) by extension 'cmake'
[0.266s] [34mcolcon.colcon_core.package_identification[0m [1;30mLevel 1[0m _identify(isaaclab_tasks/isaaclab_tasks/manager_based/manipulation/deploy/__pycache__) by extension 'python'
[0.266s] [34mcolcon.colcon_core.package_identification[0m [1;30mLevel 1[0m _identify(isaaclab_tasks/isaaclab_tasks/manager_based/manipulation/deploy/__pycache__) by extensions ['python_setup_py']
[0.266s] [34mcolcon.colcon_core.package_identification[0m [1;30mLevel 1[0m _identify(isaaclab_tasks/isaaclab_tasks/manager_based/manipulation/deploy/__pycache__) by extension 'python_setup_py'
[0.266s] [34mcolcon.colcon_core.package_identification[0m [1;30mLevel 1[0m _identify(isaaclab_tasks/isaaclab_tasks/manager_based/manipulation/deploy/mdp) by extensions ['ignore', 'ignore_ament_install']
[0.266s] [34mcolcon.colcon_core.package_identification[0m [1;30mLevel 1[0m _identify(isaaclab_tasks/isaaclab_tasks/manager_based/manipulation/deploy/mdp) by extension 'ignore'
[0.266s] [34mcolcon.colcon_core.package_identification[0m [1;30mLevel 1[0m _identify(isaaclab_tasks/isaaclab_tasks/manager_based/manipulation/deploy/mdp) by extension 'ignore_ament_install'
[0.266s] [34mcolcon.colcon_core.package_identification[0m [1;30mLevel 1[0m _identify(isaaclab_tasks/isaaclab_tasks/manager_based/manipulation/deploy/mdp) by extensions ['colcon_pkg']
[0.266s] [34mcolcon.colcon_core.package_identification[0m [1;30mLevel 1[0m _identify(isaaclab_tasks/isaaclab_tasks/manager_based/manipulation/deploy/mdp) by extension 'colcon_pkg'
[0.266s] [34mcolcon.colcon_core.package_identification[0m [1;30mLevel 1[0m _identify(isaaclab_tasks/isaaclab_tasks/manager_based/manipulation/deploy/mdp) by extensions ['colcon_meta']
[0.266s] [34mcolcon.colcon_core.package_identification[0m [1;30mLevel 1[0m _identify(isaaclab_tasks/isaaclab_tasks/manager_based/manipulation/deploy/mdp) by extension 'colcon_meta'
[0.266s] [34mcolcon.colcon_core.package_identification[0m [1;30mLevel 1[0m _identify(isaaclab_tasks/isaaclab_tasks/manager_based/manipulation/deploy/mdp) by extensions ['ros']
[0.266s] [34mcolcon.colcon_core.package_identification[0m [1;30mLevel 1[0m _identify(isaaclab_tasks/isaaclab_tasks/manager_based/manipulation/deploy/mdp) by extension 'ros'
[0.266s] [34mcolcon.colcon_core.package_identification[0m [1;30mLevel 1[0m _identify(isaaclab_tasks/isaaclab_tasks/manager_based/manipulation/deploy/mdp) by extensions ['cmake', 'python']
[0.266s] [34mcolcon.colcon_core.package_identification[0m [1;30mLevel 1[0m _identify(isaaclab_tasks/isaaclab_tasks/manager_based/manipulation/deploy/mdp) by extension 'cmake'
[0.266s] [34mcolcon.colcon_core.package_identification[0m [1;30mLevel 1[0m _identify(isaaclab_tasks/isaaclab_tasks/manager_based/manipulation/deploy/mdp) by extension 'python'
[0.266s] [34mcolcon.colcon_core.package_identification[0m [1;30mLevel 1[0m _identify(isaaclab_tasks/isaaclab_tasks/manager_based/manipulation/deploy/mdp) by extensions ['python_setup_py']
[0.266s] [34mcolcon.colcon_core.package_identification[0m [1;30mLevel 1[0m _identify(isaaclab_tasks/isaaclab_tasks/manager_based/manipulation/deploy/mdp) by extension 'python_setup_py'
[0.266s] [34mcolcon.colcon_core.package_identification[0m [1;30mLevel 1[0m _identify(isaaclab_tasks/isaaclab_tasks/manager_based/manipulation/deploy/reach) by extensions ['ignore', 'ignore_ament_install']
[0.266s] [34mcolcon.colcon_core.package_identification[0m [1;30mLevel 1[0m _identify(isaaclab_tasks/isaaclab_tasks/manager_based/manipulation/deploy/reach) by extension 'ignore'
[0.266s] [34mcolcon.colcon_core.package_identification[0m [1;30mLevel 1[0m _identify(isaaclab_tasks/isaaclab_tasks/manager_based/manipulation/deploy/reach) by extension 'ignore_ament_install'
[0.266s] [34mcolcon.colcon_core.package_identification[0m [1;30mLevel 1[0m _identify(isaaclab_tasks/isaaclab_tasks/manager_based/manipulation/deploy/reach) by extensions ['colcon_pkg']
[0.266s] [34mcolcon.colcon_core.package_identification[0m [1;30mLevel 1[0m _identify(isaaclab_tasks/isaaclab_tasks/manager_based/manipulation/deploy/reach) by extension 'colcon_pkg'
[0.266s] [34mcolcon.colcon_core.package_identification[0m [1;30mLevel 1[0m _identify(isaaclab_tasks/isaaclab_tasks/manager_based/manipulation/deploy/reach) by extensions ['colcon_meta']
[0.266s] [34mcolcon.colcon_core.package_identification[0m [1;30mLevel 1[0m _identify(isaaclab_tasks/isaaclab_tasks/manager_based/manipulation/deploy/reach) by extension 'colcon_meta'
[0.266s] [34mcolcon.colcon_core.package_identification[0m [1;30mLevel 1[0m _identify(isaaclab_tasks/isaaclab_tasks/manager_based/manipulation/deploy/reach) by extensions ['ros']
[0.266s] [34mcolcon.colcon_core.package_identification[0m [1;30mLevel 1[0m _identify(isaaclab_tasks/isaaclab_tasks/manager_based/manipulation/deploy/reach) by extension 'ros'
[0.266s] [34mcolcon.colcon_core.package_identification[0m [1;30mLevel 1[0m _identify(isaaclab_tasks/isaaclab_tasks/manager_based/manipulation/deploy/reach) by extensions ['cmake', 'python']
[0.266s] [34mcolcon.colcon_core.package_identification[0m [1;30mLevel 1[0m _identify(isaaclab_tasks/isaaclab_tasks/manager_based/manipulation/deploy/reach) by extension 'cmake'
[0.266s] [34mcolcon.colcon_core.package_identification[0m [1;30mLevel 1[0m _identify(isaaclab_tasks/isaaclab_tasks/manager_based/manipulation/deploy/reach) by extension 'python'
[0.266s] [34mcolcon.colcon_core.package_identification[0m [1;30mLevel 1[0m _identify(isaaclab_tasks/isaaclab_tasks/manager_based/manipulation/deploy/reach) by extensions ['python_setup_py']
[0.266s] [34mcolcon.colcon_core.package_identification[0m [1;30mLevel 1[0m _identify(isaaclab_tasks/isaaclab_tasks/manager_based/manipulation/deploy/reach) by extension 'python_setup_py'
[0.266s] [34mcolcon.colcon_core.package_identification[0m [1;30mLevel 1[0m _identify(isaaclab_tasks/isaaclab_tasks/manager_based/manipulation/deploy/reach/__pycache__) by extensions ['ignore', 'ignore_ament_install']
[0.266s] [34mcolcon.colcon_core.package_identification[0m [1;30mLevel 1[0m _identify(isaaclab_tasks/isaaclab_tasks/manager_based/manipulation/deploy/reach/__pycache__) by extension 'ignore'
[0.266s] [34mcolcon.colcon_core.package_identification[0m [1;30mLevel 1[0m _identify(isaaclab_tasks/isaaclab_tasks/manager_based/manipulation/deploy/reach/__pycache__) by extension 'ignore_ament_install'
[0.266s] [34mcolcon.colcon_core.package_identification[0m [1;30mLevel 1[0m _identify(isaaclab_tasks/isaaclab_tasks/manager_based/manipulation/deploy/reach/__pycache__) by extensions ['colcon_pkg']
[0.266s] [34mcolcon.colcon_core.package_identification[0m [1;30mLevel 1[0m _identify(isaaclab_tasks/isaaclab_tasks/manager_based/manipulation/deploy/reach/__pycache__) by extension 'colcon_pkg'
[0.266s] [34mcolcon.colcon_core.package_identification[0m [1;30mLevel 1[0m _identify(isaaclab_tasks/isaaclab_tasks/manager_based/manipulation/deploy/reach/__pycache__) by extensions ['colcon_meta']
[0.266s] [34mcolcon.colcon_core.package_identification[0m [1;30mLevel 1[0m _identify(isaaclab_tasks/isaaclab_tasks/manager_based/manipulation/deploy/reach/__pycache__) by extension 'colcon_meta'
[0.266s] [34mcolcon.colcon_core.package_identification[0m [1;30mLevel 1[0m _identify(isaaclab_tasks/isaaclab_tasks/manager_based/manipulation/deploy/reach/__pycache__) by extensions ['ros']
[0.266s] [34mcolcon.colcon_core.package_identification[0m [1;30mLevel 1[0m _identify(isaaclab_tasks/isaaclab_tasks/manager_based/manipulation/deploy/reach/__pycache__) by extension 'ros'
[0.266s] [34mcolcon.colcon_core.package_identification[0m [1;30mLevel 1[0m _identify(isaaclab_tasks/isaaclab_tasks/manager_based/manipulation/deploy/reach/__pycache__) by extensions ['cmake', 'python']
[0.266s] [34mcolcon.colcon_core.package_identification[0m [1;30mLevel 1[0m _identify(isaaclab_tasks/isaaclab_tasks/manager_based/manipulation/deploy/reach/__pycache__) by extension 'cmake'
[0.267s] [34mcolcon.colcon_core.package_identification[0m [1;30mLevel 1[0m _identify(isaaclab_tasks/isaaclab_tasks/manager_based/manipulation/deploy/reach/__pycache__) by extension 'python'
[0.267s] [34mcolcon.colcon_core.package_identification[0m [1;30mLevel 1[0m _identify(isaaclab_tasks/isaaclab_tasks/manager_based/manipulation/deploy/reach/__pycache__) by extensions ['python_setup_py']
[0.267s] [34mcolcon.colcon_core.package_identification[0m [1;30mLevel 1[0m _identify(isaaclab_tasks/isaaclab_tasks/manager_based/manipulation/deploy/reach/__pycache__) by extension 'python_setup_py'
[0.267s] [34mcolcon.colcon_core.package_identification[0m [1;30mLevel 1[0m _identify(isaaclab_tasks/isaaclab_tasks/manager_based/manipulation/deploy/reach/config) by extensions ['ignore', 'ignore_ament_install']
[0.267s] [34mcolcon.colcon_core.package_identification[0m [1;30mLevel 1[0m _identify(isaaclab_tasks/isaaclab_tasks/manager_based/manipulation/deploy/reach/config) by extension 'ignore'
[0.267s] [34mcolcon.colcon_core.package_identification[0m [1;30mLevel 1[0m _identify(isaaclab_tasks/isaaclab_tasks/manager_based/manipulation/deploy/reach/config) by extension 'ignore_ament_install'
[0.267s] [34mcolcon.colcon_core.package_identification[0m [1;30mLevel 1[0m _identify(isaaclab_tasks/isaaclab_tasks/manager_based/manipulation/deploy/reach/config) by extensions ['colcon_pkg']
[0.267s] [34mcolcon.colcon_core.package_identification[0m [1;30mLevel 1[0m _identify(isaaclab_tasks/isaaclab_tasks/manager_based/manipulation/deploy/reach/config) by extension 'colcon_pkg'
[0.267s] [34mcolcon.colcon_core.package_identification[0m [1;30mLevel 1[0m _identify(isaaclab_tasks/isaaclab_tasks/manager_based/manipulation/deploy/reach/config) by extensions ['colcon_meta']
[0.267s] [34mcolcon.colcon_core.package_identification[0m [1;30mLevel 1[0m _identify(isaaclab_tasks/isaaclab_tasks/manager_based/manipulation/deploy/reach/config) by extension 'colcon_meta'
[0.267s] [34mcolcon.colcon_core.package_identification[0m [1;30mLevel 1[0m _identify(isaaclab_tasks/isaaclab_tasks/manager_based/manipulation/deploy/reach/config) by extensions ['ros']
[0.267s] [34mcolcon.colcon_core.package_identification[0m [1;30mLevel 1[0m _identify(isaaclab_tasks/isaaclab_tasks/manager_based/manipulation/deploy/reach/config) by extension 'ros'
[0.267s] [34mcolcon.colcon_core.package_identification[0m [1;30mLevel 1[0m _identify(isaaclab_tasks/isaaclab_tasks/manager_based/manipulation/deploy/reach/config) by extensions ['cmake', 'python']
[0.267s] [34mcolcon.colcon_core.package_identification[0m [1;30mLevel 1[0m _identify(isaaclab_tasks/isaaclab_tasks/manager_based/manipulation/deploy/reach/config) by extension 'cmake'
[0.267s] [34mcolcon.colcon_core.package_identification[0m [1;30mLevel 1[0m _identify(isaaclab_tasks/isaaclab_tasks/manager_based/manipulation/deploy/reach/config) by extension 'python'
[0.267s] [34mcolcon.colcon_core.package_identification[0m [1;30mLevel 1[0m _identify(isaaclab_tasks/isaaclab_tasks/manager_based/manipulation/deploy/reach/config) by extensions ['python_setup_py']
[0.267s] [34mcolcon.colcon_core.package_identification[0m [1;30mLevel 1[0m _identify(isaaclab_tasks/isaaclab_tasks/manager_based/manipulation/deploy/reach/config) by extension 'python_setup_py'
[0.267s] [34mcolcon.colcon_core.package_identification[0m [1;30mLevel 1[0m _identify(isaaclab_tasks/isaaclab_tasks/manager_based/manipulation/deploy/reach/config/__pycache__) by extensions ['ignore', 'ignore_ament_install']
[0.267s] [34mcolcon.colcon_core.package_identification[0m [1;30mLevel 1[0m _identify(isaaclab_tasks/isaaclab_tasks/manager_based/manipulation/deploy/reach/config/__pycache__) by extension 'ignore'
[0.267s] [34mcolcon.colcon_core.package_identification[0m [1;30mLevel 1[0m _identify(isaaclab_tasks/isaaclab_tasks/manager_based/manipulation/deploy/reach/config/__pycache__) by extension 'ignore_ament_install'
[0.267s] [34mcolcon.colcon_core.package_identification[0m [1;30mLevel 1[0m _identify(isaaclab_tasks/isaaclab_tasks/manager_based/manipulation/deploy/reach/config/__pycache__) by extensions ['colcon_pkg']
[0.267s] [34mcolcon.colcon_core.package_identification[0m [1;30mLevel 1[0m _identify(isaaclab_tasks/isaaclab_tasks/manager_based/manipulation/deploy/reach/config/__pycache__) by extension 'colcon_pkg'
[0.267s] [34mcolcon.colcon_core.package_identification[0m [1;30mLevel 1[0m _identify(isaaclab_tasks/isaaclab_tasks/manager_based/manipulation/deploy/reach/config/__pycache__) by extensions ['colcon_meta']
[0.267s] [34mcolcon.colcon_core.package_identification[0m [1;30mLevel 1[0m _identify(isaaclab_tasks/isaaclab_tasks/manager_based/manipulation/deploy/reach/config/__pycache__) by extension 'colcon_meta'
[0.267s] [34mcolcon.colcon_core.package_identification[0m [1;30mLevel 1[0m _identify(isaaclab_tasks/isaaclab_tasks/manager_based/manipulation/deploy/reach/config/__pycache__) by extensions ['ros']
[0.267s] [34mcolcon.colcon_core.package_identification[0m [1;30mLevel 1[0m _identify(isaaclab_tasks/isaaclab_tasks/manager_based/manipulation/deploy/reach/config/__pycache__) by extension 'ros'
[0.267s] [34mcolcon.colcon_core.package_identification[0m [1;30mLevel 1[0m _identify(isaaclab_tasks/isaaclab_tasks/manager_based/manipulation/deploy/reach/config/__pycache__) by extensions ['cmake', 'python']
[0.267s] [34mcolcon.colcon_core.package_identification[0m [1;30mLevel 1[0m _identify(isaaclab_tasks/isaaclab_tasks/manager_based/manipulation/deploy/reach/config/__pycache__) by extension 'cmake'
[0.267s] [34mcolcon.colcon_core.package_identification[0m [1;30mLevel 1[0m _identify(isaaclab_tasks/isaaclab_tasks/manager_based/manipulation/deploy/reach/config/__pycache__) by extension 'python'
[0.267s] [34mcolcon.colcon_core.package_identification[0m [1;30mLevel 1[0m _identify(isaaclab_tasks/isaaclab_tasks/manager_based/manipulation/deploy/reach/config/__pycache__) by extensions ['python_setup_py']
[0.267s] [34mcolcon.colcon_core.package_identification[0m [1;30mLevel 1[0m _identify(isaaclab_tasks/isaaclab_tasks/manager_based/manipulation/deploy/reach/config/__pycache__) by extension 'python_setup_py'
[0.267s] [34mcolcon.colcon_core.package_identification[0m [1;30mLevel 1[0m _identify(isaaclab_tasks/isaaclab_tasks/manager_based/manipulation/deploy/reach/config/ur_10e) by extensions ['ignore', 'ignore_ament_install']
[0.267s] [34mcolcon.colcon_core.package_identification[0m [1;30mLevel 1[0m _identify(isaaclab_tasks/isaaclab_tasks/manager_based/manipulation/deploy/reach/config/ur_10e) by extension 'ignore'
[0.267s] [34mcolcon.colcon_core.package_identification[0m [1;30mLevel 1[0m _identify(isaaclab_tasks/isaaclab_tasks/manager_based/manipulation/deploy/reach/config/ur_10e) by extension 'ignore_ament_install'
[0.267s] [34mcolcon.colcon_core.package_identification[0m [1;30mLevel 1[0m _identify(isaaclab_tasks/isaaclab_tasks/manager_based/manipulation/deploy/reach/config/ur_10e) by extensions ['colcon_pkg']
[0.267s] [34mcolcon.colcon_core.package_identification[0m [1;30mLevel 1[0m _identify(isaaclab_tasks/isaaclab_tasks/manager_based/manipulation/deploy/reach/config/ur_10e) by extension 'colcon_pkg'
[0.267s] [34mcolcon.colcon_core.package_identification[0m [1;30mLevel 1[0m _identify(isaaclab_tasks/isaaclab_tasks/manager_based/manipulation/deploy/reach/config/ur_10e) by extensions ['colcon_meta']
[0.267s] [34mcolcon.colcon_core.package_identification[0m [1;30mLevel 1[0m _identify(isaaclab_tasks/isaaclab_tasks/manager_based/manipulation/deploy/reach/config/ur_10e) by extension 'colcon_meta'
[0.267s] [34mcolcon.colcon_core.package_identification[0m [1;30mLevel 1[0m _identify(isaaclab_tasks/isaaclab_tasks/manager_based/manipulation/deploy/reach/config/ur_10e) by extensions ['ros']
[0.267s] [34mcolcon.colcon_core.package_identification[0m [1;30mLevel 1[0m _identify(isaaclab_tasks/isaaclab_tasks/manager_based/manipulation/deploy/reach/config/ur_10e) by extension 'ros'
[0.267s] [34mcolcon.colcon_core.package_identification[0m [1;30mLevel 1[0m _identify(isaaclab_tasks/isaaclab_tasks/manager_based/manipulation/deploy/reach/config/ur_10e) by extensions ['cmake', 'python']
[0.267s] [34mcolcon.colcon_core.package_identification[0m [1;30mLevel 1[0m _identify(isaaclab_tasks/isaaclab_tasks/manager_based/manipulation/deploy/reach/config/ur_10e) by extension 'cmake'
[0.267s] [34mcolcon.colcon_core.package_identification[0m [1;30mLevel 1[0m _identify(isaaclab_tasks/isaaclab_tasks/manager_based/manipulation/deploy/reach/config/ur_10e) by extension 'python'
[0.267s] [34mcolcon.colcon_core.package_identification[0m [1;30mLevel 1[0m _identify(isaaclab_tasks/isaaclab_tasks/manager_based/manipulation/deploy/reach/config/ur_10e) by extensions ['python_setup_py']
[0.267s] [34mcolcon.colcon_core.package_identification[0m [1;30mLevel 1[0m _identify(isaaclab_tasks/isaaclab_tasks/manager_based/manipulation/deploy/reach/config/ur_10e) by extension 'python_setup_py'
[0.267s] [34mcolcon.colcon_core.package_identification[0m [1;30mLevel 1[0m _identify(isaaclab_tasks/isaaclab_tasks/manager_based/manipulation/deploy/reach/config/ur_10e/__pycache__) by extensions ['ignore', 'ignore_ament_install']
[0.267s] [34mcolcon.colcon_core.package_identification[0m [1;30mLevel 1[0m _identify(isaaclab_tasks/isaaclab_tasks/manager_based/manipulation/deploy/reach/config/ur_10e/__pycache__) by extension 'ignore'
[0.268s] [34mcolcon.colcon_core.package_identification[0m [1;30mLevel 1[0m _identify(isaaclab_tasks/isaaclab_tasks/manager_based/manipulation/deploy/reach/config/ur_10e/__pycache__) by extension 'ignore_ament_install'
[0.268s] [34mcolcon.colcon_core.package_identification[0m [1;30mLevel 1[0m _identify(isaaclab_tasks/isaaclab_tasks/manager_based/manipulation/deploy/reach/config/ur_10e/__pycache__) by extensions ['colcon_pkg']
[0.268s] [34mcolcon.colcon_core.package_identification[0m [1;30mLevel 1[0m _identify(isaaclab_tasks/isaaclab_tasks/manager_based/manipulation/deploy/reach/config/ur_10e/__pycache__) by extension 'colcon_pkg'
[0.268s] [34mcolcon.colcon_core.package_identification[0m [1;30mLevel 1[0m _identify(isaaclab_tasks/isaaclab_tasks/manager_based/manipulation/deploy/reach/config/ur_10e/__pycache__) by extensions ['colcon_meta']
[0.268s] [34mcolcon.colcon_core.package_identification[0m [1;30mLevel 1[0m _identify(isaaclab_tasks/isaaclab_tasks/manager_based/manipulation/deploy/reach/config/ur_10e/__pycache__) by extension 'colcon_meta'
[0.268s] [34mcolcon.colcon_core.package_identification[0m [1;30mLevel 1[0m _identify(isaaclab_tasks/isaaclab_tasks/manager_based/manipulation/deploy/reach/config/ur_10e/__pycache__) by extensions ['ros']
[0.268s] [34mcolcon.colcon_core.package_identification[0m [1;30mLevel 1[0m _identify(isaaclab_tasks/isaaclab_tasks/manager_based/manipulation/deploy/reach/config/ur_10e/__pycache__) by extension 'ros'
[0.268s] [34mcolcon.colcon_core.package_identification[0m [1;30mLevel 1[0m _identify(isaaclab_tasks/isaaclab_tasks/manager_based/manipulation/deploy/reach/config/ur_10e/__pycache__) by extensions ['cmake', 'python']
[0.268s] [34mcolcon.colcon_core.package_identification[0m [1;30mLevel 1[0m _identify(isaaclab_tasks/isaaclab_tasks/manager_based/manipulation/deploy/reach/config/ur_10e/__pycache__) by extension 'cmake'
[0.268s] [34mcolcon.colcon_core.package_identification[0m [1;30mLevel 1[0m _identify(isaaclab_tasks/isaaclab_tasks/manager_based/manipulation/deploy/reach/config/ur_10e/__pycache__) by extension 'python'
[0.268s] [34mcolcon.colcon_core.package_identification[0m [1;30mLevel 1[0m _identify(isaaclab_tasks/isaaclab_tasks/manager_based/manipulation/deploy/reach/config/ur_10e/__pycache__) by extensions ['python_setup_py']
[0.268s] [34mcolcon.colcon_core.package_identification[0m [1;30mLevel 1[0m _identify(isaaclab_tasks/isaaclab_tasks/manager_based/manipulation/deploy/reach/config/ur_10e/__pycache__) by extension 'python_setup_py'
[0.268s] [34mcolcon.colcon_core.package_identification[0m [1;30mLevel 1[0m _identify(isaaclab_tasks/isaaclab_tasks/manager_based/manipulation/deploy/reach/config/ur_10e/agents) by extensions ['ignore', 'ignore_ament_install']
[0.268s] [34mcolcon.colcon_core.package_identification[0m [1;30mLevel 1[0m _identify(isaaclab_tasks/isaaclab_tasks/manager_based/manipulation/deploy/reach/config/ur_10e/agents) by extension 'ignore'
[0.268s] [34mcolcon.colcon_core.package_identification[0m [1;30mLevel 1[0m _identify(isaaclab_tasks/isaaclab_tasks/manager_based/manipulation/deploy/reach/config/ur_10e/agents) by extension 'ignore_ament_install'
[0.268s] [34mcolcon.colcon_core.package_identification[0m [1;30mLevel 1[0m _identify(isaaclab_tasks/isaaclab_tasks/manager_based/manipulation/deploy/reach/config/ur_10e/agents) by extensions ['colcon_pkg']
[0.268s] [34mcolcon.colcon_core.package_identification[0m [1;30mLevel 1[0m _identify(isaaclab_tasks/isaaclab_tasks/manager_based/manipulation/deploy/reach/config/ur_10e/agents) by extension 'colcon_pkg'
[0.268s] [34mcolcon.colcon_core.package_identification[0m [1;30mLevel 1[0m _identify(isaaclab_tasks/isaaclab_tasks/manager_based/manipulation/deploy/reach/config/ur_10e/agents) by extensions ['colcon_meta']
[0.268s] [34mcolcon.colcon_core.package_identification[0m [1;30mLevel 1[0m _identify(isaaclab_tasks/isaaclab_tasks/manager_based/manipulation/deploy/reach/config/ur_10e/agents) by extension 'colcon_meta'
[0.268s] [34mcolcon.colcon_core.package_identification[0m [1;30mLevel 1[0m _identify(isaaclab_tasks/isaaclab_tasks/manager_based/manipulation/deploy/reach/config/ur_10e/agents) by extensions ['ros']
[0.268s] [34mcolcon.colcon_core.package_identification[0m [1;30mLevel 1[0m _identify(isaaclab_tasks/isaaclab_tasks/manager_based/manipulation/deploy/reach/config/ur_10e/agents) by extension 'ros'
[0.268s] [34mcolcon.colcon_core.package_identification[0m [1;30mLevel 1[0m _identify(isaaclab_tasks/isaaclab_tasks/manager_based/manipulation/deploy/reach/config/ur_10e/agents) by extensions ['cmake', 'python']
[0.268s] [34mcolcon.colcon_core.package_identification[0m [1;30mLevel 1[0m _identify(isaaclab_tasks/isaaclab_tasks/manager_based/manipulation/deploy/reach/config/ur_10e/agents) by extension 'cmake'
[0.268s] [34mcolcon.colcon_core.package_identification[0m [1;30mLevel 1[0m _identify(isaaclab_tasks/isaaclab_tasks/manager_based/manipulation/deploy/reach/config/ur_10e/agents) by extension 'python'
[0.268s] [34mcolcon.colcon_core.package_identification[0m [1;30mLevel 1[0m _identify(isaaclab_tasks/isaaclab_tasks/manager_based/manipulation/deploy/reach/config/ur_10e/agents) by extensions ['python_setup_py']
[0.268s] [34mcolcon.colcon_core.package_identification[0m [1;30mLevel 1[0m _identify(isaaclab_tasks/isaaclab_tasks/manager_based/manipulation/deploy/reach/config/ur_10e/agents) by extension 'python_setup_py'
[0.268s] [34mcolcon.colcon_core.package_identification[0m [1;30mLevel 1[0m _identify(isaaclab_tasks/isaaclab_tasks/manager_based/manipulation/deploy/reach/config/ur_10e/agents/__pycache__) by extensions ['ignore', 'ignore_ament_install']
[0.268s] [34mcolcon.colcon_core.package_identification[0m [1;30mLevel 1[0m _identify(isaaclab_tasks/isaaclab_tasks/manager_based/manipulation/deploy/reach/config/ur_10e/agents/__pycache__) by extension 'ignore'
[0.268s] [34mcolcon.colcon_core.package_identification[0m [1;30mLevel 1[0m _identify(isaaclab_tasks/isaaclab_tasks/manager_based/manipulation/deploy/reach/config/ur_10e/agents/__pycache__) by extension 'ignore_ament_install'
[0.268s] [34mcolcon.colcon_core.package_identification[0m [1;30mLevel 1[0m _identify(isaaclab_tasks/isaaclab_tasks/manager_based/manipulation/deploy/reach/config/ur_10e/agents/__pycache__) by extensions ['colcon_pkg']
[0.268s] [34mcolcon.colcon_core.package_identification[0m [1;30mLevel 1[0m _identify(isaaclab_tasks/isaaclab_tasks/manager_based/manipulation/deploy/reach/config/ur_10e/agents/__pycache__) by extension 'colcon_pkg'
[0.268s] [34mcolcon.colcon_core.package_identification[0m [1;30mLevel 1[0m _identify(isaaclab_tasks/isaaclab_tasks/manager_based/manipulation/deploy/reach/config/ur_10e/agents/__pycache__) by extensions ['colcon_meta']
[0.268s] [34mcolcon.colcon_core.package_identification[0m [1;30mLevel 1[0m _identify(isaaclab_tasks/isaaclab_tasks/manager_based/manipulation/deploy/reach/config/ur_10e/agents/__pycache__) by extension 'colcon_meta'
[0.268s] [34mcolcon.colcon_core.package_identification[0m [1;30mLevel 1[0m _identify(isaaclab_tasks/isaaclab_tasks/manager_based/manipulation/deploy/reach/config/ur_10e/agents/__pycache__) by extensions ['ros']
[0.268s] [34mcolcon.colcon_core.package_identification[0m [1;30mLevel 1[0m _identify(isaaclab_tasks/isaaclab_tasks/manager_based/manipulation/deploy/reach/config/ur_10e/agents/__pycache__) by extension 'ros'
[0.268s] [34mcolcon.colcon_core.package_identification[0m [1;30mLevel 1[0m _identify(isaaclab_tasks/isaaclab_tasks/manager_based/manipulation/deploy/reach/config/ur_10e/agents/__pycache__) by extensions ['cmake', 'python']
[0.268s] [34mcolcon.colcon_core.package_identification[0m [1;30mLevel 1[0m _identify(isaaclab_tasks/isaaclab_tasks/manager_based/manipulation/deploy/reach/config/ur_10e/agents/__pycache__) by extension 'cmake'
[0.268s] [34mcolcon.colcon_core.package_identification[0m [1;30mLevel 1[0m _identify(isaaclab_tasks/isaaclab_tasks/manager_based/manipulation/deploy/reach/config/ur_10e/agents/__pycache__) by extension 'python'
[0.268s] [34mcolcon.colcon_core.package_identification[0m [1;30mLevel 1[0m _identify(isaaclab_tasks/isaaclab_tasks/manager_based/manipulation/deploy/reach/config/ur_10e/agents/__pycache__) by extensions ['python_setup_py']
[0.268s] [34mcolcon.colcon_core.package_identification[0m [1;30mLevel 1[0m _identify(isaaclab_tasks/isaaclab_tasks/manager_based/manipulation/deploy/reach/config/ur_10e/agents/__pycache__) by extension 'python_setup_py'
[0.268s] [34mcolcon.colcon_core.package_identification[0m [1;30mLevel 1[0m _identify(isaaclab_tasks/isaaclab_tasks/manager_based/manipulation/dexsuite) by extensions ['ignore', 'ignore_ament_install']
[0.268s] [34mcolcon.colcon_core.package_identification[0m [1;30mLevel 1[0m _identify(isaaclab_tasks/isaaclab_tasks/manager_based/manipulation/dexsuite) by extension 'ignore'
[0.268s] [34mcolcon.colcon_core.package_identification[0m [1;30mLevel 1[0m _identify(isaaclab_tasks/isaaclab_tasks/manager_based/manipulation/dexsuite) by extension 'ignore_ament_install'
[0.268s] [34mcolcon.colcon_core.package_identification[0m [1;30mLevel 1[0m _identify(isaaclab_tasks/isaaclab_tasks/manager_based/manipulation/dexsuite) by extensions ['colcon_pkg']
[0.268s] [34mcolcon.colcon_core.package_identification[0m [1;30mLevel 1[0m _identify(isaaclab_tasks/isaaclab_tasks/manager_based/manipulation/dexsuite) by extension 'colcon_pkg'
[0.268s] [34mcolcon.colcon_core.package_identification[0m [1;30mLevel 1[0m _identify(isaaclab_tasks/isaaclab_tasks/manager_based/manipulation/dexsuite) by extensions ['colcon_meta']
[0.268s] [34mcolcon.colcon_core.package_identification[0m [1;30mLevel 1[0m _identify(isaaclab_tasks/isaaclab_tasks/manager_based/manipulation/dexsuite) by extension 'colcon_meta'
[0.268s] [34mcolcon.colcon_core.package_identification[0m [1;30mLevel 1[0m _identify(isaaclab_tasks/isaaclab_tasks/manager_based/manipulation/dexsuite) by extensions ['ros']
[0.268s] [34mcolcon.colcon_core.package_identification[0m [1;30mLevel 1[0m _identify(isaaclab_tasks/isaaclab_tasks/manager_based/manipulation/dexsuite) by extension 'ros'
[0.269s] [34mcolcon.colcon_core.package_identification[0m [1;30mLevel 1[0m _identify(isaaclab_tasks/isaaclab_tasks/manager_based/manipulation/dexsuite) by extensions ['cmake', 'python']
[0.269s] [34mcolcon.colcon_core.package_identification[0m [1;30mLevel 1[0m _identify(isaaclab_tasks/isaaclab_tasks/manager_based/manipulation/dexsuite) by extension 'cmake'
[0.269s] [34mcolcon.colcon_core.package_identification[0m [1;30mLevel 1[0m _identify(isaaclab_tasks/isaaclab_tasks/manager_based/manipulation/dexsuite) by extension 'python'
[0.269s] [34mcolcon.colcon_core.package_identification[0m [1;30mLevel 1[0m _identify(isaaclab_tasks/isaaclab_tasks/manager_based/manipulation/dexsuite) by extensions ['python_setup_py']
[0.269s] [34mcolcon.colcon_core.package_identification[0m [1;30mLevel 1[0m _identify(isaaclab_tasks/isaaclab_tasks/manager_based/manipulation/dexsuite) by extension 'python_setup_py'
[0.269s] [34mcolcon.colcon_core.package_identification[0m [1;30mLevel 1[0m _identify(isaaclab_tasks/isaaclab_tasks/manager_based/manipulation/dexsuite/__pycache__) by extensions ['ignore', 'ignore_ament_install']
[0.269s] [34mcolcon.colcon_core.package_identification[0m [1;30mLevel 1[0m _identify(isaaclab_tasks/isaaclab_tasks/manager_based/manipulation/dexsuite/__pycache__) by extension 'ignore'
[0.269s] [34mcolcon.colcon_core.package_identification[0m [1;30mLevel 1[0m _identify(isaaclab_tasks/isaaclab_tasks/manager_based/manipulation/dexsuite/__pycache__) by extension 'ignore_ament_install'
[0.269s] [34mcolcon.colcon_core.package_identification[0m [1;30mLevel 1[0m _identify(isaaclab_tasks/isaaclab_tasks/manager_based/manipulation/dexsuite/__pycache__) by extensions ['colcon_pkg']
[0.269s] [34mcolcon.colcon_core.package_identification[0m [1;30mLevel 1[0m _identify(isaaclab_tasks/isaaclab_tasks/manager_based/manipulation/dexsuite/__pycache__) by extension 'colcon_pkg'
[0.269s] [34mcolcon.colcon_core.package_identification[0m [1;30mLevel 1[0m _identify(isaaclab_tasks/isaaclab_tasks/manager_based/manipulation/dexsuite/__pycache__) by extensions ['colcon_meta']
[0.269s] [34mcolcon.colcon_core.package_identification[0m [1;30mLevel 1[0m _identify(isaaclab_tasks/isaaclab_tasks/manager_based/manipulation/dexsuite/__pycache__) by extension 'colcon_meta'
[0.269s] [34mcolcon.colcon_core.package_identification[0m [1;30mLevel 1[0m _identify(isaaclab_tasks/isaaclab_tasks/manager_based/manipulation/dexsuite/__pycache__) by extensions ['ros']
[0.269s] [34mcolcon.colcon_core.package_identification[0m [1;30mLevel 1[0m _identify(isaaclab_tasks/isaaclab_tasks/manager_based/manipulation/dexsuite/__pycache__) by extension 'ros'
[0.269s] [34mcolcon.colcon_core.package_identification[0m [1;30mLevel 1[0m _identify(isaaclab_tasks/isaaclab_tasks/manager_based/manipulation/dexsuite/__pycache__) by extensions ['cmake', 'python']
[0.269s] [34mcolcon.colcon_core.package_identification[0m [1;30mLevel 1[0m _identify(isaaclab_tasks/isaaclab_tasks/manager_based/manipulation/dexsuite/__pycache__) by extension 'cmake'
[0.269s] [34mcolcon.colcon_core.package_identification[0m [1;30mLevel 1[0m _identify(isaaclab_tasks/isaaclab_tasks/manager_based/manipulation/dexsuite/__pycache__) by extension 'python'
[0.269s] [34mcolcon.colcon_core.package_identification[0m [1;30mLevel 1[0m _identify(isaaclab_tasks/isaaclab_tasks/manager_based/manipulation/dexsuite/__pycache__) by extensions ['python_setup_py']
[0.269s] [34mcolcon.colcon_core.package_identification[0m [1;30mLevel 1[0m _identify(isaaclab_tasks/isaaclab_tasks/manager_based/manipulation/dexsuite/__pycache__) by extension 'python_setup_py'
[0.269s] [34mcolcon.colcon_core.package_identification[0m [1;30mLevel 1[0m _identify(isaaclab_tasks/isaaclab_tasks/manager_based/manipulation/dexsuite/config) by extensions ['ignore', 'ignore_ament_install']
[0.269s] [34mcolcon.colcon_core.package_identification[0m [1;30mLevel 1[0m _identify(isaaclab_tasks/isaaclab_tasks/manager_based/manipulation/dexsuite/config) by extension 'ignore'
[0.269s] [34mcolcon.colcon_core.package_identification[0m [1;30mLevel 1[0m _identify(isaaclab_tasks/isaaclab_tasks/manager_based/manipulation/dexsuite/config) by extension 'ignore_ament_install'
[0.269s] [34mcolcon.colcon_core.package_identification[0m [1;30mLevel 1[0m _identify(isaaclab_tasks/isaaclab_tasks/manager_based/manipulation/dexsuite/config) by extensions ['colcon_pkg']
[0.269s] [34mcolcon.colcon_core.package_identification[0m [1;30mLevel 1[0m _identify(isaaclab_tasks/isaaclab_tasks/manager_based/manipulation/dexsuite/config) by extension 'colcon_pkg'
[0.269s] [34mcolcon.colcon_core.package_identification[0m [1;30mLevel 1[0m _identify(isaaclab_tasks/isaaclab_tasks/manager_based/manipulation/dexsuite/config) by extensions ['colcon_meta']
[0.269s] [34mcolcon.colcon_core.package_identification[0m [1;30mLevel 1[0m _identify(isaaclab_tasks/isaaclab_tasks/manager_based/manipulation/dexsuite/config) by extension 'colcon_meta'
[0.269s] [34mcolcon.colcon_core.package_identification[0m [1;30mLevel 1[0m _identify(isaaclab_tasks/isaaclab_tasks/manager_based/manipulation/dexsuite/config) by extensions ['ros']
[0.269s] [34mcolcon.colcon_core.package_identification[0m [1;30mLevel 1[0m _identify(isaaclab_tasks/isaaclab_tasks/manager_based/manipulation/dexsuite/config) by extension 'ros'
[0.269s] [34mcolcon.colcon_core.package_identification[0m [1;30mLevel 1[0m _identify(isaaclab_tasks/isaaclab_tasks/manager_based/manipulation/dexsuite/config) by extensions ['cmake', 'python']
[0.269s] [34mcolcon.colcon_core.package_identification[0m [1;30mLevel 1[0m _identify(isaaclab_tasks/isaaclab_tasks/manager_based/manipulation/dexsuite/config) by extension 'cmake'
[0.269s] [34mcolcon.colcon_core.package_identification[0m [1;30mLevel 1[0m _identify(isaaclab_tasks/isaaclab_tasks/manager_based/manipulation/dexsuite/config) by extension 'python'
[0.269s] [34mcolcon.colcon_core.package_identification[0m [1;30mLevel 1[0m _identify(isaaclab_tasks/isaaclab_tasks/manager_based/manipulation/dexsuite/config) by extensions ['python_setup_py']
[0.269s] [34mcolcon.colcon_core.package_identification[0m [1;30mLevel 1[0m _identify(isaaclab_tasks/isaaclab_tasks/manager_based/manipulation/dexsuite/config) by extension 'python_setup_py'
[0.269s] [34mcolcon.colcon_core.package_identification[0m [1;30mLevel 1[0m _identify(isaaclab_tasks/isaaclab_tasks/manager_based/manipulation/dexsuite/config/__pycache__) by extensions ['ignore', 'ignore_ament_install']
[0.269s] [34mcolcon.colcon_core.package_identification[0m [1;30mLevel 1[0m _identify(isaaclab_tasks/isaaclab_tasks/manager_based/manipulation/dexsuite/config/__pycache__) by extension 'ignore'
[0.269s] [34mcolcon.colcon_core.package_identification[0m [1;30mLevel 1[0m _identify(isaaclab_tasks/isaaclab_tasks/manager_based/manipulation/dexsuite/config/__pycache__) by extension 'ignore_ament_install'
[0.269s] [34mcolcon.colcon_core.package_identification[0m [1;30mLevel 1[0m _identify(isaaclab_tasks/isaaclab_tasks/manager_based/manipulation/dexsuite/config/__pycache__) by extensions ['colcon_pkg']
[0.269s] [34mcolcon.colcon_core.package_identification[0m [1;30mLevel 1[0m _identify(isaaclab_tasks/isaaclab_tasks/manager_based/manipulation/dexsuite/config/__pycache__) by extension 'colcon_pkg'
[0.269s] [34mcolcon.colcon_core.package_identification[0m [1;30mLevel 1[0m _identify(isaaclab_tasks/isaaclab_tasks/manager_based/manipulation/dexsuite/config/__pycache__) by extensions ['colcon_meta']
[0.269s] [34mcolcon.colcon_core.package_identification[0m [1;30mLevel 1[0m _identify(isaaclab_tasks/isaaclab_tasks/manager_based/manipulation/dexsuite/config/__pycache__) by extension 'colcon_meta'
[0.269s] [34mcolcon.colcon_core.package_identification[0m [1;30mLevel 1[0m _identify(isaaclab_tasks/isaaclab_tasks/manager_based/manipulation/dexsuite/config/__pycache__) by extensions ['ros']
[0.269s] [34mcolcon.colcon_core.package_identification[0m [1;30mLevel 1[0m _identify(isaaclab_tasks/isaaclab_tasks/manager_based/manipulation/dexsuite/config/__pycache__) by extension 'ros'
[0.269s] [34mcolcon.colcon_core.package_identification[0m [1;30mLevel 1[0m _identify(isaaclab_tasks/isaaclab_tasks/manager_based/manipulation/dexsuite/config/__pycache__) by extensions ['cmake', 'python']
[0.269s] [34mcolcon.colcon_core.package_identification[0m [1;30mLevel 1[0m _identify(isaaclab_tasks/isaaclab_tasks/manager_based/manipulation/dexsuite/config/__pycache__) by extension 'cmake'
[0.269s] [34mcolcon.colcon_core.package_identification[0m [1;30mLevel 1[0m _identify(isaaclab_tasks/isaaclab_tasks/manager_based/manipulation/dexsuite/config/__pycache__) by extension 'python'
[0.269s] [34mcolcon.colcon_core.package_identification[0m [1;30mLevel 1[0m _identify(isaaclab_tasks/isaaclab_tasks/manager_based/manipulation/dexsuite/config/__pycache__) by extensions ['python_setup_py']
[0.269s] [34mcolcon.colcon_core.package_identification[0m [1;30mLevel 1[0m _identify(isaaclab_tasks/isaaclab_tasks/manager_based/manipulation/dexsuite/config/__pycache__) by extension 'python_setup_py'
[0.269s] [34mcolcon.colcon_core.package_identification[0m [1;30mLevel 1[0m _identify(isaaclab_tasks/isaaclab_tasks/manager_based/manipulation/dexsuite/config/kuka_allegro) by extensions ['ignore', 'ignore_ament_install']
[0.269s] [34mcolcon.colcon_core.package_identification[0m [1;30mLevel 1[0m _identify(isaaclab_tasks/isaaclab_tasks/manager_based/manipulation/dexsuite/config/kuka_allegro) by extension 'ignore'
[0.269s] [34mcolcon.colcon_core.package_identification[0m [1;30mLevel 1[0m _identify(isaaclab_tasks/isaaclab_tasks/manager_based/manipulation/dexsuite/config/kuka_allegro) by extension 'ignore_ament_install'
[0.269s] [34mcolcon.colcon_core.package_identification[0m [1;30mLevel 1[0m _identify(isaaclab_tasks/isaaclab_tasks/manager_based/manipulation/dexsuite/config/kuka_allegro) by extensions ['colcon_pkg']
[0.270s] [34mcolcon.colcon_core.package_identification[0m [1;30mLevel 1[0m _identify(isaaclab_tasks/isaaclab_tasks/manager_based/manipulation/dexsuite/config/kuka_allegro) by extension 'colcon_pkg'
[0.270s] [34mcolcon.colcon_core.package_identification[0m [1;30mLevel 1[0m _identify(isaaclab_tasks/isaaclab_tasks/manager_based/manipulation/dexsuite/config/kuka_allegro) by extensions ['colcon_meta']
[0.270s] [34mcolcon.colcon_core.package_identification[0m [1;30mLevel 1[0m _identify(isaaclab_tasks/isaaclab_tasks/manager_based/manipulation/dexsuite/config/kuka_allegro) by extension 'colcon_meta'
[0.270s] [34mcolcon.colcon_core.package_identification[0m [1;30mLevel 1[0m _identify(isaaclab_tasks/isaaclab_tasks/manager_based/manipulation/dexsuite/config/kuka_allegro) by extensions ['ros']
[0.270s] [34mcolcon.colcon_core.package_identification[0m [1;30mLevel 1[0m _identify(isaaclab_tasks/isaaclab_tasks/manager_based/manipulation/dexsuite/config/kuka_allegro) by extension 'ros'
[0.270s] [34mcolcon.colcon_core.package_identification[0m [1;30mLevel 1[0m _identify(isaaclab_tasks/isaaclab_tasks/manager_based/manipulation/dexsuite/config/kuka_allegro) by extensions ['cmake', 'python']
[0.270s] [34mcolcon.colcon_core.package_identification[0m [1;30mLevel 1[0m _identify(isaaclab_tasks/isaaclab_tasks/manager_based/manipulation/dexsuite/config/kuka_allegro) by extension 'cmake'
[0.270s] [34mcolcon.colcon_core.package_identification[0m [1;30mLevel 1[0m _identify(isaaclab_tasks/isaaclab_tasks/manager_based/manipulation/dexsuite/config/kuka_allegro) by extension 'python'
[0.270s] [34mcolcon.colcon_core.package_identification[0m [1;30mLevel 1[0m _identify(isaaclab_tasks/isaaclab_tasks/manager_based/manipulation/dexsuite/config/kuka_allegro) by extensions ['python_setup_py']
[0.270s] [34mcolcon.colcon_core.package_identification[0m [1;30mLevel 1[0m _identify(isaaclab_tasks/isaaclab_tasks/manager_based/manipulation/dexsuite/config/kuka_allegro) by extension 'python_setup_py'
[0.270s] [34mcolcon.colcon_core.package_identification[0m [1;30mLevel 1[0m _identify(isaaclab_tasks/isaaclab_tasks/manager_based/manipulation/dexsuite/config/kuka_allegro/__pycache__) by extensions ['ignore', 'ignore_ament_install']
[0.270s] [34mcolcon.colcon_core.package_identification[0m [1;30mLevel 1[0m _identify(isaaclab_tasks/isaaclab_tasks/manager_based/manipulation/dexsuite/config/kuka_allegro/__pycache__) by extension 'ignore'
[0.270s] [34mcolcon.colcon_core.package_identification[0m [1;30mLevel 1[0m _identify(isaaclab_tasks/isaaclab_tasks/manager_based/manipulation/dexsuite/config/kuka_allegro/__pycache__) by extension 'ignore_ament_install'
[0.270s] [34mcolcon.colcon_core.package_identification[0m [1;30mLevel 1[0m _identify(isaaclab_tasks/isaaclab_tasks/manager_based/manipulation/dexsuite/config/kuka_allegro/__pycache__) by extensions ['colcon_pkg']
[0.270s] [34mcolcon.colcon_core.package_identification[0m [1;30mLevel 1[0m _identify(isaaclab_tasks/isaaclab_tasks/manager_based/manipulation/dexsuite/config/kuka_allegro/__pycache__) by extension 'colcon_pkg'
[0.270s] [34mcolcon.colcon_core.package_identification[0m [1;30mLevel 1[0m _identify(isaaclab_tasks/isaaclab_tasks/manager_based/manipulation/dexsuite/config/kuka_allegro/__pycache__) by extensions ['colcon_meta']
[0.270s] [34mcolcon.colcon_core.package_identification[0m [1;30mLevel 1[0m _identify(isaaclab_tasks/isaaclab_tasks/manager_based/manipulation/dexsuite/config/kuka_allegro/__pycache__) by extension 'colcon_meta'
[0.270s] [34mcolcon.colcon_core.package_identification[0m [1;30mLevel 1[0m _identify(isaaclab_tasks/isaaclab_tasks/manager_based/manipulation/dexsuite/config/kuka_allegro/__pycache__) by extensions ['ros']
[0.270s] [34mcolcon.colcon_core.package_identification[0m [1;30mLevel 1[0m _identify(isaaclab_tasks/isaaclab_tasks/manager_based/manipulation/dexsuite/config/kuka_allegro/__pycache__) by extension 'ros'
[0.270s] [34mcolcon.colcon_core.package_identification[0m [1;30mLevel 1[0m _identify(isaaclab_tasks/isaaclab_tasks/manager_based/manipulation/dexsuite/config/kuka_allegro/__pycache__) by extensions ['cmake', 'python']
[0.270s] [34mcolcon.colcon_core.package_identification[0m [1;30mLevel 1[0m _identify(isaaclab_tasks/isaaclab_tasks/manager_based/manipulation/dexsuite/config/kuka_allegro/__pycache__) by extension 'cmake'
[0.270s] [34mcolcon.colcon_core.package_identification[0m [1;30mLevel 1[0m _identify(isaaclab_tasks/isaaclab_tasks/manager_based/manipulation/dexsuite/config/kuka_allegro/__pycache__) by extension 'python'
[0.270s] [34mcolcon.colcon_core.package_identification[0m [1;30mLevel 1[0m _identify(isaaclab_tasks/isaaclab_tasks/manager_based/manipulation/dexsuite/config/kuka_allegro/__pycache__) by extensions ['python_setup_py']
[0.270s] [34mcolcon.colcon_core.package_identification[0m [1;30mLevel 1[0m _identify(isaaclab_tasks/isaaclab_tasks/manager_based/manipulation/dexsuite/config/kuka_allegro/__pycache__) by extension 'python_setup_py'
[0.270s] [34mcolcon.colcon_core.package_identification[0m [1;30mLevel 1[0m _identify(isaaclab_tasks/isaaclab_tasks/manager_based/manipulation/dexsuite/config/kuka_allegro/agents) by extensions ['ignore', 'ignore_ament_install']
[0.270s] [34mcolcon.colcon_core.package_identification[0m [1;30mLevel 1[0m _identify(isaaclab_tasks/isaaclab_tasks/manager_based/manipulation/dexsuite/config/kuka_allegro/agents) by extension 'ignore'
[0.270s] [34mcolcon.colcon_core.package_identification[0m [1;30mLevel 1[0m _identify(isaaclab_tasks/isaaclab_tasks/manager_based/manipulation/dexsuite/config/kuka_allegro/agents) by extension 'ignore_ament_install'
[0.270s] [34mcolcon.colcon_core.package_identification[0m [1;30mLevel 1[0m _identify(isaaclab_tasks/isaaclab_tasks/manager_based/manipulation/dexsuite/config/kuka_allegro/agents) by extensions ['colcon_pkg']
[0.270s] [34mcolcon.colcon_core.package_identification[0m [1;30mLevel 1[0m _identify(isaaclab_tasks/isaaclab_tasks/manager_based/manipulation/dexsuite/config/kuka_allegro/agents) by extension 'colcon_pkg'
[0.270s] [34mcolcon.colcon_core.package_identification[0m [1;30mLevel 1[0m _identify(isaaclab_tasks/isaaclab_tasks/manager_based/manipulation/dexsuite/config/kuka_allegro/agents) by extensions ['colcon_meta']
[0.270s] [34mcolcon.colcon_core.package_identification[0m [1;30mLevel 1[0m _identify(isaaclab_tasks/isaaclab_tasks/manager_based/manipulation/dexsuite/config/kuka_allegro/agents) by extension 'colcon_meta'
[0.270s] [34mcolcon.colcon_core.package_identification[0m [1;30mLevel 1[0m _identify(isaaclab_tasks/isaaclab_tasks/manager_based/manipulation/dexsuite/config/kuka_allegro/agents) by extensions ['ros']
[0.270s] [34mcolcon.colcon_core.package_identification[0m [1;30mLevel 1[0m _identify(isaaclab_tasks/isaaclab_tasks/manager_based/manipulation/dexsuite/config/kuka_allegro/agents) by extension 'ros'
[0.270s] [34mcolcon.colcon_core.package_identification[0m [1;30mLevel 1[0m _identify(isaaclab_tasks/isaaclab_tasks/manager_based/manipulation/dexsuite/config/kuka_allegro/agents) by extensions ['cmake', 'python']
[0.270s] [34mcolcon.colcon_core.package_identification[0m [1;30mLevel 1[0m _identify(isaaclab_tasks/isaaclab_tasks/manager_based/manipulation/dexsuite/config/kuka_allegro/agents) by extension 'cmake'
[0.270s] [34mcolcon.colcon_core.package_identification[0m [1;30mLevel 1[0m _identify(isaaclab_tasks/isaaclab_tasks/manager_based/manipulation/dexsuite/config/kuka_allegro/agents) by extension 'python'
[0.270s] [34mcolcon.colcon_core.package_identification[0m [1;30mLevel 1[0m _identify(isaaclab_tasks/isaaclab_tasks/manager_based/manipulation/dexsuite/config/kuka_allegro/agents) by extensions ['python_setup_py']
[0.270s] [34mcolcon.colcon_core.package_identification[0m [1;30mLevel 1[0m _identify(isaaclab_tasks/isaaclab_tasks/manager_based/manipulation/dexsuite/config/kuka_allegro/agents) by extension 'python_setup_py'
[0.270s] [34mcolcon.colcon_core.package_identification[0m [1;30mLevel 1[0m _identify(isaaclab_tasks/isaaclab_tasks/manager_based/manipulation/dexsuite/config/kuka_allegro/agents/__pycache__) by extensions ['ignore', 'ignore_ament_install']
[0.270s] [34mcolcon.colcon_core.package_identification[0m [1;30mLevel 1[0m _identify(isaaclab_tasks/isaaclab_tasks/manager_based/manipulation/dexsuite/config/kuka_allegro/agents/__pycache__) by extension 'ignore'
[0.270s] [34mcolcon.colcon_core.package_identification[0m [1;30mLevel 1[0m _identify(isaaclab_tasks/isaaclab_tasks/manager_based/manipulation/dexsuite/config/kuka_allegro/agents/__pycache__) by extension 'ignore_ament_install'
[0.270s] [34mcolcon.colcon_core.package_identification[0m [1;30mLevel 1[0m _identify(isaaclab_tasks/isaaclab_tasks/manager_based/manipulation/dexsuite/config/kuka_allegro/agents/__pycache__) by extensions ['colcon_pkg']
[0.270s] [34mcolcon.colcon_core.package_identification[0m [1;30mLevel 1[0m _identify(isaaclab_tasks/isaaclab_tasks/manager_based/manipulation/dexsuite/config/kuka_allegro/agents/__pycache__) by extension 'colcon_pkg'
[0.270s] [34mcolcon.colcon_core.package_identification[0m [1;30mLevel 1[0m _identify(isaaclab_tasks/isaaclab_tasks/manager_based/manipulation/dexsuite/config/kuka_allegro/agents/__pycache__) by extensions ['colcon_meta']
[0.270s] [34mcolcon.colcon_core.package_identification[0m [1;30mLevel 1[0m _identify(isaaclab_tasks/isaaclab_tasks/manager_based/manipulation/dexsuite/config/kuka_allegro/agents/__pycache__) by extension 'colcon_meta'
[0.270s] [34mcolcon.colcon_core.package_identification[0m [1;30mLevel 1[0m _identify(isaaclab_tasks/isaaclab_tasks/manager_based/manipulation/dexsuite/config/kuka_allegro/agents/__pycache__) by extensions ['ros']
[0.270s] [34mcolcon.colcon_core.package_identification[0m [1;30mLevel 1[0m _identify(isaaclab_tasks/isaaclab_tasks/manager_based/manipulation/dexsuite/config/kuka_allegro/agents/__pycache__) by extension 'ros'
[0.270s] [34mcolcon.colcon_core.package_identification[0m [1;30mLevel 1[0m _identify(isaaclab_tasks/isaaclab_tasks/manager_based/manipulation/dexsuite/config/kuka_allegro/agents/__pycache__) by extensions ['cmake', 'python']
[0.270s] [34mcolcon.colcon_core.package_identification[0m [1;30mLevel 1[0m _identify(isaaclab_tasks/isaaclab_tasks/manager_based/manipulation/dexsuite/config/kuka_allegro/agents/__pycache__) by extension 'cmake'
[0.270s] [34mcolcon.colcon_core.package_identification[0m [1;30mLevel 1[0m _identify(isaaclab_tasks/isaaclab_tasks/manager_based/manipulation/dexsuite/config/kuka_allegro/agents/__pycache__) by extension 'python'
[0.270s] [34mcolcon.colcon_core.package_identification[0m [1;30mLevel 1[0m _identify(isaaclab_tasks/isaaclab_tasks/manager_based/manipulation/dexsuite/config/kuka_allegro/agents/__pycache__) by extensions ['python_setup_py']
[0.271s] [34mcolcon.colcon_core.package_identification[0m [1;30mLevel 1[0m _identify(isaaclab_tasks/isaaclab_tasks/manager_based/manipulation/dexsuite/config/kuka_allegro/agents/__pycache__) by extension 'python_setup_py'
[0.271s] [34mcolcon.colcon_core.package_identification[0m [1;30mLevel 1[0m _identify(isaaclab_tasks/isaaclab_tasks/manager_based/manipulation/dexsuite/mdp) by extensions ['ignore', 'ignore_ament_install']
[0.271s] [34mcolcon.colcon_core.package_identification[0m [1;30mLevel 1[0m _identify(isaaclab_tasks/isaaclab_tasks/manager_based/manipulation/dexsuite/mdp) by extension 'ignore'
[0.271s] [34mcolcon.colcon_core.package_identification[0m [1;30mLevel 1[0m _identify(isaaclab_tasks/isaaclab_tasks/manager_based/manipulation/dexsuite/mdp) by extension 'ignore_ament_install'
[0.271s] [34mcolcon.colcon_core.package_identification[0m [1;30mLevel 1[0m _identify(isaaclab_tasks/isaaclab_tasks/manager_based/manipulation/dexsuite/mdp) by extensions ['colcon_pkg']
[0.271s] [34mcolcon.colcon_core.package_identification[0m [1;30mLevel 1[0m _identify(isaaclab_tasks/isaaclab_tasks/manager_based/manipulation/dexsuite/mdp) by extension 'colcon_pkg'
[0.271s] [34mcolcon.colcon_core.package_identification[0m [1;30mLevel 1[0m _identify(isaaclab_tasks/isaaclab_tasks/manager_based/manipulation/dexsuite/mdp) by extensions ['colcon_meta']
[0.271s] [34mcolcon.colcon_core.package_identification[0m [1;30mLevel 1[0m _identify(isaaclab_tasks/isaaclab_tasks/manager_based/manipulation/dexsuite/mdp) by extension 'colcon_meta'
[0.271s] [34mcolcon.colcon_core.package_identification[0m [1;30mLevel 1[0m _identify(isaaclab_tasks/isaaclab_tasks/manager_based/manipulation/dexsuite/mdp) by extensions ['ros']
[0.271s] [34mcolcon.colcon_core.package_identification[0m [1;30mLevel 1[0m _identify(isaaclab_tasks/isaaclab_tasks/manager_based/manipulation/dexsuite/mdp) by extension 'ros'
[0.271s] [34mcolcon.colcon_core.package_identification[0m [1;30mLevel 1[0m _identify(isaaclab_tasks/isaaclab_tasks/manager_based/manipulation/dexsuite/mdp) by extensions ['cmake', 'python']
[0.271s] [34mcolcon.colcon_core.package_identification[0m [1;30mLevel 1[0m _identify(isaaclab_tasks/isaaclab_tasks/manager_based/manipulation/dexsuite/mdp) by extension 'cmake'
[0.271s] [34mcolcon.colcon_core.package_identification[0m [1;30mLevel 1[0m _identify(isaaclab_tasks/isaaclab_tasks/manager_based/manipulation/dexsuite/mdp) by extension 'python'
[0.271s] [34mcolcon.colcon_core.package_identification[0m [1;30mLevel 1[0m _identify(isaaclab_tasks/isaaclab_tasks/manager_based/manipulation/dexsuite/mdp) by extensions ['python_setup_py']
[0.271s] [34mcolcon.colcon_core.package_identification[0m [1;30mLevel 1[0m _identify(isaaclab_tasks/isaaclab_tasks/manager_based/manipulation/dexsuite/mdp) by extension 'python_setup_py'
[0.271s] [34mcolcon.colcon_core.package_identification[0m [1;30mLevel 1[0m _identify(isaaclab_tasks/isaaclab_tasks/manager_based/manipulation/dexsuite/mdp/commands) by extensions ['ignore', 'ignore_ament_install']
[0.271s] [34mcolcon.colcon_core.package_identification[0m [1;30mLevel 1[0m _identify(isaaclab_tasks/isaaclab_tasks/manager_based/manipulation/dexsuite/mdp/commands) by extension 'ignore'
[0.271s] [34mcolcon.colcon_core.package_identification[0m [1;30mLevel 1[0m _identify(isaaclab_tasks/isaaclab_tasks/manager_based/manipulation/dexsuite/mdp/commands) by extension 'ignore_ament_install'
[0.271s] [34mcolcon.colcon_core.package_identification[0m [1;30mLevel 1[0m _identify(isaaclab_tasks/isaaclab_tasks/manager_based/manipulation/dexsuite/mdp/commands) by extensions ['colcon_pkg']
[0.271s] [34mcolcon.colcon_core.package_identification[0m [1;30mLevel 1[0m _identify(isaaclab_tasks/isaaclab_tasks/manager_based/manipulation/dexsuite/mdp/commands) by extension 'colcon_pkg'
[0.271s] [34mcolcon.colcon_core.package_identification[0m [1;30mLevel 1[0m _identify(isaaclab_tasks/isaaclab_tasks/manager_based/manipulation/dexsuite/mdp/commands) by extensions ['colcon_meta']
[0.271s] [34mcolcon.colcon_core.package_identification[0m [1;30mLevel 1[0m _identify(isaaclab_tasks/isaaclab_tasks/manager_based/manipulation/dexsuite/mdp/commands) by extension 'colcon_meta'
[0.271s] [34mcolcon.colcon_core.package_identification[0m [1;30mLevel 1[0m _identify(isaaclab_tasks/isaaclab_tasks/manager_based/manipulation/dexsuite/mdp/commands) by extensions ['ros']
[0.271s] [34mcolcon.colcon_core.package_identification[0m [1;30mLevel 1[0m _identify(isaaclab_tasks/isaaclab_tasks/manager_based/manipulation/dexsuite/mdp/commands) by extension 'ros'
[0.271s] [34mcolcon.colcon_core.package_identification[0m [1;30mLevel 1[0m _identify(isaaclab_tasks/isaaclab_tasks/manager_based/manipulation/dexsuite/mdp/commands) by extensions ['cmake', 'python']
[0.271s] [34mcolcon.colcon_core.package_identification[0m [1;30mLevel 1[0m _identify(isaaclab_tasks/isaaclab_tasks/manager_based/manipulation/dexsuite/mdp/commands) by extension 'cmake'
[0.271s] [34mcolcon.colcon_core.package_identification[0m [1;30mLevel 1[0m _identify(isaaclab_tasks/isaaclab_tasks/manager_based/manipulation/dexsuite/mdp/commands) by extension 'python'
[0.271s] [34mcolcon.colcon_core.package_identification[0m [1;30mLevel 1[0m _identify(isaaclab_tasks/isaaclab_tasks/manager_based/manipulation/dexsuite/mdp/commands) by extensions ['python_setup_py']
[0.271s] [34mcolcon.colcon_core.package_identification[0m [1;30mLevel 1[0m _identify(isaaclab_tasks/isaaclab_tasks/manager_based/manipulation/dexsuite/mdp/commands) by extension 'python_setup_py'
[0.271s] [34mcolcon.colcon_core.package_identification[0m [1;30mLevel 1[0m _identify(isaaclab_tasks/isaaclab_tasks/manager_based/manipulation/inhand) by extensions ['ignore', 'ignore_ament_install']
[0.271s] [34mcolcon.colcon_core.package_identification[0m [1;30mLevel 1[0m _identify(isaaclab_tasks/isaaclab_tasks/manager_based/manipulation/inhand) by extension 'ignore'
[0.271s] [34mcolcon.colcon_core.package_identification[0m [1;30mLevel 1[0m _identify(isaaclab_tasks/isaaclab_tasks/manager_based/manipulation/inhand) by extension 'ignore_ament_install'
[0.271s] [34mcolcon.colcon_core.package_identification[0m [1;30mLevel 1[0m _identify(isaaclab_tasks/isaaclab_tasks/manager_based/manipulation/inhand) by extensions ['colcon_pkg']
[0.271s] [34mcolcon.colcon_core.package_identification[0m [1;30mLevel 1[0m _identify(isaaclab_tasks/isaaclab_tasks/manager_based/manipulation/inhand) by extension 'colcon_pkg'
[0.271s] [34mcolcon.colcon_core.package_identification[0m [1;30mLevel 1[0m _identify(isaaclab_tasks/isaaclab_tasks/manager_based/manipulation/inhand) by extensions ['colcon_meta']
[0.271s] [34mcolcon.colcon_core.package_identification[0m [1;30mLevel 1[0m _identify(isaaclab_tasks/isaaclab_tasks/manager_based/manipulation/inhand) by extension 'colcon_meta'
[0.271s] [34mcolcon.colcon_core.package_identification[0m [1;30mLevel 1[0m _identify(isaaclab_tasks/isaaclab_tasks/manager_based/manipulation/inhand) by extensions ['ros']
[0.271s] [34mcolcon.colcon_core.package_identification[0m [1;30mLevel 1[0m _identify(isaaclab_tasks/isaaclab_tasks/manager_based/manipulation/inhand) by extension 'ros'
[0.271s] [34mcolcon.colcon_core.package_identification[0m [1;30mLevel 1[0m _identify(isaaclab_tasks/isaaclab_tasks/manager_based/manipulation/inhand) by extensions ['cmake', 'python']
[0.271s] [34mcolcon.colcon_core.package_identification[0m [1;30mLevel 1[0m _identify(isaaclab_tasks/isaaclab_tasks/manager_based/manipulation/inhand) by extension 'cmake'
[0.271s] [34mcolcon.colcon_core.package_identification[0m [1;30mLevel 1[0m _identify(isaaclab_tasks/isaaclab_tasks/manager_based/manipulation/inhand) by extension 'python'
[0.271s] [34mcolcon.colcon_core.package_identification[0m [1;30mLevel 1[0m _identify(isaaclab_tasks/isaaclab_tasks/manager_based/manipulation/inhand) by extensions ['python_setup_py']
[0.271s] [34mcolcon.colcon_core.package_identification[0m [1;30mLevel 1[0m _identify(isaaclab_tasks/isaaclab_tasks/manager_based/manipulation/inhand) by extension 'python_setup_py'
[0.271s] [34mcolcon.colcon_core.package_identification[0m [1;30mLevel 1[0m _identify(isaaclab_tasks/isaaclab_tasks/manager_based/manipulation/inhand/__pycache__) by extensions ['ignore', 'ignore_ament_install']
[0.271s] [34mcolcon.colcon_core.package_identification[0m [1;30mLevel 1[0m _identify(isaaclab_tasks/isaaclab_tasks/manager_based/manipulation/inhand/__pycache__) by extension 'ignore'
[0.271s] [34mcolcon.colcon_core.package_identification[0m [1;30mLevel 1[0m _identify(isaaclab_tasks/isaaclab_tasks/manager_based/manipulation/inhand/__pycache__) by extension 'ignore_ament_install'
[0.271s] [34mcolcon.colcon_core.package_identification[0m [1;30mLevel 1[0m _identify(isaaclab_tasks/isaaclab_tasks/manager_based/manipulation/inhand/__pycache__) by extensions ['colcon_pkg']
[0.271s] [34mcolcon.colcon_core.package_identification[0m [1;30mLevel 1[0m _identify(isaaclab_tasks/isaaclab_tasks/manager_based/manipulation/inhand/__pycache__) by extension 'colcon_pkg'
[0.271s] [34mcolcon.colcon_core.package_identification[0m [1;30mLevel 1[0m _identify(isaaclab_tasks/isaaclab_tasks/manager_based/manipulation/inhand/__pycache__) by extensions ['colcon_meta']
[0.271s] [34mcolcon.colcon_core.package_identification[0m [1;30mLevel 1[0m _identify(isaaclab_tasks/isaaclab_tasks/manager_based/manipulation/inhand/__pycache__) by extension 'colcon_meta'
[0.271s] [34mcolcon.colcon_core.package_identification[0m [1;30mLevel 1[0m _identify(isaaclab_tasks/isaaclab_tasks/manager_based/manipulation/inhand/__pycache__) by extensions ['ros']
[0.272s] [34mcolcon.colcon_core.package_identification[0m [1;30mLevel 1[0m _identify(isaaclab_tasks/isaaclab_tasks/manager_based/manipulation/inhand/__pycache__) by extension 'ros'
[0.272s] [34mcolcon.colcon_core.package_identification[0m [1;30mLevel 1[0m _identify(isaaclab_tasks/isaaclab_tasks/manager_based/manipulation/inhand/__pycache__) by extensions ['cmake', 'python']
[0.272s] [34mcolcon.colcon_core.package_identification[0m [1;30mLevel 1[0m _identify(isaaclab_tasks/isaaclab_tasks/manager_based/manipulation/inhand/__pycache__) by extension 'cmake'
[0.272s] [34mcolcon.colcon_core.package_identification[0m [1;30mLevel 1[0m _identify(isaaclab_tasks/isaaclab_tasks/manager_based/manipulation/inhand/__pycache__) by extension 'python'
[0.272s] [34mcolcon.colcon_core.package_identification[0m [1;30mLevel 1[0m _identify(isaaclab_tasks/isaaclab_tasks/manager_based/manipulation/inhand/__pycache__) by extensions ['python_setup_py']
[0.272s] [34mcolcon.colcon_core.package_identification[0m [1;30mLevel 1[0m _identify(isaaclab_tasks/isaaclab_tasks/manager_based/manipulation/inhand/__pycache__) by extension 'python_setup_py'
[0.272s] [34mcolcon.colcon_core.package_identification[0m [1;30mLevel 1[0m _identify(isaaclab_tasks/isaaclab_tasks/manager_based/manipulation/inhand/config) by extensions ['ignore', 'ignore_ament_install']
[0.272s] [34mcolcon.colcon_core.package_identification[0m [1;30mLevel 1[0m _identify(isaaclab_tasks/isaaclab_tasks/manager_based/manipulation/inhand/config) by extension 'ignore'
[0.272s] [34mcolcon.colcon_core.package_identification[0m [1;30mLevel 1[0m _identify(isaaclab_tasks/isaaclab_tasks/manager_based/manipulation/inhand/config) by extension 'ignore_ament_install'
[0.272s] [34mcolcon.colcon_core.package_identification[0m [1;30mLevel 1[0m _identify(isaaclab_tasks/isaaclab_tasks/manager_based/manipulation/inhand/config) by extensions ['colcon_pkg']
[0.272s] [34mcolcon.colcon_core.package_identification[0m [1;30mLevel 1[0m _identify(isaaclab_tasks/isaaclab_tasks/manager_based/manipulation/inhand/config) by extension 'colcon_pkg'
[0.272s] [34mcolcon.colcon_core.package_identification[0m [1;30mLevel 1[0m _identify(isaaclab_tasks/isaaclab_tasks/manager_based/manipulation/inhand/config) by extensions ['colcon_meta']
[0.272s] [34mcolcon.colcon_core.package_identification[0m [1;30mLevel 1[0m _identify(isaaclab_tasks/isaaclab_tasks/manager_based/manipulation/inhand/config) by extension 'colcon_meta'
[0.272s] [34mcolcon.colcon_core.package_identification[0m [1;30mLevel 1[0m _identify(isaaclab_tasks/isaaclab_tasks/manager_based/manipulation/inhand/config) by extensions ['ros']
[0.272s] [34mcolcon.colcon_core.package_identification[0m [1;30mLevel 1[0m _identify(isaaclab_tasks/isaaclab_tasks/manager_based/manipulation/inhand/config) by extension 'ros'
[0.272s] [34mcolcon.colcon_core.package_identification[0m [1;30mLevel 1[0m _identify(isaaclab_tasks/isaaclab_tasks/manager_based/manipulation/inhand/config) by extensions ['cmake', 'python']
[0.272s] [34mcolcon.colcon_core.package_identification[0m [1;30mLevel 1[0m _identify(isaaclab_tasks/isaaclab_tasks/manager_based/manipulation/inhand/config) by extension 'cmake'
[0.272s] [34mcolcon.colcon_core.package_identification[0m [1;30mLevel 1[0m _identify(isaaclab_tasks/isaaclab_tasks/manager_based/manipulation/inhand/config) by extension 'python'
[0.272s] [34mcolcon.colcon_core.package_identification[0m [1;30mLevel 1[0m _identify(isaaclab_tasks/isaaclab_tasks/manager_based/manipulation/inhand/config) by extensions ['python_setup_py']
[0.272s] [34mcolcon.colcon_core.package_identification[0m [1;30mLevel 1[0m _identify(isaaclab_tasks/isaaclab_tasks/manager_based/manipulation/inhand/config) by extension 'python_setup_py'
[0.272s] [34mcolcon.colcon_core.package_identification[0m [1;30mLevel 1[0m _identify(isaaclab_tasks/isaaclab_tasks/manager_based/manipulation/inhand/config/__pycache__) by extensions ['ignore', 'ignore_ament_install']
[0.272s] [34mcolcon.colcon_core.package_identification[0m [1;30mLevel 1[0m _identify(isaaclab_tasks/isaaclab_tasks/manager_based/manipulation/inhand/config/__pycache__) by extension 'ignore'
[0.272s] [34mcolcon.colcon_core.package_identification[0m [1;30mLevel 1[0m _identify(isaaclab_tasks/isaaclab_tasks/manager_based/manipulation/inhand/config/__pycache__) by extension 'ignore_ament_install'
[0.272s] [34mcolcon.colcon_core.package_identification[0m [1;30mLevel 1[0m _identify(isaaclab_tasks/isaaclab_tasks/manager_based/manipulation/inhand/config/__pycache__) by extensions ['colcon_pkg']
[0.272s] [34mcolcon.colcon_core.package_identification[0m [1;30mLevel 1[0m _identify(isaaclab_tasks/isaaclab_tasks/manager_based/manipulation/inhand/config/__pycache__) by extension 'colcon_pkg'
[0.272s] [34mcolcon.colcon_core.package_identification[0m [1;30mLevel 1[0m _identify(isaaclab_tasks/isaaclab_tasks/manager_based/manipulation/inhand/config/__pycache__) by extensions ['colcon_meta']
[0.272s] [34mcolcon.colcon_core.package_identification[0m [1;30mLevel 1[0m _identify(isaaclab_tasks/isaaclab_tasks/manager_based/manipulation/inhand/config/__pycache__) by extension 'colcon_meta'
[0.272s] [34mcolcon.colcon_core.package_identification[0m [1;30mLevel 1[0m _identify(isaaclab_tasks/isaaclab_tasks/manager_based/manipulation/inhand/config/__pycache__) by extensions ['ros']
[0.272s] [34mcolcon.colcon_core.package_identification[0m [1;30mLevel 1[0m _identify(isaaclab_tasks/isaaclab_tasks/manager_based/manipulation/inhand/config/__pycache__) by extension 'ros'
[0.272s] [34mcolcon.colcon_core.package_identification[0m [1;30mLevel 1[0m _identify(isaaclab_tasks/isaaclab_tasks/manager_based/manipulation/inhand/config/__pycache__) by extensions ['cmake', 'python']
[0.272s] [34mcolcon.colcon_core.package_identification[0m [1;30mLevel 1[0m _identify(isaaclab_tasks/isaaclab_tasks/manager_based/manipulation/inhand/config/__pycache__) by extension 'cmake'
[0.272s] [34mcolcon.colcon_core.package_identification[0m [1;30mLevel 1[0m _identify(isaaclab_tasks/isaaclab_tasks/manager_based/manipulation/inhand/config/__pycache__) by extension 'python'
[0.272s] [34mcolcon.colcon_core.package_identification[0m [1;30mLevel 1[0m _identify(isaaclab_tasks/isaaclab_tasks/manager_based/manipulation/inhand/config/__pycache__) by extensions ['python_setup_py']
[0.272s] [34mcolcon.colcon_core.package_identification[0m [1;30mLevel 1[0m _identify(isaaclab_tasks/isaaclab_tasks/manager_based/manipulation/inhand/config/__pycache__) by extension 'python_setup_py'
[0.272s] [34mcolcon.colcon_core.package_identification[0m [1;30mLevel 1[0m _identify(isaaclab_tasks/isaaclab_tasks/manager_based/manipulation/inhand/config/allegro_hand) by extensions ['ignore', 'ignore_ament_install']
[0.272s] [34mcolcon.colcon_core.package_identification[0m [1;30mLevel 1[0m _identify(isaaclab_tasks/isaaclab_tasks/manager_based/manipulation/inhand/config/allegro_hand) by extension 'ignore'
[0.272s] [34mcolcon.colcon_core.package_identification[0m [1;30mLevel 1[0m _identify(isaaclab_tasks/isaaclab_tasks/manager_based/manipulation/inhand/config/allegro_hand) by extension 'ignore_ament_install'
[0.272s] [34mcolcon.colcon_core.package_identification[0m [1;30mLevel 1[0m _identify(isaaclab_tasks/isaaclab_tasks/manager_based/manipulation/inhand/config/allegro_hand) by extensions ['colcon_pkg']
[0.272s] [34mcolcon.colcon_core.package_identification[0m [1;30mLevel 1[0m _identify(isaaclab_tasks/isaaclab_tasks/manager_based/manipulation/inhand/config/allegro_hand) by extension 'colcon_pkg'
[0.272s] [34mcolcon.colcon_core.package_identification[0m [1;30mLevel 1[0m _identify(isaaclab_tasks/isaaclab_tasks/manager_based/manipulation/inhand/config/allegro_hand) by extensions ['colcon_meta']
[0.272s] [34mcolcon.colcon_core.package_identification[0m [1;30mLevel 1[0m _identify(isaaclab_tasks/isaaclab_tasks/manager_based/manipulation/inhand/config/allegro_hand) by extension 'colcon_meta'
[0.272s] [34mcolcon.colcon_core.package_identification[0m [1;30mLevel 1[0m _identify(isaaclab_tasks/isaaclab_tasks/manager_based/manipulation/inhand/config/allegro_hand) by extensions ['ros']
[0.272s] [34mcolcon.colcon_core.package_identification[0m [1;30mLevel 1[0m _identify(isaaclab_tasks/isaaclab_tasks/manager_based/manipulation/inhand/config/allegro_hand) by extension 'ros'
[0.272s] [34mcolcon.colcon_core.package_identification[0m [1;30mLevel 1[0m _identify(isaaclab_tasks/isaaclab_tasks/manager_based/manipulation/inhand/config/allegro_hand) by extensions ['cmake', 'python']
[0.272s] [34mcolcon.colcon_core.package_identification[0m [1;30mLevel 1[0m _identify(isaaclab_tasks/isaaclab_tasks/manager_based/manipulation/inhand/config/allegro_hand) by extension 'cmake'
[0.272s] [34mcolcon.colcon_core.package_identification[0m [1;30mLevel 1[0m _identify(isaaclab_tasks/isaaclab_tasks/manager_based/manipulation/inhand/config/allegro_hand) by extension 'python'
[0.272s] [34mcolcon.colcon_core.package_identification[0m [1;30mLevel 1[0m _identify(isaaclab_tasks/isaaclab_tasks/manager_based/manipulation/inhand/config/allegro_hand) by extensions ['python_setup_py']
[0.272s] [34mcolcon.colcon_core.package_identification[0m [1;30mLevel 1[0m _identify(isaaclab_tasks/isaaclab_tasks/manager_based/manipulation/inhand/config/allegro_hand) by extension 'python_setup_py'
[0.273s] [34mcolcon.colcon_core.package_identification[0m [1;30mLevel 1[0m _identify(isaaclab_tasks/isaaclab_tasks/manager_based/manipulation/inhand/config/allegro_hand/__pycache__) by extensions ['ignore', 'ignore_ament_install']
[0.273s] [34mcolcon.colcon_core.package_identification[0m [1;30mLevel 1[0m _identify(isaaclab_tasks/isaaclab_tasks/manager_based/manipulation/inhand/config/allegro_hand/__pycache__) by extension 'ignore'
[0.273s] [34mcolcon.colcon_core.package_identification[0m [1;30mLevel 1[0m _identify(isaaclab_tasks/isaaclab_tasks/manager_based/manipulation/inhand/config/allegro_hand/__pycache__) by extension 'ignore_ament_install'
[0.273s] [34mcolcon.colcon_core.package_identification[0m [1;30mLevel 1[0m _identify(isaaclab_tasks/isaaclab_tasks/manager_based/manipulation/inhand/config/allegro_hand/__pycache__) by extensions ['colcon_pkg']
[0.273s] [34mcolcon.colcon_core.package_identification[0m [1;30mLevel 1[0m _identify(isaaclab_tasks/isaaclab_tasks/manager_based/manipulation/inhand/config/allegro_hand/__pycache__) by extension 'colcon_pkg'
[0.273s] [34mcolcon.colcon_core.package_identification[0m [1;30mLevel 1[0m _identify(isaaclab_tasks/isaaclab_tasks/manager_based/manipulation/inhand/config/allegro_hand/__pycache__) by extensions ['colcon_meta']
[0.273s] [34mcolcon.colcon_core.package_identification[0m [1;30mLevel 1[0m _identify(isaaclab_tasks/isaaclab_tasks/manager_based/manipulation/inhand/config/allegro_hand/__pycache__) by extension 'colcon_meta'
[0.273s] [34mcolcon.colcon_core.package_identification[0m [1;30mLevel 1[0m _identify(isaaclab_tasks/isaaclab_tasks/manager_based/manipulation/inhand/config/allegro_hand/__pycache__) by extensions ['ros']
[0.273s] [34mcolcon.colcon_core.package_identification[0m [1;30mLevel 1[0m _identify(isaaclab_tasks/isaaclab_tasks/manager_based/manipulation/inhand/config/allegro_hand/__pycache__) by extension 'ros'
[0.273s] [34mcolcon.colcon_core.package_identification[0m [1;30mLevel 1[0m _identify(isaaclab_tasks/isaaclab_tasks/manager_based/manipulation/inhand/config/allegro_hand/__pycache__) by extensions ['cmake', 'python']
[0.273s] [34mcolcon.colcon_core.package_identification[0m [1;30mLevel 1[0m _identify(isaaclab_tasks/isaaclab_tasks/manager_based/manipulation/inhand/config/allegro_hand/__pycache__) by extension 'cmake'
[0.273s] [34mcolcon.colcon_core.package_identification[0m [1;30mLevel 1[0m _identify(isaaclab_tasks/isaaclab_tasks/manager_based/manipulation/inhand/config/allegro_hand/__pycache__) by extension 'python'
[0.273s] [34mcolcon.colcon_core.package_identification[0m [1;30mLevel 1[0m _identify(isaaclab_tasks/isaaclab_tasks/manager_based/manipulation/inhand/config/allegro_hand/__pycache__) by extensions ['python_setup_py']
[0.273s] [34mcolcon.colcon_core.package_identification[0m [1;30mLevel 1[0m _identify(isaaclab_tasks/isaaclab_tasks/manager_based/manipulation/inhand/config/allegro_hand/__pycache__) by extension 'python_setup_py'
[0.273s] [34mcolcon.colcon_core.package_identification[0m [1;30mLevel 1[0m _identify(isaaclab_tasks/isaaclab_tasks/manager_based/manipulation/inhand/config/allegro_hand/agents) by extensions ['ignore', 'ignore_ament_install']
[0.273s] [34mcolcon.colcon_core.package_identification[0m [1;30mLevel 1[0m _identify(isaaclab_tasks/isaaclab_tasks/manager_based/manipulation/inhand/config/allegro_hand/agents) by extension 'ignore'
[0.273s] [34mcolcon.colcon_core.package_identification[0m [1;30mLevel 1[0m _identify(isaaclab_tasks/isaaclab_tasks/manager_based/manipulation/inhand/config/allegro_hand/agents) by extension 'ignore_ament_install'
[0.273s] [34mcolcon.colcon_core.package_identification[0m [1;30mLevel 1[0m _identify(isaaclab_tasks/isaaclab_tasks/manager_based/manipulation/inhand/config/allegro_hand/agents) by extensions ['colcon_pkg']
[0.273s] [34mcolcon.colcon_core.package_identification[0m [1;30mLevel 1[0m _identify(isaaclab_tasks/isaaclab_tasks/manager_based/manipulation/inhand/config/allegro_hand/agents) by extension 'colcon_pkg'
[0.273s] [34mcolcon.colcon_core.package_identification[0m [1;30mLevel 1[0m _identify(isaaclab_tasks/isaaclab_tasks/manager_based/manipulation/inhand/config/allegro_hand/agents) by extensions ['colcon_meta']
[0.273s] [34mcolcon.colcon_core.package_identification[0m [1;30mLevel 1[0m _identify(isaaclab_tasks/isaaclab_tasks/manager_based/manipulation/inhand/config/allegro_hand/agents) by extension 'colcon_meta'
[0.273s] [34mcolcon.colcon_core.package_identification[0m [1;30mLevel 1[0m _identify(isaaclab_tasks/isaaclab_tasks/manager_based/manipulation/inhand/config/allegro_hand/agents) by extensions ['ros']
[0.273s] [34mcolcon.colcon_core.package_identification[0m [1;30mLevel 1[0m _identify(isaaclab_tasks/isaaclab_tasks/manager_based/manipulation/inhand/config/allegro_hand/agents) by extension 'ros'
[0.273s] [34mcolcon.colcon_core.package_identification[0m [1;30mLevel 1[0m _identify(isaaclab_tasks/isaaclab_tasks/manager_based/manipulation/inhand/config/allegro_hand/agents) by extensions ['cmake', 'python']
[0.273s] [34mcolcon.colcon_core.package_identification[0m [1;30mLevel 1[0m _identify(isaaclab_tasks/isaaclab_tasks/manager_based/manipulation/inhand/config/allegro_hand/agents) by extension 'cmake'
[0.273s] [34mcolcon.colcon_core.package_identification[0m [1;30mLevel 1[0m _identify(isaaclab_tasks/isaaclab_tasks/manager_based/manipulation/inhand/config/allegro_hand/agents) by extension 'python'
[0.273s] [34mcolcon.colcon_core.package_identification[0m [1;30mLevel 1[0m _identify(isaaclab_tasks/isaaclab_tasks/manager_based/manipulation/inhand/config/allegro_hand/agents) by extensions ['python_setup_py']
[0.273s] [34mcolcon.colcon_core.package_identification[0m [1;30mLevel 1[0m _identify(isaaclab_tasks/isaaclab_tasks/manager_based/manipulation/inhand/config/allegro_hand/agents) by extension 'python_setup_py'
[0.273s] [34mcolcon.colcon_core.package_identification[0m [1;30mLevel 1[0m _identify(isaaclab_tasks/isaaclab_tasks/manager_based/manipulation/inhand/config/allegro_hand/agents/__pycache__) by extensions ['ignore', 'ignore_ament_install']
[0.273s] [34mcolcon.colcon_core.package_identification[0m [1;30mLevel 1[0m _identify(isaaclab_tasks/isaaclab_tasks/manager_based/manipulation/inhand/config/allegro_hand/agents/__pycache__) by extension 'ignore'
[0.273s] [34mcolcon.colcon_core.package_identification[0m [1;30mLevel 1[0m _identify(isaaclab_tasks/isaaclab_tasks/manager_based/manipulation/inhand/config/allegro_hand/agents/__pycache__) by extension 'ignore_ament_install'
[0.273s] [34mcolcon.colcon_core.package_identification[0m [1;30mLevel 1[0m _identify(isaaclab_tasks/isaaclab_tasks/manager_based/manipulation/inhand/config/allegro_hand/agents/__pycache__) by extensions ['colcon_pkg']
[0.273s] [34mcolcon.colcon_core.package_identification[0m [1;30mLevel 1[0m _identify(isaaclab_tasks/isaaclab_tasks/manager_based/manipulation/inhand/config/allegro_hand/agents/__pycache__) by extension 'colcon_pkg'
[0.273s] [34mcolcon.colcon_core.package_identification[0m [1;30mLevel 1[0m _identify(isaaclab_tasks/isaaclab_tasks/manager_based/manipulation/inhand/config/allegro_hand/agents/__pycache__) by extensions ['colcon_meta']
[0.273s] [34mcolcon.colcon_core.package_identification[0m [1;30mLevel 1[0m _identify(isaaclab_tasks/isaaclab_tasks/manager_based/manipulation/inhand/config/allegro_hand/agents/__pycache__) by extension 'colcon_meta'
[0.273s] [34mcolcon.colcon_core.package_identification[0m [1;30mLevel 1[0m _identify(isaaclab_tasks/isaaclab_tasks/manager_based/manipulation/inhand/config/allegro_hand/agents/__pycache__) by extensions ['ros']
[0.273s] [34mcolcon.colcon_core.package_identification[0m [1;30mLevel 1[0m _identify(isaaclab_tasks/isaaclab_tasks/manager_based/manipulation/inhand/config/allegro_hand/agents/__pycache__) by extension 'ros'
[0.273s] [34mcolcon.colcon_core.package_identification[0m [1;30mLevel 1[0m _identify(isaaclab_tasks/isaaclab_tasks/manager_based/manipulation/inhand/config/allegro_hand/agents/__pycache__) by extensions ['cmake', 'python']
[0.273s] [34mcolcon.colcon_core.package_identification[0m [1;30mLevel 1[0m _identify(isaaclab_tasks/isaaclab_tasks/manager_based/manipulation/inhand/config/allegro_hand/agents/__pycache__) by extension 'cmake'
[0.273s] [34mcolcon.colcon_core.package_identification[0m [1;30mLevel 1[0m _identify(isaaclab_tasks/isaaclab_tasks/manager_based/manipulation/inhand/config/allegro_hand/agents/__pycache__) by extension 'python'
[0.273s] [34mcolcon.colcon_core.package_identification[0m [1;30mLevel 1[0m _identify(isaaclab_tasks/isaaclab_tasks/manager_based/manipulation/inhand/config/allegro_hand/agents/__pycache__) by extensions ['python_setup_py']
[0.273s] [34mcolcon.colcon_core.package_identification[0m [1;30mLevel 1[0m _identify(isaaclab_tasks/isaaclab_tasks/manager_based/manipulation/inhand/config/allegro_hand/agents/__pycache__) by extension 'python_setup_py'
[0.273s] [34mcolcon.colcon_core.package_identification[0m [1;30mLevel 1[0m _identify(isaaclab_tasks/isaaclab_tasks/manager_based/manipulation/inhand/mdp) by extensions ['ignore', 'ignore_ament_install']
[0.273s] [34mcolcon.colcon_core.package_identification[0m [1;30mLevel 1[0m _identify(isaaclab_tasks/isaaclab_tasks/manager_based/manipulation/inhand/mdp) by extension 'ignore'
[0.273s] [34mcolcon.colcon_core.package_identification[0m [1;30mLevel 1[0m _identify(isaaclab_tasks/isaaclab_tasks/manager_based/manipulation/inhand/mdp) by extension 'ignore_ament_install'
[0.273s] [34mcolcon.colcon_core.package_identification[0m [1;30mLevel 1[0m _identify(isaaclab_tasks/isaaclab_tasks/manager_based/manipulation/inhand/mdp) by extensions ['colcon_pkg']
[0.273s] [34mcolcon.colcon_core.package_identification[0m [1;30mLevel 1[0m _identify(isaaclab_tasks/isaaclab_tasks/manager_based/manipulation/inhand/mdp) by extension 'colcon_pkg'
[0.273s] [34mcolcon.colcon_core.package_identification[0m [1;30mLevel 1[0m _identify(isaaclab_tasks/isaaclab_tasks/manager_based/manipulation/inhand/mdp) by extensions ['colcon_meta']
[0.273s] [34mcolcon.colcon_core.package_identification[0m [1;30mLevel 1[0m _identify(isaaclab_tasks/isaaclab_tasks/manager_based/manipulation/inhand/mdp) by extension 'colcon_meta'
[0.273s] [34mcolcon.colcon_core.package_identification[0m [1;30mLevel 1[0m _identify(isaaclab_tasks/isaaclab_tasks/manager_based/manipulation/inhand/mdp) by extensions ['ros']
[0.274s] [34mcolcon.colcon_core.package_identification[0m [1;30mLevel 1[0m _identify(isaaclab_tasks/isaaclab_tasks/manager_based/manipulation/inhand/mdp) by extension 'ros'
[0.274s] [34mcolcon.colcon_core.package_identification[0m [1;30mLevel 1[0m _identify(isaaclab_tasks/isaaclab_tasks/manager_based/manipulation/inhand/mdp) by extensions ['cmake', 'python']
[0.274s] [34mcolcon.colcon_core.package_identification[0m [1;30mLevel 1[0m _identify(isaaclab_tasks/isaaclab_tasks/manager_based/manipulation/inhand/mdp) by extension 'cmake'
[0.274s] [34mcolcon.colcon_core.package_identification[0m [1;30mLevel 1[0m _identify(isaaclab_tasks/isaaclab_tasks/manager_based/manipulation/inhand/mdp) by extension 'python'
[0.274s] [34mcolcon.colcon_core.package_identification[0m [1;30mLevel 1[0m _identify(isaaclab_tasks/isaaclab_tasks/manager_based/manipulation/inhand/mdp) by extensions ['python_setup_py']
[0.274s] [34mcolcon.colcon_core.package_identification[0m [1;30mLevel 1[0m _identify(isaaclab_tasks/isaaclab_tasks/manager_based/manipulation/inhand/mdp) by extension 'python_setup_py'
[0.274s] [34mcolcon.colcon_core.package_identification[0m [1;30mLevel 1[0m _identify(isaaclab_tasks/isaaclab_tasks/manager_based/manipulation/inhand/mdp/commands) by extensions ['ignore', 'ignore_ament_install']
[0.274s] [34mcolcon.colcon_core.package_identification[0m [1;30mLevel 1[0m _identify(isaaclab_tasks/isaaclab_tasks/manager_based/manipulation/inhand/mdp/commands) by extension 'ignore'
[0.274s] [34mcolcon.colcon_core.package_identification[0m [1;30mLevel 1[0m _identify(isaaclab_tasks/isaaclab_tasks/manager_based/manipulation/inhand/mdp/commands) by extension 'ignore_ament_install'
[0.274s] [34mcolcon.colcon_core.package_identification[0m [1;30mLevel 1[0m _identify(isaaclab_tasks/isaaclab_tasks/manager_based/manipulation/inhand/mdp/commands) by extensions ['colcon_pkg']
[0.274s] [34mcolcon.colcon_core.package_identification[0m [1;30mLevel 1[0m _identify(isaaclab_tasks/isaaclab_tasks/manager_based/manipulation/inhand/mdp/commands) by extension 'colcon_pkg'
[0.274s] [34mcolcon.colcon_core.package_identification[0m [1;30mLevel 1[0m _identify(isaaclab_tasks/isaaclab_tasks/manager_based/manipulation/inhand/mdp/commands) by extensions ['colcon_meta']
[0.274s] [34mcolcon.colcon_core.package_identification[0m [1;30mLevel 1[0m _identify(isaaclab_tasks/isaaclab_tasks/manager_based/manipulation/inhand/mdp/commands) by extension 'colcon_meta'
[0.274s] [34mcolcon.colcon_core.package_identification[0m [1;30mLevel 1[0m _identify(isaaclab_tasks/isaaclab_tasks/manager_based/manipulation/inhand/mdp/commands) by extensions ['ros']
[0.274s] [34mcolcon.colcon_core.package_identification[0m [1;30mLevel 1[0m _identify(isaaclab_tasks/isaaclab_tasks/manager_based/manipulation/inhand/mdp/commands) by extension 'ros'
[0.274s] [34mcolcon.colcon_core.package_identification[0m [1;30mLevel 1[0m _identify(isaaclab_tasks/isaaclab_tasks/manager_based/manipulation/inhand/mdp/commands) by extensions ['cmake', 'python']
[0.274s] [34mcolcon.colcon_core.package_identification[0m [1;30mLevel 1[0m _identify(isaaclab_tasks/isaaclab_tasks/manager_based/manipulation/inhand/mdp/commands) by extension 'cmake'
[0.274s] [34mcolcon.colcon_core.package_identification[0m [1;30mLevel 1[0m _identify(isaaclab_tasks/isaaclab_tasks/manager_based/manipulation/inhand/mdp/commands) by extension 'python'
[0.274s] [34mcolcon.colcon_core.package_identification[0m [1;30mLevel 1[0m _identify(isaaclab_tasks/isaaclab_tasks/manager_based/manipulation/inhand/mdp/commands) by extensions ['python_setup_py']
[0.274s] [34mcolcon.colcon_core.package_identification[0m [1;30mLevel 1[0m _identify(isaaclab_tasks/isaaclab_tasks/manager_based/manipulation/inhand/mdp/commands) by extension 'python_setup_py'
[0.274s] [34mcolcon.colcon_core.package_identification[0m [1;30mLevel 1[0m _identify(isaaclab_tasks/isaaclab_tasks/manager_based/manipulation/lift) by extensions ['ignore', 'ignore_ament_install']
[0.274s] [34mcolcon.colcon_core.package_identification[0m [1;30mLevel 1[0m _identify(isaaclab_tasks/isaaclab_tasks/manager_based/manipulation/lift) by extension 'ignore'
[0.274s] [34mcolcon.colcon_core.package_identification[0m [1;30mLevel 1[0m _identify(isaaclab_tasks/isaaclab_tasks/manager_based/manipulation/lift) by extension 'ignore_ament_install'
[0.274s] [34mcolcon.colcon_core.package_identification[0m [1;30mLevel 1[0m _identify(isaaclab_tasks/isaaclab_tasks/manager_based/manipulation/lift) by extensions ['colcon_pkg']
[0.274s] [34mcolcon.colcon_core.package_identification[0m [1;30mLevel 1[0m _identify(isaaclab_tasks/isaaclab_tasks/manager_based/manipulation/lift) by extension 'colcon_pkg'
[0.274s] [34mcolcon.colcon_core.package_identification[0m [1;30mLevel 1[0m _identify(isaaclab_tasks/isaaclab_tasks/manager_based/manipulation/lift) by extensions ['colcon_meta']
[0.274s] [34mcolcon.colcon_core.package_identification[0m [1;30mLevel 1[0m _identify(isaaclab_tasks/isaaclab_tasks/manager_based/manipulation/lift) by extension 'colcon_meta'
[0.274s] [34mcolcon.colcon_core.package_identification[0m [1;30mLevel 1[0m _identify(isaaclab_tasks/isaaclab_tasks/manager_based/manipulation/lift) by extensions ['ros']
[0.274s] [34mcolcon.colcon_core.package_identification[0m [1;30mLevel 1[0m _identify(isaaclab_tasks/isaaclab_tasks/manager_based/manipulation/lift) by extension 'ros'
[0.274s] [34mcolcon.colcon_core.package_identification[0m [1;30mLevel 1[0m _identify(isaaclab_tasks/isaaclab_tasks/manager_based/manipulation/lift) by extensions ['cmake', 'python']
[0.274s] [34mcolcon.colcon_core.package_identification[0m [1;30mLevel 1[0m _identify(isaaclab_tasks/isaaclab_tasks/manager_based/manipulation/lift) by extension 'cmake'
[0.274s] [34mcolcon.colcon_core.package_identification[0m [1;30mLevel 1[0m _identify(isaaclab_tasks/isaaclab_tasks/manager_based/manipulation/lift) by extension 'python'
[0.274s] [34mcolcon.colcon_core.package_identification[0m [1;30mLevel 1[0m _identify(isaaclab_tasks/isaaclab_tasks/manager_based/manipulation/lift) by extensions ['python_setup_py']
[0.274s] [34mcolcon.colcon_core.package_identification[0m [1;30mLevel 1[0m _identify(isaaclab_tasks/isaaclab_tasks/manager_based/manipulation/lift) by extension 'python_setup_py'
[0.274s] [34mcolcon.colcon_core.package_identification[0m [1;30mLevel 1[0m _identify(isaaclab_tasks/isaaclab_tasks/manager_based/manipulation/lift/__pycache__) by extensions ['ignore', 'ignore_ament_install']
[0.274s] [34mcolcon.colcon_core.package_identification[0m [1;30mLevel 1[0m _identify(isaaclab_tasks/isaaclab_tasks/manager_based/manipulation/lift/__pycache__) by extension 'ignore'
[0.274s] [34mcolcon.colcon_core.package_identification[0m [1;30mLevel 1[0m _identify(isaaclab_tasks/isaaclab_tasks/manager_based/manipulation/lift/__pycache__) by extension 'ignore_ament_install'
[0.274s] [34mcolcon.colcon_core.package_identification[0m [1;30mLevel 1[0m _identify(isaaclab_tasks/isaaclab_tasks/manager_based/manipulation/lift/__pycache__) by extensions ['colcon_pkg']
[0.274s] [34mcolcon.colcon_core.package_identification[0m [1;30mLevel 1[0m _identify(isaaclab_tasks/isaaclab_tasks/manager_based/manipulation/lift/__pycache__) by extension 'colcon_pkg'
[0.274s] [34mcolcon.colcon_core.package_identification[0m [1;30mLevel 1[0m _identify(isaaclab_tasks/isaaclab_tasks/manager_based/manipulation/lift/__pycache__) by extensions ['colcon_meta']
[0.274s] [34mcolcon.colcon_core.package_identification[0m [1;30mLevel 1[0m _identify(isaaclab_tasks/isaaclab_tasks/manager_based/manipulation/lift/__pycache__) by extension 'colcon_meta'
[0.274s] [34mcolcon.colcon_core.package_identification[0m [1;30mLevel 1[0m _identify(isaaclab_tasks/isaaclab_tasks/manager_based/manipulation/lift/__pycache__) by extensions ['ros']
[0.274s] [34mcolcon.colcon_core.package_identification[0m [1;30mLevel 1[0m _identify(isaaclab_tasks/isaaclab_tasks/manager_based/manipulation/lift/__pycache__) by extension 'ros'
[0.274s] [34mcolcon.colcon_core.package_identification[0m [1;30mLevel 1[0m _identify(isaaclab_tasks/isaaclab_tasks/manager_based/manipulation/lift/__pycache__) by extensions ['cmake', 'python']
[0.274s] [34mcolcon.colcon_core.package_identification[0m [1;30mLevel 1[0m _identify(isaaclab_tasks/isaaclab_tasks/manager_based/manipulation/lift/__pycache__) by extension 'cmake'
[0.274s] [34mcolcon.colcon_core.package_identification[0m [1;30mLevel 1[0m _identify(isaaclab_tasks/isaaclab_tasks/manager_based/manipulation/lift/__pycache__) by extension 'python'
[0.274s] [34mcolcon.colcon_core.package_identification[0m [1;30mLevel 1[0m _identify(isaaclab_tasks/isaaclab_tasks/manager_based/manipulation/lift/__pycache__) by extensions ['python_setup_py']
[0.274s] [34mcolcon.colcon_core.package_identification[0m [1;30mLevel 1[0m _identify(isaaclab_tasks/isaaclab_tasks/manager_based/manipulation/lift/__pycache__) by extension 'python_setup_py'
[0.274s] [34mcolcon.colcon_core.package_identification[0m [1;30mLevel 1[0m _identify(isaaclab_tasks/isaaclab_tasks/manager_based/manipulation/lift/config) by extensions ['ignore', 'ignore_ament_install']
[0.274s] [34mcolcon.colcon_core.package_identification[0m [1;30mLevel 1[0m _identify(isaaclab_tasks/isaaclab_tasks/manager_based/manipulation/lift/config) by extension 'ignore'
[0.275s] [34mcolcon.colcon_core.package_identification[0m [1;30mLevel 1[0m _identify(isaaclab_tasks/isaaclab_tasks/manager_based/manipulation/lift/config) by extension 'ignore_ament_install'
[0.275s] [34mcolcon.colcon_core.package_identification[0m [1;30mLevel 1[0m _identify(isaaclab_tasks/isaaclab_tasks/manager_based/manipulation/lift/config) by extensions ['colcon_pkg']
[0.275s] [34mcolcon.colcon_core.package_identification[0m [1;30mLevel 1[0m _identify(isaaclab_tasks/isaaclab_tasks/manager_based/manipulation/lift/config) by extension 'colcon_pkg'
[0.275s] [34mcolcon.colcon_core.package_identification[0m [1;30mLevel 1[0m _identify(isaaclab_tasks/isaaclab_tasks/manager_based/manipulation/lift/config) by extensions ['colcon_meta']
[0.275s] [34mcolcon.colcon_core.package_identification[0m [1;30mLevel 1[0m _identify(isaaclab_tasks/isaaclab_tasks/manager_based/manipulation/lift/config) by extension 'colcon_meta'
[0.275s] [34mcolcon.colcon_core.package_identification[0m [1;30mLevel 1[0m _identify(isaaclab_tasks/isaaclab_tasks/manager_based/manipulation/lift/config) by extensions ['ros']
[0.275s] [34mcolcon.colcon_core.package_identification[0m [1;30mLevel 1[0m _identify(isaaclab_tasks/isaaclab_tasks/manager_based/manipulation/lift/config) by extension 'ros'
[0.275s] [34mcolcon.colcon_core.package_identification[0m [1;30mLevel 1[0m _identify(isaaclab_tasks/isaaclab_tasks/manager_based/manipulation/lift/config) by extensions ['cmake', 'python']
[0.275s] [34mcolcon.colcon_core.package_identification[0m [1;30mLevel 1[0m _identify(isaaclab_tasks/isaaclab_tasks/manager_based/manipulation/lift/config) by extension 'cmake'
[0.275s] [34mcolcon.colcon_core.package_identification[0m [1;30mLevel 1[0m _identify(isaaclab_tasks/isaaclab_tasks/manager_based/manipulation/lift/config) by extension 'python'
[0.275s] [34mcolcon.colcon_core.package_identification[0m [1;30mLevel 1[0m _identify(isaaclab_tasks/isaaclab_tasks/manager_based/manipulation/lift/config) by extensions ['python_setup_py']
[0.275s] [34mcolcon.colcon_core.package_identification[0m [1;30mLevel 1[0m _identify(isaaclab_tasks/isaaclab_tasks/manager_based/manipulation/lift/config) by extension 'python_setup_py'
[0.275s] [34mcolcon.colcon_core.package_identification[0m [1;30mLevel 1[0m _identify(isaaclab_tasks/isaaclab_tasks/manager_based/manipulation/lift/config/__pycache__) by extensions ['ignore', 'ignore_ament_install']
[0.275s] [34mcolcon.colcon_core.package_identification[0m [1;30mLevel 1[0m _identify(isaaclab_tasks/isaaclab_tasks/manager_based/manipulation/lift/config/__pycache__) by extension 'ignore'
[0.275s] [34mcolcon.colcon_core.package_identification[0m [1;30mLevel 1[0m _identify(isaaclab_tasks/isaaclab_tasks/manager_based/manipulation/lift/config/__pycache__) by extension 'ignore_ament_install'
[0.275s] [34mcolcon.colcon_core.package_identification[0m [1;30mLevel 1[0m _identify(isaaclab_tasks/isaaclab_tasks/manager_based/manipulation/lift/config/__pycache__) by extensions ['colcon_pkg']
[0.275s] [34mcolcon.colcon_core.package_identification[0m [1;30mLevel 1[0m _identify(isaaclab_tasks/isaaclab_tasks/manager_based/manipulation/lift/config/__pycache__) by extension 'colcon_pkg'
[0.275s] [34mcolcon.colcon_core.package_identification[0m [1;30mLevel 1[0m _identify(isaaclab_tasks/isaaclab_tasks/manager_based/manipulation/lift/config/__pycache__) by extensions ['colcon_meta']
[0.275s] [34mcolcon.colcon_core.package_identification[0m [1;30mLevel 1[0m _identify(isaaclab_tasks/isaaclab_tasks/manager_based/manipulation/lift/config/__pycache__) by extension 'colcon_meta'
[0.275s] [34mcolcon.colcon_core.package_identification[0m [1;30mLevel 1[0m _identify(isaaclab_tasks/isaaclab_tasks/manager_based/manipulation/lift/config/__pycache__) by extensions ['ros']
[0.275s] [34mcolcon.colcon_core.package_identification[0m [1;30mLevel 1[0m _identify(isaaclab_tasks/isaaclab_tasks/manager_based/manipulation/lift/config/__pycache__) by extension 'ros'
[0.275s] [34mcolcon.colcon_core.package_identification[0m [1;30mLevel 1[0m _identify(isaaclab_tasks/isaaclab_tasks/manager_based/manipulation/lift/config/__pycache__) by extensions ['cmake', 'python']
[0.275s] [34mcolcon.colcon_core.package_identification[0m [1;30mLevel 1[0m _identify(isaaclab_tasks/isaaclab_tasks/manager_based/manipulation/lift/config/__pycache__) by extension 'cmake'
[0.275s] [34mcolcon.colcon_core.package_identification[0m [1;30mLevel 1[0m _identify(isaaclab_tasks/isaaclab_tasks/manager_based/manipulation/lift/config/__pycache__) by extension 'python'
[0.275s] [34mcolcon.colcon_core.package_identification[0m [1;30mLevel 1[0m _identify(isaaclab_tasks/isaaclab_tasks/manager_based/manipulation/lift/config/__pycache__) by extensions ['python_setup_py']
[0.275s] [34mcolcon.colcon_core.package_identification[0m [1;30mLevel 1[0m _identify(isaaclab_tasks/isaaclab_tasks/manager_based/manipulation/lift/config/__pycache__) by extension 'python_setup_py'
[0.275s] [34mcolcon.colcon_core.package_identification[0m [1;30mLevel 1[0m _identify(isaaclab_tasks/isaaclab_tasks/manager_based/manipulation/lift/config/franka) by extensions ['ignore', 'ignore_ament_install']
[0.275s] [34mcolcon.colcon_core.package_identification[0m [1;30mLevel 1[0m _identify(isaaclab_tasks/isaaclab_tasks/manager_based/manipulation/lift/config/franka) by extension 'ignore'
[0.275s] [34mcolcon.colcon_core.package_identification[0m [1;30mLevel 1[0m _identify(isaaclab_tasks/isaaclab_tasks/manager_based/manipulation/lift/config/franka) by extension 'ignore_ament_install'
[0.275s] [34mcolcon.colcon_core.package_identification[0m [1;30mLevel 1[0m _identify(isaaclab_tasks/isaaclab_tasks/manager_based/manipulation/lift/config/franka) by extensions ['colcon_pkg']
[0.275s] [34mcolcon.colcon_core.package_identification[0m [1;30mLevel 1[0m _identify(isaaclab_tasks/isaaclab_tasks/manager_based/manipulation/lift/config/franka) by extension 'colcon_pkg'
[0.275s] [34mcolcon.colcon_core.package_identification[0m [1;30mLevel 1[0m _identify(isaaclab_tasks/isaaclab_tasks/manager_based/manipulation/lift/config/franka) by extensions ['colcon_meta']
[0.275s] [34mcolcon.colcon_core.package_identification[0m [1;30mLevel 1[0m _identify(isaaclab_tasks/isaaclab_tasks/manager_based/manipulation/lift/config/franka) by extension 'colcon_meta'
[0.275s] [34mcolcon.colcon_core.package_identification[0m [1;30mLevel 1[0m _identify(isaaclab_tasks/isaaclab_tasks/manager_based/manipulation/lift/config/franka) by extensions ['ros']
[0.275s] [34mcolcon.colcon_core.package_identification[0m [1;30mLevel 1[0m _identify(isaaclab_tasks/isaaclab_tasks/manager_based/manipulation/lift/config/franka) by extension 'ros'
[0.275s] [34mcolcon.colcon_core.package_identification[0m [1;30mLevel 1[0m _identify(isaaclab_tasks/isaaclab_tasks/manager_based/manipulation/lift/config/franka) by extensions ['cmake', 'python']
[0.275s] [34mcolcon.colcon_core.package_identification[0m [1;30mLevel 1[0m _identify(isaaclab_tasks/isaaclab_tasks/manager_based/manipulation/lift/config/franka) by extension 'cmake'
[0.275s] [34mcolcon.colcon_core.package_identification[0m [1;30mLevel 1[0m _identify(isaaclab_tasks/isaaclab_tasks/manager_based/manipulation/lift/config/franka) by extension 'python'
[0.275s] [34mcolcon.colcon_core.package_identification[0m [1;30mLevel 1[0m _identify(isaaclab_tasks/isaaclab_tasks/manager_based/manipulation/lift/config/franka) by extensions ['python_setup_py']
[0.275s] [34mcolcon.colcon_core.package_identification[0m [1;30mLevel 1[0m _identify(isaaclab_tasks/isaaclab_tasks/manager_based/manipulation/lift/config/franka) by extension 'python_setup_py'
[0.275s] [34mcolcon.colcon_core.package_identification[0m [1;30mLevel 1[0m _identify(isaaclab_tasks/isaaclab_tasks/manager_based/manipulation/lift/config/franka/__pycache__) by extensions ['ignore', 'ignore_ament_install']
[0.275s] [34mcolcon.colcon_core.package_identification[0m [1;30mLevel 1[0m _identify(isaaclab_tasks/isaaclab_tasks/manager_based/manipulation/lift/config/franka/__pycache__) by extension 'ignore'
[0.275s] [34mcolcon.colcon_core.package_identification[0m [1;30mLevel 1[0m _identify(isaaclab_tasks/isaaclab_tasks/manager_based/manipulation/lift/config/franka/__pycache__) by extension 'ignore_ament_install'
[0.275s] [34mcolcon.colcon_core.package_identification[0m [1;30mLevel 1[0m _identify(isaaclab_tasks/isaaclab_tasks/manager_based/manipulation/lift/config/franka/__pycache__) by extensions ['colcon_pkg']
[0.275s] [34mcolcon.colcon_core.package_identification[0m [1;30mLevel 1[0m _identify(isaaclab_tasks/isaaclab_tasks/manager_based/manipulation/lift/config/franka/__pycache__) by extension 'colcon_pkg'
[0.275s] [34mcolcon.colcon_core.package_identification[0m [1;30mLevel 1[0m _identify(isaaclab_tasks/isaaclab_tasks/manager_based/manipulation/lift/config/franka/__pycache__) by extensions ['colcon_meta']
[0.275s] [34mcolcon.colcon_core.package_identification[0m [1;30mLevel 1[0m _identify(isaaclab_tasks/isaaclab_tasks/manager_based/manipulation/lift/config/franka/__pycache__) by extension 'colcon_meta'
[0.275s] [34mcolcon.colcon_core.package_identification[0m [1;30mLevel 1[0m _identify(isaaclab_tasks/isaaclab_tasks/manager_based/manipulation/lift/config/franka/__pycache__) by extensions ['ros']
[0.275s] [34mcolcon.colcon_core.package_identification[0m [1;30mLevel 1[0m _identify(isaaclab_tasks/isaaclab_tasks/manager_based/manipulation/lift/config/franka/__pycache__) by extension 'ros'
[0.275s] [34mcolcon.colcon_core.package_identification[0m [1;30mLevel 1[0m _identify(isaaclab_tasks/isaaclab_tasks/manager_based/manipulation/lift/config/franka/__pycache__) by extensions ['cmake', 'python']
[0.275s] [34mcolcon.colcon_core.package_identification[0m [1;30mLevel 1[0m _identify(isaaclab_tasks/isaaclab_tasks/manager_based/manipulation/lift/config/franka/__pycache__) by extension 'cmake'
[0.275s] [34mcolcon.colcon_core.package_identification[0m [1;30mLevel 1[0m _identify(isaaclab_tasks/isaaclab_tasks/manager_based/manipulation/lift/config/franka/__pycache__) by extension 'python'
[0.276s] [34mcolcon.colcon_core.package_identification[0m [1;30mLevel 1[0m _identify(isaaclab_tasks/isaaclab_tasks/manager_based/manipulation/lift/config/franka/__pycache__) by extensions ['python_setup_py']
[0.276s] [34mcolcon.colcon_core.package_identification[0m [1;30mLevel 1[0m _identify(isaaclab_tasks/isaaclab_tasks/manager_based/manipulation/lift/config/franka/__pycache__) by extension 'python_setup_py'
[0.276s] [34mcolcon.colcon_core.package_identification[0m [1;30mLevel 1[0m _identify(isaaclab_tasks/isaaclab_tasks/manager_based/manipulation/lift/config/franka/agents) by extensions ['ignore', 'ignore_ament_install']
[0.276s] [34mcolcon.colcon_core.package_identification[0m [1;30mLevel 1[0m _identify(isaaclab_tasks/isaaclab_tasks/manager_based/manipulation/lift/config/franka/agents) by extension 'ignore'
[0.276s] [34mcolcon.colcon_core.package_identification[0m [1;30mLevel 1[0m _identify(isaaclab_tasks/isaaclab_tasks/manager_based/manipulation/lift/config/franka/agents) by extension 'ignore_ament_install'
[0.276s] [34mcolcon.colcon_core.package_identification[0m [1;30mLevel 1[0m _identify(isaaclab_tasks/isaaclab_tasks/manager_based/manipulation/lift/config/franka/agents) by extensions ['colcon_pkg']
[0.276s] [34mcolcon.colcon_core.package_identification[0m [1;30mLevel 1[0m _identify(isaaclab_tasks/isaaclab_tasks/manager_based/manipulation/lift/config/franka/agents) by extension 'colcon_pkg'
[0.276s] [34mcolcon.colcon_core.package_identification[0m [1;30mLevel 1[0m _identify(isaaclab_tasks/isaaclab_tasks/manager_based/manipulation/lift/config/franka/agents) by extensions ['colcon_meta']
[0.276s] [34mcolcon.colcon_core.package_identification[0m [1;30mLevel 1[0m _identify(isaaclab_tasks/isaaclab_tasks/manager_based/manipulation/lift/config/franka/agents) by extension 'colcon_meta'
[0.276s] [34mcolcon.colcon_core.package_identification[0m [1;30mLevel 1[0m _identify(isaaclab_tasks/isaaclab_tasks/manager_based/manipulation/lift/config/franka/agents) by extensions ['ros']
[0.276s] [34mcolcon.colcon_core.package_identification[0m [1;30mLevel 1[0m _identify(isaaclab_tasks/isaaclab_tasks/manager_based/manipulation/lift/config/franka/agents) by extension 'ros'
[0.276s] [34mcolcon.colcon_core.package_identification[0m [1;30mLevel 1[0m _identify(isaaclab_tasks/isaaclab_tasks/manager_based/manipulation/lift/config/franka/agents) by extensions ['cmake', 'python']
[0.276s] [34mcolcon.colcon_core.package_identification[0m [1;30mLevel 1[0m _identify(isaaclab_tasks/isaaclab_tasks/manager_based/manipulation/lift/config/franka/agents) by extension 'cmake'
[0.276s] [34mcolcon.colcon_core.package_identification[0m [1;30mLevel 1[0m _identify(isaaclab_tasks/isaaclab_tasks/manager_based/manipulation/lift/config/franka/agents) by extension 'python'
[0.276s] [34mcolcon.colcon_core.package_identification[0m [1;30mLevel 1[0m _identify(isaaclab_tasks/isaaclab_tasks/manager_based/manipulation/lift/config/franka/agents) by extensions ['python_setup_py']
[0.276s] [34mcolcon.colcon_core.package_identification[0m [1;30mLevel 1[0m _identify(isaaclab_tasks/isaaclab_tasks/manager_based/manipulation/lift/config/franka/agents) by extension 'python_setup_py'
[0.276s] [34mcolcon.colcon_core.package_identification[0m [1;30mLevel 1[0m _identify(isaaclab_tasks/isaaclab_tasks/manager_based/manipulation/lift/config/franka/agents/__pycache__) by extensions ['ignore', 'ignore_ament_install']
[0.276s] [34mcolcon.colcon_core.package_identification[0m [1;30mLevel 1[0m _identify(isaaclab_tasks/isaaclab_tasks/manager_based/manipulation/lift/config/franka/agents/__pycache__) by extension 'ignore'
[0.276s] [34mcolcon.colcon_core.package_identification[0m [1;30mLevel 1[0m _identify(isaaclab_tasks/isaaclab_tasks/manager_based/manipulation/lift/config/franka/agents/__pycache__) by extension 'ignore_ament_install'
[0.276s] [34mcolcon.colcon_core.package_identification[0m [1;30mLevel 1[0m _identify(isaaclab_tasks/isaaclab_tasks/manager_based/manipulation/lift/config/franka/agents/__pycache__) by extensions ['colcon_pkg']
[0.276s] [34mcolcon.colcon_core.package_identification[0m [1;30mLevel 1[0m _identify(isaaclab_tasks/isaaclab_tasks/manager_based/manipulation/lift/config/franka/agents/__pycache__) by extension 'colcon_pkg'
[0.276s] [34mcolcon.colcon_core.package_identification[0m [1;30mLevel 1[0m _identify(isaaclab_tasks/isaaclab_tasks/manager_based/manipulation/lift/config/franka/agents/__pycache__) by extensions ['colcon_meta']
[0.276s] [34mcolcon.colcon_core.package_identification[0m [1;30mLevel 1[0m _identify(isaaclab_tasks/isaaclab_tasks/manager_based/manipulation/lift/config/franka/agents/__pycache__) by extension 'colcon_meta'
[0.276s] [34mcolcon.colcon_core.package_identification[0m [1;30mLevel 1[0m _identify(isaaclab_tasks/isaaclab_tasks/manager_based/manipulation/lift/config/franka/agents/__pycache__) by extensions ['ros']
[0.276s] [34mcolcon.colcon_core.package_identification[0m [1;30mLevel 1[0m _identify(isaaclab_tasks/isaaclab_tasks/manager_based/manipulation/lift/config/franka/agents/__pycache__) by extension 'ros'
[0.276s] [34mcolcon.colcon_core.package_identification[0m [1;30mLevel 1[0m _identify(isaaclab_tasks/isaaclab_tasks/manager_based/manipulation/lift/config/franka/agents/__pycache__) by extensions ['cmake', 'python']
[0.276s] [34mcolcon.colcon_core.package_identification[0m [1;30mLevel 1[0m _identify(isaaclab_tasks/isaaclab_tasks/manager_based/manipulation/lift/config/franka/agents/__pycache__) by extension 'cmake'
[0.276s] [34mcolcon.colcon_core.package_identification[0m [1;30mLevel 1[0m _identify(isaaclab_tasks/isaaclab_tasks/manager_based/manipulation/lift/config/franka/agents/__pycache__) by extension 'python'
[0.276s] [34mcolcon.colcon_core.package_identification[0m [1;30mLevel 1[0m _identify(isaaclab_tasks/isaaclab_tasks/manager_based/manipulation/lift/config/franka/agents/__pycache__) by extensions ['python_setup_py']
[0.276s] [34mcolcon.colcon_core.package_identification[0m [1;30mLevel 1[0m _identify(isaaclab_tasks/isaaclab_tasks/manager_based/manipulation/lift/config/franka/agents/__pycache__) by extension 'python_setup_py'
[0.276s] [34mcolcon.colcon_core.package_identification[0m [1;30mLevel 1[0m _identify(isaaclab_tasks/isaaclab_tasks/manager_based/manipulation/lift/config/franka/agents/robomimic) by extensions ['ignore', 'ignore_ament_install']
[0.276s] [34mcolcon.colcon_core.package_identification[0m [1;30mLevel 1[0m _identify(isaaclab_tasks/isaaclab_tasks/manager_based/manipulation/lift/config/franka/agents/robomimic) by extension 'ignore'
[0.276s] [34mcolcon.colcon_core.package_identification[0m [1;30mLevel 1[0m _identify(isaaclab_tasks/isaaclab_tasks/manager_based/manipulation/lift/config/franka/agents/robomimic) by extension 'ignore_ament_install'
[0.276s] [34mcolcon.colcon_core.package_identification[0m [1;30mLevel 1[0m _identify(isaaclab_tasks/isaaclab_tasks/manager_based/manipulation/lift/config/franka/agents/robomimic) by extensions ['colcon_pkg']
[0.276s] [34mcolcon.colcon_core.package_identification[0m [1;30mLevel 1[0m _identify(isaaclab_tasks/isaaclab_tasks/manager_based/manipulation/lift/config/franka/agents/robomimic) by extension 'colcon_pkg'
[0.276s] [34mcolcon.colcon_core.package_identification[0m [1;30mLevel 1[0m _identify(isaaclab_tasks/isaaclab_tasks/manager_based/manipulation/lift/config/franka/agents/robomimic) by extensions ['colcon_meta']
[0.276s] [34mcolcon.colcon_core.package_identification[0m [1;30mLevel 1[0m _identify(isaaclab_tasks/isaaclab_tasks/manager_based/manipulation/lift/config/franka/agents/robomimic) by extension 'colcon_meta'
[0.276s] [34mcolcon.colcon_core.package_identification[0m [1;30mLevel 1[0m _identify(isaaclab_tasks/isaaclab_tasks/manager_based/manipulation/lift/config/franka/agents/robomimic) by extensions ['ros']
[0.276s] [34mcolcon.colcon_core.package_identification[0m [1;30mLevel 1[0m _identify(isaaclab_tasks/isaaclab_tasks/manager_based/manipulation/lift/config/franka/agents/robomimic) by extension 'ros'
[0.276s] [34mcolcon.colcon_core.package_identification[0m [1;30mLevel 1[0m _identify(isaaclab_tasks/isaaclab_tasks/manager_based/manipulation/lift/config/franka/agents/robomimic) by extensions ['cmake', 'python']
[0.276s] [34mcolcon.colcon_core.package_identification[0m [1;30mLevel 1[0m _identify(isaaclab_tasks/isaaclab_tasks/manager_based/manipulation/lift/config/franka/agents/robomimic) by extension 'cmake'
[0.276s] [34mcolcon.colcon_core.package_identification[0m [1;30mLevel 1[0m _identify(isaaclab_tasks/isaaclab_tasks/manager_based/manipulation/lift/config/franka/agents/robomimic) by extension 'python'
[0.276s] [34mcolcon.colcon_core.package_identification[0m [1;30mLevel 1[0m _identify(isaaclab_tasks/isaaclab_tasks/manager_based/manipulation/lift/config/franka/agents/robomimic) by extensions ['python_setup_py']
[0.276s] [34mcolcon.colcon_core.package_identification[0m [1;30mLevel 1[0m _identify(isaaclab_tasks/isaaclab_tasks/manager_based/manipulation/lift/config/franka/agents/robomimic) by extension 'python_setup_py'
[0.276s] [34mcolcon.colcon_core.package_identification[0m [1;30mLevel 1[0m _identify(isaaclab_tasks/isaaclab_tasks/manager_based/manipulation/lift/mdp) by extensions ['ignore', 'ignore_ament_install']
[0.276s] [34mcolcon.colcon_core.package_identification[0m [1;30mLevel 1[0m _identify(isaaclab_tasks/isaaclab_tasks/manager_based/manipulation/lift/mdp) by extension 'ignore'
[0.276s] [34mcolcon.colcon_core.package_identification[0m [1;30mLevel 1[0m _identify(isaaclab_tasks/isaaclab_tasks/manager_based/manipulation/lift/mdp) by extension 'ignore_ament_install'
[0.277s] [34mcolcon.colcon_core.package_identification[0m [1;30mLevel 1[0m _identify(isaaclab_tasks/isaaclab_tasks/manager_based/manipulation/lift/mdp) by extensions ['colcon_pkg']
[0.277s] [34mcolcon.colcon_core.package_identification[0m [1;30mLevel 1[0m _identify(isaaclab_tasks/isaaclab_tasks/manager_based/manipulation/lift/mdp) by extension 'colcon_pkg'
[0.277s] [34mcolcon.colcon_core.package_identification[0m [1;30mLevel 1[0m _identify(isaaclab_tasks/isaaclab_tasks/manager_based/manipulation/lift/mdp) by extensions ['colcon_meta']
[0.277s] [34mcolcon.colcon_core.package_identification[0m [1;30mLevel 1[0m _identify(isaaclab_tasks/isaaclab_tasks/manager_based/manipulation/lift/mdp) by extension 'colcon_meta'
[0.277s] [34mcolcon.colcon_core.package_identification[0m [1;30mLevel 1[0m _identify(isaaclab_tasks/isaaclab_tasks/manager_based/manipulation/lift/mdp) by extensions ['ros']
[0.277s] [34mcolcon.colcon_core.package_identification[0m [1;30mLevel 1[0m _identify(isaaclab_tasks/isaaclab_tasks/manager_based/manipulation/lift/mdp) by extension 'ros'
[0.277s] [34mcolcon.colcon_core.package_identification[0m [1;30mLevel 1[0m _identify(isaaclab_tasks/isaaclab_tasks/manager_based/manipulation/lift/mdp) by extensions ['cmake', 'python']
[0.277s] [34mcolcon.colcon_core.package_identification[0m [1;30mLevel 1[0m _identify(isaaclab_tasks/isaaclab_tasks/manager_based/manipulation/lift/mdp) by extension 'cmake'
[0.277s] [34mcolcon.colcon_core.package_identification[0m [1;30mLevel 1[0m _identify(isaaclab_tasks/isaaclab_tasks/manager_based/manipulation/lift/mdp) by extension 'python'
[0.277s] [34mcolcon.colcon_core.package_identification[0m [1;30mLevel 1[0m _identify(isaaclab_tasks/isaaclab_tasks/manager_based/manipulation/lift/mdp) by extensions ['python_setup_py']
[0.277s] [34mcolcon.colcon_core.package_identification[0m [1;30mLevel 1[0m _identify(isaaclab_tasks/isaaclab_tasks/manager_based/manipulation/lift/mdp) by extension 'python_setup_py'
[0.277s] [34mcolcon.colcon_core.package_identification[0m [1;30mLevel 1[0m _identify(isaaclab_tasks/isaaclab_tasks/manager_based/manipulation/lift/mdp/__pycache__) by extensions ['ignore', 'ignore_ament_install']
[0.277s] [34mcolcon.colcon_core.package_identification[0m [1;30mLevel 1[0m _identify(isaaclab_tasks/isaaclab_tasks/manager_based/manipulation/lift/mdp/__pycache__) by extension 'ignore'
[0.277s] [34mcolcon.colcon_core.package_identification[0m [1;30mLevel 1[0m _identify(isaaclab_tasks/isaaclab_tasks/manager_based/manipulation/lift/mdp/__pycache__) by extension 'ignore_ament_install'
[0.277s] [34mcolcon.colcon_core.package_identification[0m [1;30mLevel 1[0m _identify(isaaclab_tasks/isaaclab_tasks/manager_based/manipulation/lift/mdp/__pycache__) by extensions ['colcon_pkg']
[0.277s] [34mcolcon.colcon_core.package_identification[0m [1;30mLevel 1[0m _identify(isaaclab_tasks/isaaclab_tasks/manager_based/manipulation/lift/mdp/__pycache__) by extension 'colcon_pkg'
[0.277s] [34mcolcon.colcon_core.package_identification[0m [1;30mLevel 1[0m _identify(isaaclab_tasks/isaaclab_tasks/manager_based/manipulation/lift/mdp/__pycache__) by extensions ['colcon_meta']
[0.277s] [34mcolcon.colcon_core.package_identification[0m [1;30mLevel 1[0m _identify(isaaclab_tasks/isaaclab_tasks/manager_based/manipulation/lift/mdp/__pycache__) by extension 'colcon_meta'
[0.277s] [34mcolcon.colcon_core.package_identification[0m [1;30mLevel 1[0m _identify(isaaclab_tasks/isaaclab_tasks/manager_based/manipulation/lift/mdp/__pycache__) by extensions ['ros']
[0.277s] [34mcolcon.colcon_core.package_identification[0m [1;30mLevel 1[0m _identify(isaaclab_tasks/isaaclab_tasks/manager_based/manipulation/lift/mdp/__pycache__) by extension 'ros'
[0.277s] [34mcolcon.colcon_core.package_identification[0m [1;30mLevel 1[0m _identify(isaaclab_tasks/isaaclab_tasks/manager_based/manipulation/lift/mdp/__pycache__) by extensions ['cmake', 'python']
[0.277s] [34mcolcon.colcon_core.package_identification[0m [1;30mLevel 1[0m _identify(isaaclab_tasks/isaaclab_tasks/manager_based/manipulation/lift/mdp/__pycache__) by extension 'cmake'
[0.277s] [34mcolcon.colcon_core.package_identification[0m [1;30mLevel 1[0m _identify(isaaclab_tasks/isaaclab_tasks/manager_based/manipulation/lift/mdp/__pycache__) by extension 'python'
[0.277s] [34mcolcon.colcon_core.package_identification[0m [1;30mLevel 1[0m _identify(isaaclab_tasks/isaaclab_tasks/manager_based/manipulation/lift/mdp/__pycache__) by extensions ['python_setup_py']
[0.277s] [34mcolcon.colcon_core.package_identification[0m [1;30mLevel 1[0m _identify(isaaclab_tasks/isaaclab_tasks/manager_based/manipulation/lift/mdp/__pycache__) by extension 'python_setup_py'
[0.277s] [34mcolcon.colcon_core.package_identification[0m [1;30mLevel 1[0m _identify(isaaclab_tasks/isaaclab_tasks/manager_based/manipulation/pick_place) by extensions ['ignore', 'ignore_ament_install']
[0.277s] [34mcolcon.colcon_core.package_identification[0m [1;30mLevel 1[0m _identify(isaaclab_tasks/isaaclab_tasks/manager_based/manipulation/pick_place) by extension 'ignore'
[0.277s] [34mcolcon.colcon_core.package_identification[0m [1;30mLevel 1[0m _identify(isaaclab_tasks/isaaclab_tasks/manager_based/manipulation/pick_place) by extension 'ignore_ament_install'
[0.277s] [34mcolcon.colcon_core.package_identification[0m [1;30mLevel 1[0m _identify(isaaclab_tasks/isaaclab_tasks/manager_based/manipulation/pick_place) by extensions ['colcon_pkg']
[0.277s] [34mcolcon.colcon_core.package_identification[0m [1;30mLevel 1[0m _identify(isaaclab_tasks/isaaclab_tasks/manager_based/manipulation/pick_place) by extension 'colcon_pkg'
[0.277s] [34mcolcon.colcon_core.package_identification[0m [1;30mLevel 1[0m _identify(isaaclab_tasks/isaaclab_tasks/manager_based/manipulation/pick_place) by extensions ['colcon_meta']
[0.277s] [34mcolcon.colcon_core.package_identification[0m [1;30mLevel 1[0m _identify(isaaclab_tasks/isaaclab_tasks/manager_based/manipulation/pick_place) by extension 'colcon_meta'
[0.277s] [34mcolcon.colcon_core.package_identification[0m [1;30mLevel 1[0m _identify(isaaclab_tasks/isaaclab_tasks/manager_based/manipulation/pick_place) by extensions ['ros']
[0.277s] [34mcolcon.colcon_core.package_identification[0m [1;30mLevel 1[0m _identify(isaaclab_tasks/isaaclab_tasks/manager_based/manipulation/pick_place) by extension 'ros'
[0.277s] [34mcolcon.colcon_core.package_identification[0m [1;30mLevel 1[0m _identify(isaaclab_tasks/isaaclab_tasks/manager_based/manipulation/pick_place) by extensions ['cmake', 'python']
[0.277s] [34mcolcon.colcon_core.package_identification[0m [1;30mLevel 1[0m _identify(isaaclab_tasks/isaaclab_tasks/manager_based/manipulation/pick_place) by extension 'cmake'
[0.277s] [34mcolcon.colcon_core.package_identification[0m [1;30mLevel 1[0m _identify(isaaclab_tasks/isaaclab_tasks/manager_based/manipulation/pick_place) by extension 'python'
[0.277s] [34mcolcon.colcon_core.package_identification[0m [1;30mLevel 1[0m _identify(isaaclab_tasks/isaaclab_tasks/manager_based/manipulation/pick_place) by extensions ['python_setup_py']
[0.277s] [34mcolcon.colcon_core.package_identification[0m [1;30mLevel 1[0m _identify(isaaclab_tasks/isaaclab_tasks/manager_based/manipulation/pick_place) by extension 'python_setup_py'
[0.277s] [34mcolcon.colcon_core.package_identification[0m [1;30mLevel 1[0m _identify(isaaclab_tasks/isaaclab_tasks/manager_based/manipulation/pick_place/agents) by extensions ['ignore', 'ignore_ament_install']
[0.277s] [34mcolcon.colcon_core.package_identification[0m [1;30mLevel 1[0m _identify(isaaclab_tasks/isaaclab_tasks/manager_based/manipulation/pick_place/agents) by extension 'ignore'
[0.277s] [34mcolcon.colcon_core.package_identification[0m [1;30mLevel 1[0m _identify(isaaclab_tasks/isaaclab_tasks/manager_based/manipulation/pick_place/agents) by extension 'ignore_ament_install'
[0.277s] [34mcolcon.colcon_core.package_identification[0m [1;30mLevel 1[0m _identify(isaaclab_tasks/isaaclab_tasks/manager_based/manipulation/pick_place/agents) by extensions ['colcon_pkg']
[0.277s] [34mcolcon.colcon_core.package_identification[0m [1;30mLevel 1[0m _identify(isaaclab_tasks/isaaclab_tasks/manager_based/manipulation/pick_place/agents) by extension 'colcon_pkg'
[0.277s] [34mcolcon.colcon_core.package_identification[0m [1;30mLevel 1[0m _identify(isaaclab_tasks/isaaclab_tasks/manager_based/manipulation/pick_place/agents) by extensions ['colcon_meta']
[0.277s] [34mcolcon.colcon_core.package_identification[0m [1;30mLevel 1[0m _identify(isaaclab_tasks/isaaclab_tasks/manager_based/manipulation/pick_place/agents) by extension 'colcon_meta'
[0.277s] [34mcolcon.colcon_core.package_identification[0m [1;30mLevel 1[0m _identify(isaaclab_tasks/isaaclab_tasks/manager_based/manipulation/pick_place/agents) by extensions ['ros']
[0.277s] [34mcolcon.colcon_core.package_identification[0m [1;30mLevel 1[0m _identify(isaaclab_tasks/isaaclab_tasks/manager_based/manipulation/pick_place/agents) by extension 'ros'
[0.277s] [34mcolcon.colcon_core.package_identification[0m [1;30mLevel 1[0m _identify(isaaclab_tasks/isaaclab_tasks/manager_based/manipulation/pick_place/agents) by extensions ['cmake', 'python']
[0.277s] [34mcolcon.colcon_core.package_identification[0m [1;30mLevel 1[0m _identify(isaaclab_tasks/isaaclab_tasks/manager_based/manipulation/pick_place/agents) by extension 'cmake'
[0.277s] [34mcolcon.colcon_core.package_identification[0m [1;30mLevel 1[0m _identify(isaaclab_tasks/isaaclab_tasks/manager_based/manipulation/pick_place/agents) by extension 'python'
[0.277s] [34mcolcon.colcon_core.package_identification[0m [1;30mLevel 1[0m _identify(isaaclab_tasks/isaaclab_tasks/manager_based/manipulation/pick_place/agents) by extensions ['python_setup_py']
[0.277s] [34mcolcon.colcon_core.package_identification[0m [1;30mLevel 1[0m _identify(isaaclab_tasks/isaaclab_tasks/manager_based/manipulation/pick_place/agents) by extension 'python_setup_py'
[0.278s] [34mcolcon.colcon_core.package_identification[0m [1;30mLevel 1[0m _identify(isaaclab_tasks/isaaclab_tasks/manager_based/manipulation/pick_place/agents/robomimic) by extensions ['ignore', 'ignore_ament_install']
[0.278s] [34mcolcon.colcon_core.package_identification[0m [1;30mLevel 1[0m _identify(isaaclab_tasks/isaaclab_tasks/manager_based/manipulation/pick_place/agents/robomimic) by extension 'ignore'
[0.278s] [34mcolcon.colcon_core.package_identification[0m [1;30mLevel 1[0m _identify(isaaclab_tasks/isaaclab_tasks/manager_based/manipulation/pick_place/agents/robomimic) by extension 'ignore_ament_install'
[0.278s] [34mcolcon.colcon_core.package_identification[0m [1;30mLevel 1[0m _identify(isaaclab_tasks/isaaclab_tasks/manager_based/manipulation/pick_place/agents/robomimic) by extensions ['colcon_pkg']
[0.278s] [34mcolcon.colcon_core.package_identification[0m [1;30mLevel 1[0m _identify(isaaclab_tasks/isaaclab_tasks/manager_based/manipulation/pick_place/agents/robomimic) by extension 'colcon_pkg'
[0.278s] [34mcolcon.colcon_core.package_identification[0m [1;30mLevel 1[0m _identify(isaaclab_tasks/isaaclab_tasks/manager_based/manipulation/pick_place/agents/robomimic) by extensions ['colcon_meta']
[0.278s] [34mcolcon.colcon_core.package_identification[0m [1;30mLevel 1[0m _identify(isaaclab_tasks/isaaclab_tasks/manager_based/manipulation/pick_place/agents/robomimic) by extension 'colcon_meta'
[0.278s] [34mcolcon.colcon_core.package_identification[0m [1;30mLevel 1[0m _identify(isaaclab_tasks/isaaclab_tasks/manager_based/manipulation/pick_place/agents/robomimic) by extensions ['ros']
[0.278s] [34mcolcon.colcon_core.package_identification[0m [1;30mLevel 1[0m _identify(isaaclab_tasks/isaaclab_tasks/manager_based/manipulation/pick_place/agents/robomimic) by extension 'ros'
[0.278s] [34mcolcon.colcon_core.package_identification[0m [1;30mLevel 1[0m _identify(isaaclab_tasks/isaaclab_tasks/manager_based/manipulation/pick_place/agents/robomimic) by extensions ['cmake', 'python']
[0.278s] [34mcolcon.colcon_core.package_identification[0m [1;30mLevel 1[0m _identify(isaaclab_tasks/isaaclab_tasks/manager_based/manipulation/pick_place/agents/robomimic) by extension 'cmake'
[0.278s] [34mcolcon.colcon_core.package_identification[0m [1;30mLevel 1[0m _identify(isaaclab_tasks/isaaclab_tasks/manager_based/manipulation/pick_place/agents/robomimic) by extension 'python'
[0.278s] [34mcolcon.colcon_core.package_identification[0m [1;30mLevel 1[0m _identify(isaaclab_tasks/isaaclab_tasks/manager_based/manipulation/pick_place/agents/robomimic) by extensions ['python_setup_py']
[0.278s] [34mcolcon.colcon_core.package_identification[0m [1;30mLevel 1[0m _identify(isaaclab_tasks/isaaclab_tasks/manager_based/manipulation/pick_place/agents/robomimic) by extension 'python_setup_py'
[0.278s] [34mcolcon.colcon_core.package_identification[0m [1;30mLevel 1[0m _identify(isaaclab_tasks/isaaclab_tasks/manager_based/manipulation/pick_place/mdp) by extensions ['ignore', 'ignore_ament_install']
[0.278s] [34mcolcon.colcon_core.package_identification[0m [1;30mLevel 1[0m _identify(isaaclab_tasks/isaaclab_tasks/manager_based/manipulation/pick_place/mdp) by extension 'ignore'
[0.278s] [34mcolcon.colcon_core.package_identification[0m [1;30mLevel 1[0m _identify(isaaclab_tasks/isaaclab_tasks/manager_based/manipulation/pick_place/mdp) by extension 'ignore_ament_install'
[0.278s] [34mcolcon.colcon_core.package_identification[0m [1;30mLevel 1[0m _identify(isaaclab_tasks/isaaclab_tasks/manager_based/manipulation/pick_place/mdp) by extensions ['colcon_pkg']
[0.278s] [34mcolcon.colcon_core.package_identification[0m [1;30mLevel 1[0m _identify(isaaclab_tasks/isaaclab_tasks/manager_based/manipulation/pick_place/mdp) by extension 'colcon_pkg'
[0.278s] [34mcolcon.colcon_core.package_identification[0m [1;30mLevel 1[0m _identify(isaaclab_tasks/isaaclab_tasks/manager_based/manipulation/pick_place/mdp) by extensions ['colcon_meta']
[0.278s] [34mcolcon.colcon_core.package_identification[0m [1;30mLevel 1[0m _identify(isaaclab_tasks/isaaclab_tasks/manager_based/manipulation/pick_place/mdp) by extension 'colcon_meta'
[0.278s] [34mcolcon.colcon_core.package_identification[0m [1;30mLevel 1[0m _identify(isaaclab_tasks/isaaclab_tasks/manager_based/manipulation/pick_place/mdp) by extensions ['ros']
[0.278s] [34mcolcon.colcon_core.package_identification[0m [1;30mLevel 1[0m _identify(isaaclab_tasks/isaaclab_tasks/manager_based/manipulation/pick_place/mdp) by extension 'ros'
[0.278s] [34mcolcon.colcon_core.package_identification[0m [1;30mLevel 1[0m _identify(isaaclab_tasks/isaaclab_tasks/manager_based/manipulation/pick_place/mdp) by extensions ['cmake', 'python']
[0.278s] [34mcolcon.colcon_core.package_identification[0m [1;30mLevel 1[0m _identify(isaaclab_tasks/isaaclab_tasks/manager_based/manipulation/pick_place/mdp) by extension 'cmake'
[0.278s] [34mcolcon.colcon_core.package_identification[0m [1;30mLevel 1[0m _identify(isaaclab_tasks/isaaclab_tasks/manager_based/manipulation/pick_place/mdp) by extension 'python'
[0.278s] [34mcolcon.colcon_core.package_identification[0m [1;30mLevel 1[0m _identify(isaaclab_tasks/isaaclab_tasks/manager_based/manipulation/pick_place/mdp) by extensions ['python_setup_py']
[0.278s] [34mcolcon.colcon_core.package_identification[0m [1;30mLevel 1[0m _identify(isaaclab_tasks/isaaclab_tasks/manager_based/manipulation/pick_place/mdp) by extension 'python_setup_py'
[0.278s] [34mcolcon.colcon_core.package_identification[0m [1;30mLevel 1[0m _identify(isaaclab_tasks/isaaclab_tasks/manager_based/manipulation/place) by extensions ['ignore', 'ignore_ament_install']
[0.278s] [34mcolcon.colcon_core.package_identification[0m [1;30mLevel 1[0m _identify(isaaclab_tasks/isaaclab_tasks/manager_based/manipulation/place) by extension 'ignore'
[0.278s] [34mcolcon.colcon_core.package_identification[0m [1;30mLevel 1[0m _identify(isaaclab_tasks/isaaclab_tasks/manager_based/manipulation/place) by extension 'ignore_ament_install'
[0.278s] [34mcolcon.colcon_core.package_identification[0m [1;30mLevel 1[0m _identify(isaaclab_tasks/isaaclab_tasks/manager_based/manipulation/place) by extensions ['colcon_pkg']
[0.278s] [34mcolcon.colcon_core.package_identification[0m [1;30mLevel 1[0m _identify(isaaclab_tasks/isaaclab_tasks/manager_based/manipulation/place) by extension 'colcon_pkg'
[0.278s] [34mcolcon.colcon_core.package_identification[0m [1;30mLevel 1[0m _identify(isaaclab_tasks/isaaclab_tasks/manager_based/manipulation/place) by extensions ['colcon_meta']
[0.278s] [34mcolcon.colcon_core.package_identification[0m [1;30mLevel 1[0m _identify(isaaclab_tasks/isaaclab_tasks/manager_based/manipulation/place) by extension 'colcon_meta'
[0.278s] [34mcolcon.colcon_core.package_identification[0m [1;30mLevel 1[0m _identify(isaaclab_tasks/isaaclab_tasks/manager_based/manipulation/place) by extensions ['ros']
[0.278s] [34mcolcon.colcon_core.package_identification[0m [1;30mLevel 1[0m _identify(isaaclab_tasks/isaaclab_tasks/manager_based/manipulation/place) by extension 'ros'
[0.278s] [34mcolcon.colcon_core.package_identification[0m [1;30mLevel 1[0m _identify(isaaclab_tasks/isaaclab_tasks/manager_based/manipulation/place) by extensions ['cmake', 'python']
[0.278s] [34mcolcon.colcon_core.package_identification[0m [1;30mLevel 1[0m _identify(isaaclab_tasks/isaaclab_tasks/manager_based/manipulation/place) by extension 'cmake'
[0.278s] [34mcolcon.colcon_core.package_identification[0m [1;30mLevel 1[0m _identify(isaaclab_tasks/isaaclab_tasks/manager_based/manipulation/place) by extension 'python'
[0.278s] [34mcolcon.colcon_core.package_identification[0m [1;30mLevel 1[0m _identify(isaaclab_tasks/isaaclab_tasks/manager_based/manipulation/place) by extensions ['python_setup_py']
[0.278s] [34mcolcon.colcon_core.package_identification[0m [1;30mLevel 1[0m _identify(isaaclab_tasks/isaaclab_tasks/manager_based/manipulation/place) by extension 'python_setup_py'
[0.278s] [34mcolcon.colcon_core.package_identification[0m [1;30mLevel 1[0m _identify(isaaclab_tasks/isaaclab_tasks/manager_based/manipulation/place/__pycache__) by extensions ['ignore', 'ignore_ament_install']
[0.278s] [34mcolcon.colcon_core.package_identification[0m [1;30mLevel 1[0m _identify(isaaclab_tasks/isaaclab_tasks/manager_based/manipulation/place/__pycache__) by extension 'ignore'
[0.278s] [34mcolcon.colcon_core.package_identification[0m [1;30mLevel 1[0m _identify(isaaclab_tasks/isaaclab_tasks/manager_based/manipulation/place/__pycache__) by extension 'ignore_ament_install'
[0.278s] [34mcolcon.colcon_core.package_identification[0m [1;30mLevel 1[0m _identify(isaaclab_tasks/isaaclab_tasks/manager_based/manipulation/place/__pycache__) by extensions ['colcon_pkg']
[0.278s] [34mcolcon.colcon_core.package_identification[0m [1;30mLevel 1[0m _identify(isaaclab_tasks/isaaclab_tasks/manager_based/manipulation/place/__pycache__) by extension 'colcon_pkg'
[0.278s] [34mcolcon.colcon_core.package_identification[0m [1;30mLevel 1[0m _identify(isaaclab_tasks/isaaclab_tasks/manager_based/manipulation/place/__pycache__) by extensions ['colcon_meta']
[0.278s] [34mcolcon.colcon_core.package_identification[0m [1;30mLevel 1[0m _identify(isaaclab_tasks/isaaclab_tasks/manager_based/manipulation/place/__pycache__) by extension 'colcon_meta'
[0.278s] [34mcolcon.colcon_core.package_identification[0m [1;30mLevel 1[0m _identify(isaaclab_tasks/isaaclab_tasks/manager_based/manipulation/place/__pycache__) by extensions ['ros']
[0.278s] [34mcolcon.colcon_core.package_identification[0m [1;30mLevel 1[0m _identify(isaaclab_tasks/isaaclab_tasks/manager_based/manipulation/place/__pycache__) by extension 'ros'
[0.278s] [34mcolcon.colcon_core.package_identification[0m [1;30mLevel 1[0m _identify(isaaclab_tasks/isaaclab_tasks/manager_based/manipulation/place/__pycache__) by extensions ['cmake', 'python']
[0.279s] [34mcolcon.colcon_core.package_identification[0m [1;30mLevel 1[0m _identify(isaaclab_tasks/isaaclab_tasks/manager_based/manipulation/place/__pycache__) by extension 'cmake'
[0.279s] [34mcolcon.colcon_core.package_identification[0m [1;30mLevel 1[0m _identify(isaaclab_tasks/isaaclab_tasks/manager_based/manipulation/place/__pycache__) by extension 'python'
[0.279s] [34mcolcon.colcon_core.package_identification[0m [1;30mLevel 1[0m _identify(isaaclab_tasks/isaaclab_tasks/manager_based/manipulation/place/__pycache__) by extensions ['python_setup_py']
[0.279s] [34mcolcon.colcon_core.package_identification[0m [1;30mLevel 1[0m _identify(isaaclab_tasks/isaaclab_tasks/manager_based/manipulation/place/__pycache__) by extension 'python_setup_py'
[0.279s] [34mcolcon.colcon_core.package_identification[0m [1;30mLevel 1[0m _identify(isaaclab_tasks/isaaclab_tasks/manager_based/manipulation/place/config) by extensions ['ignore', 'ignore_ament_install']
[0.279s] [34mcolcon.colcon_core.package_identification[0m [1;30mLevel 1[0m _identify(isaaclab_tasks/isaaclab_tasks/manager_based/manipulation/place/config) by extension 'ignore'
[0.279s] [34mcolcon.colcon_core.package_identification[0m [1;30mLevel 1[0m _identify(isaaclab_tasks/isaaclab_tasks/manager_based/manipulation/place/config) by extension 'ignore_ament_install'
[0.279s] [34mcolcon.colcon_core.package_identification[0m [1;30mLevel 1[0m _identify(isaaclab_tasks/isaaclab_tasks/manager_based/manipulation/place/config) by extensions ['colcon_pkg']
[0.279s] [34mcolcon.colcon_core.package_identification[0m [1;30mLevel 1[0m _identify(isaaclab_tasks/isaaclab_tasks/manager_based/manipulation/place/config) by extension 'colcon_pkg'
[0.279s] [34mcolcon.colcon_core.package_identification[0m [1;30mLevel 1[0m _identify(isaaclab_tasks/isaaclab_tasks/manager_based/manipulation/place/config) by extensions ['colcon_meta']
[0.279s] [34mcolcon.colcon_core.package_identification[0m [1;30mLevel 1[0m _identify(isaaclab_tasks/isaaclab_tasks/manager_based/manipulation/place/config) by extension 'colcon_meta'
[0.279s] [34mcolcon.colcon_core.package_identification[0m [1;30mLevel 1[0m _identify(isaaclab_tasks/isaaclab_tasks/manager_based/manipulation/place/config) by extensions ['ros']
[0.279s] [34mcolcon.colcon_core.package_identification[0m [1;30mLevel 1[0m _identify(isaaclab_tasks/isaaclab_tasks/manager_based/manipulation/place/config) by extension 'ros'
[0.279s] [34mcolcon.colcon_core.package_identification[0m [1;30mLevel 1[0m _identify(isaaclab_tasks/isaaclab_tasks/manager_based/manipulation/place/config) by extensions ['cmake', 'python']
[0.279s] [34mcolcon.colcon_core.package_identification[0m [1;30mLevel 1[0m _identify(isaaclab_tasks/isaaclab_tasks/manager_based/manipulation/place/config) by extension 'cmake'
[0.279s] [34mcolcon.colcon_core.package_identification[0m [1;30mLevel 1[0m _identify(isaaclab_tasks/isaaclab_tasks/manager_based/manipulation/place/config) by extension 'python'
[0.279s] [34mcolcon.colcon_core.package_identification[0m [1;30mLevel 1[0m _identify(isaaclab_tasks/isaaclab_tasks/manager_based/manipulation/place/config) by extensions ['python_setup_py']
[0.279s] [34mcolcon.colcon_core.package_identification[0m [1;30mLevel 1[0m _identify(isaaclab_tasks/isaaclab_tasks/manager_based/manipulation/place/config) by extension 'python_setup_py'
[0.279s] [34mcolcon.colcon_core.package_identification[0m [1;30mLevel 1[0m _identify(isaaclab_tasks/isaaclab_tasks/manager_based/manipulation/place/config/__pycache__) by extensions ['ignore', 'ignore_ament_install']
[0.279s] [34mcolcon.colcon_core.package_identification[0m [1;30mLevel 1[0m _identify(isaaclab_tasks/isaaclab_tasks/manager_based/manipulation/place/config/__pycache__) by extension 'ignore'
[0.279s] [34mcolcon.colcon_core.package_identification[0m [1;30mLevel 1[0m _identify(isaaclab_tasks/isaaclab_tasks/manager_based/manipulation/place/config/__pycache__) by extension 'ignore_ament_install'
[0.279s] [34mcolcon.colcon_core.package_identification[0m [1;30mLevel 1[0m _identify(isaaclab_tasks/isaaclab_tasks/manager_based/manipulation/place/config/__pycache__) by extensions ['colcon_pkg']
[0.279s] [34mcolcon.colcon_core.package_identification[0m [1;30mLevel 1[0m _identify(isaaclab_tasks/isaaclab_tasks/manager_based/manipulation/place/config/__pycache__) by extension 'colcon_pkg'
[0.279s] [34mcolcon.colcon_core.package_identification[0m [1;30mLevel 1[0m _identify(isaaclab_tasks/isaaclab_tasks/manager_based/manipulation/place/config/__pycache__) by extensions ['colcon_meta']
[0.279s] [34mcolcon.colcon_core.package_identification[0m [1;30mLevel 1[0m _identify(isaaclab_tasks/isaaclab_tasks/manager_based/manipulation/place/config/__pycache__) by extension 'colcon_meta'
[0.279s] [34mcolcon.colcon_core.package_identification[0m [1;30mLevel 1[0m _identify(isaaclab_tasks/isaaclab_tasks/manager_based/manipulation/place/config/__pycache__) by extensions ['ros']
[0.279s] [34mcolcon.colcon_core.package_identification[0m [1;30mLevel 1[0m _identify(isaaclab_tasks/isaaclab_tasks/manager_based/manipulation/place/config/__pycache__) by extension 'ros'
[0.279s] [34mcolcon.colcon_core.package_identification[0m [1;30mLevel 1[0m _identify(isaaclab_tasks/isaaclab_tasks/manager_based/manipulation/place/config/__pycache__) by extensions ['cmake', 'python']
[0.279s] [34mcolcon.colcon_core.package_identification[0m [1;30mLevel 1[0m _identify(isaaclab_tasks/isaaclab_tasks/manager_based/manipulation/place/config/__pycache__) by extension 'cmake'
[0.279s] [34mcolcon.colcon_core.package_identification[0m [1;30mLevel 1[0m _identify(isaaclab_tasks/isaaclab_tasks/manager_based/manipulation/place/config/__pycache__) by extension 'python'
[0.279s] [34mcolcon.colcon_core.package_identification[0m [1;30mLevel 1[0m _identify(isaaclab_tasks/isaaclab_tasks/manager_based/manipulation/place/config/__pycache__) by extensions ['python_setup_py']
[0.279s] [34mcolcon.colcon_core.package_identification[0m [1;30mLevel 1[0m _identify(isaaclab_tasks/isaaclab_tasks/manager_based/manipulation/place/config/__pycache__) by extension 'python_setup_py'
[0.279s] [34mcolcon.colcon_core.package_identification[0m [1;30mLevel 1[0m _identify(isaaclab_tasks/isaaclab_tasks/manager_based/manipulation/place/config/agibot) by extensions ['ignore', 'ignore_ament_install']
[0.279s] [34mcolcon.colcon_core.package_identification[0m [1;30mLevel 1[0m _identify(isaaclab_tasks/isaaclab_tasks/manager_based/manipulation/place/config/agibot) by extension 'ignore'
[0.279s] [34mcolcon.colcon_core.package_identification[0m [1;30mLevel 1[0m _identify(isaaclab_tasks/isaaclab_tasks/manager_based/manipulation/place/config/agibot) by extension 'ignore_ament_install'
[0.279s] [34mcolcon.colcon_core.package_identification[0m [1;30mLevel 1[0m _identify(isaaclab_tasks/isaaclab_tasks/manager_based/manipulation/place/config/agibot) by extensions ['colcon_pkg']
[0.279s] [34mcolcon.colcon_core.package_identification[0m [1;30mLevel 1[0m _identify(isaaclab_tasks/isaaclab_tasks/manager_based/manipulation/place/config/agibot) by extension 'colcon_pkg'
[0.279s] [34mcolcon.colcon_core.package_identification[0m [1;30mLevel 1[0m _identify(isaaclab_tasks/isaaclab_tasks/manager_based/manipulation/place/config/agibot) by extensions ['colcon_meta']
[0.279s] [34mcolcon.colcon_core.package_identification[0m [1;30mLevel 1[0m _identify(isaaclab_tasks/isaaclab_tasks/manager_based/manipulation/place/config/agibot) by extension 'colcon_meta'
[0.279s] [34mcolcon.colcon_core.package_identification[0m [1;30mLevel 1[0m _identify(isaaclab_tasks/isaaclab_tasks/manager_based/manipulation/place/config/agibot) by extensions ['ros']
[0.279s] [34mcolcon.colcon_core.package_identification[0m [1;30mLevel 1[0m _identify(isaaclab_tasks/isaaclab_tasks/manager_based/manipulation/place/config/agibot) by extension 'ros'
[0.279s] [34mcolcon.colcon_core.package_identification[0m [1;30mLevel 1[0m _identify(isaaclab_tasks/isaaclab_tasks/manager_based/manipulation/place/config/agibot) by extensions ['cmake', 'python']
[0.279s] [34mcolcon.colcon_core.package_identification[0m [1;30mLevel 1[0m _identify(isaaclab_tasks/isaaclab_tasks/manager_based/manipulation/place/config/agibot) by extension 'cmake'
[0.279s] [34mcolcon.colcon_core.package_identification[0m [1;30mLevel 1[0m _identify(isaaclab_tasks/isaaclab_tasks/manager_based/manipulation/place/config/agibot) by extension 'python'
[0.279s] [34mcolcon.colcon_core.package_identification[0m [1;30mLevel 1[0m _identify(isaaclab_tasks/isaaclab_tasks/manager_based/manipulation/place/config/agibot) by extensions ['python_setup_py']
[0.279s] [34mcolcon.colcon_core.package_identification[0m [1;30mLevel 1[0m _identify(isaaclab_tasks/isaaclab_tasks/manager_based/manipulation/place/config/agibot) by extension 'python_setup_py'
[0.279s] [34mcolcon.colcon_core.package_identification[0m [1;30mLevel 1[0m _identify(isaaclab_tasks/isaaclab_tasks/manager_based/manipulation/place/config/agibot/__pycache__) by extensions ['ignore', 'ignore_ament_install']
[0.279s] [34mcolcon.colcon_core.package_identification[0m [1;30mLevel 1[0m _identify(isaaclab_tasks/isaaclab_tasks/manager_based/manipulation/place/config/agibot/__pycache__) by extension 'ignore'
[0.279s] [34mcolcon.colcon_core.package_identification[0m [1;30mLevel 1[0m _identify(isaaclab_tasks/isaaclab_tasks/manager_based/manipulation/place/config/agibot/__pycache__) by extension 'ignore_ament_install'
[0.279s] [34mcolcon.colcon_core.package_identification[0m [1;30mLevel 1[0m _identify(isaaclab_tasks/isaaclab_tasks/manager_based/manipulation/place/config/agibot/__pycache__) by extensions ['colcon_pkg']
[0.279s] [34mcolcon.colcon_core.package_identification[0m [1;30mLevel 1[0m _identify(isaaclab_tasks/isaaclab_tasks/manager_based/manipulation/place/config/agibot/__pycache__) by extension 'colcon_pkg'
[0.280s] [34mcolcon.colcon_core.package_identification[0m [1;30mLevel 1[0m _identify(isaaclab_tasks/isaaclab_tasks/manager_based/manipulation/place/config/agibot/__pycache__) by extensions ['colcon_meta']
[0.280s] [34mcolcon.colcon_core.package_identification[0m [1;30mLevel 1[0m _identify(isaaclab_tasks/isaaclab_tasks/manager_based/manipulation/place/config/agibot/__pycache__) by extension 'colcon_meta'
[0.280s] [34mcolcon.colcon_core.package_identification[0m [1;30mLevel 1[0m _identify(isaaclab_tasks/isaaclab_tasks/manager_based/manipulation/place/config/agibot/__pycache__) by extensions ['ros']
[0.280s] [34mcolcon.colcon_core.package_identification[0m [1;30mLevel 1[0m _identify(isaaclab_tasks/isaaclab_tasks/manager_based/manipulation/place/config/agibot/__pycache__) by extension 'ros'
[0.280s] [34mcolcon.colcon_core.package_identification[0m [1;30mLevel 1[0m _identify(isaaclab_tasks/isaaclab_tasks/manager_based/manipulation/place/config/agibot/__pycache__) by extensions ['cmake', 'python']
[0.280s] [34mcolcon.colcon_core.package_identification[0m [1;30mLevel 1[0m _identify(isaaclab_tasks/isaaclab_tasks/manager_based/manipulation/place/config/agibot/__pycache__) by extension 'cmake'
[0.280s] [34mcolcon.colcon_core.package_identification[0m [1;30mLevel 1[0m _identify(isaaclab_tasks/isaaclab_tasks/manager_based/manipulation/place/config/agibot/__pycache__) by extension 'python'
[0.280s] [34mcolcon.colcon_core.package_identification[0m [1;30mLevel 1[0m _identify(isaaclab_tasks/isaaclab_tasks/manager_based/manipulation/place/config/agibot/__pycache__) by extensions ['python_setup_py']
[0.280s] [34mcolcon.colcon_core.package_identification[0m [1;30mLevel 1[0m _identify(isaaclab_tasks/isaaclab_tasks/manager_based/manipulation/place/config/agibot/__pycache__) by extension 'python_setup_py'
[0.280s] [34mcolcon.colcon_core.package_identification[0m [1;30mLevel 1[0m _identify(isaaclab_tasks/isaaclab_tasks/manager_based/manipulation/place/mdp) by extensions ['ignore', 'ignore_ament_install']
[0.280s] [34mcolcon.colcon_core.package_identification[0m [1;30mLevel 1[0m _identify(isaaclab_tasks/isaaclab_tasks/manager_based/manipulation/place/mdp) by extension 'ignore'
[0.280s] [34mcolcon.colcon_core.package_identification[0m [1;30mLevel 1[0m _identify(isaaclab_tasks/isaaclab_tasks/manager_based/manipulation/place/mdp) by extension 'ignore_ament_install'
[0.280s] [34mcolcon.colcon_core.package_identification[0m [1;30mLevel 1[0m _identify(isaaclab_tasks/isaaclab_tasks/manager_based/manipulation/place/mdp) by extensions ['colcon_pkg']
[0.280s] [34mcolcon.colcon_core.package_identification[0m [1;30mLevel 1[0m _identify(isaaclab_tasks/isaaclab_tasks/manager_based/manipulation/place/mdp) by extension 'colcon_pkg'
[0.280s] [34mcolcon.colcon_core.package_identification[0m [1;30mLevel 1[0m _identify(isaaclab_tasks/isaaclab_tasks/manager_based/manipulation/place/mdp) by extensions ['colcon_meta']
[0.280s] [34mcolcon.colcon_core.package_identification[0m [1;30mLevel 1[0m _identify(isaaclab_tasks/isaaclab_tasks/manager_based/manipulation/place/mdp) by extension 'colcon_meta'
[0.280s] [34mcolcon.colcon_core.package_identification[0m [1;30mLevel 1[0m _identify(isaaclab_tasks/isaaclab_tasks/manager_based/manipulation/place/mdp) by extensions ['ros']
[0.280s] [34mcolcon.colcon_core.package_identification[0m [1;30mLevel 1[0m _identify(isaaclab_tasks/isaaclab_tasks/manager_based/manipulation/place/mdp) by extension 'ros'
[0.280s] [34mcolcon.colcon_core.package_identification[0m [1;30mLevel 1[0m _identify(isaaclab_tasks/isaaclab_tasks/manager_based/manipulation/place/mdp) by extensions ['cmake', 'python']
[0.280s] [34mcolcon.colcon_core.package_identification[0m [1;30mLevel 1[0m _identify(isaaclab_tasks/isaaclab_tasks/manager_based/manipulation/place/mdp) by extension 'cmake'
[0.280s] [34mcolcon.colcon_core.package_identification[0m [1;30mLevel 1[0m _identify(isaaclab_tasks/isaaclab_tasks/manager_based/manipulation/place/mdp) by extension 'python'
[0.280s] [34mcolcon.colcon_core.package_identification[0m [1;30mLevel 1[0m _identify(isaaclab_tasks/isaaclab_tasks/manager_based/manipulation/place/mdp) by extensions ['python_setup_py']
[0.280s] [34mcolcon.colcon_core.package_identification[0m [1;30mLevel 1[0m _identify(isaaclab_tasks/isaaclab_tasks/manager_based/manipulation/place/mdp) by extension 'python_setup_py'
[0.280s] [34mcolcon.colcon_core.package_identification[0m [1;30mLevel 1[0m _identify(isaaclab_tasks/isaaclab_tasks/manager_based/manipulation/reach) by extensions ['ignore', 'ignore_ament_install']
[0.280s] [34mcolcon.colcon_core.package_identification[0m [1;30mLevel 1[0m _identify(isaaclab_tasks/isaaclab_tasks/manager_based/manipulation/reach) by extension 'ignore'
[0.280s] [34mcolcon.colcon_core.package_identification[0m [1;30mLevel 1[0m _identify(isaaclab_tasks/isaaclab_tasks/manager_based/manipulation/reach) by extension 'ignore_ament_install'
[0.280s] [34mcolcon.colcon_core.package_identification[0m [1;30mLevel 1[0m _identify(isaaclab_tasks/isaaclab_tasks/manager_based/manipulation/reach) by extensions ['colcon_pkg']
[0.280s] [34mcolcon.colcon_core.package_identification[0m [1;30mLevel 1[0m _identify(isaaclab_tasks/isaaclab_tasks/manager_based/manipulation/reach) by extension 'colcon_pkg'
[0.280s] [34mcolcon.colcon_core.package_identification[0m [1;30mLevel 1[0m _identify(isaaclab_tasks/isaaclab_tasks/manager_based/manipulation/reach) by extensions ['colcon_meta']
[0.280s] [34mcolcon.colcon_core.package_identification[0m [1;30mLevel 1[0m _identify(isaaclab_tasks/isaaclab_tasks/manager_based/manipulation/reach) by extension 'colcon_meta'
[0.280s] [34mcolcon.colcon_core.package_identification[0m [1;30mLevel 1[0m _identify(isaaclab_tasks/isaaclab_tasks/manager_based/manipulation/reach) by extensions ['ros']
[0.280s] [34mcolcon.colcon_core.package_identification[0m [1;30mLevel 1[0m _identify(isaaclab_tasks/isaaclab_tasks/manager_based/manipulation/reach) by extension 'ros'
[0.280s] [34mcolcon.colcon_core.package_identification[0m [1;30mLevel 1[0m _identify(isaaclab_tasks/isaaclab_tasks/manager_based/manipulation/reach) by extensions ['cmake', 'python']
[0.280s] [34mcolcon.colcon_core.package_identification[0m [1;30mLevel 1[0m _identify(isaaclab_tasks/isaaclab_tasks/manager_based/manipulation/reach) by extension 'cmake'
[0.280s] [34mcolcon.colcon_core.package_identification[0m [1;30mLevel 1[0m _identify(isaaclab_tasks/isaaclab_tasks/manager_based/manipulation/reach) by extension 'python'
[0.280s] [34mcolcon.colcon_core.package_identification[0m [1;30mLevel 1[0m _identify(isaaclab_tasks/isaaclab_tasks/manager_based/manipulation/reach) by extensions ['python_setup_py']
[0.280s] [34mcolcon.colcon_core.package_identification[0m [1;30mLevel 1[0m _identify(isaaclab_tasks/isaaclab_tasks/manager_based/manipulation/reach) by extension 'python_setup_py'
[0.280s] [34mcolcon.colcon_core.package_identification[0m [1;30mLevel 1[0m _identify(isaaclab_tasks/isaaclab_tasks/manager_based/manipulation/reach/__pycache__) by extensions ['ignore', 'ignore_ament_install']
[0.280s] [34mcolcon.colcon_core.package_identification[0m [1;30mLevel 1[0m _identify(isaaclab_tasks/isaaclab_tasks/manager_based/manipulation/reach/__pycache__) by extension 'ignore'
[0.280s] [34mcolcon.colcon_core.package_identification[0m [1;30mLevel 1[0m _identify(isaaclab_tasks/isaaclab_tasks/manager_based/manipulation/reach/__pycache__) by extension 'ignore_ament_install'
[0.280s] [34mcolcon.colcon_core.package_identification[0m [1;30mLevel 1[0m _identify(isaaclab_tasks/isaaclab_tasks/manager_based/manipulation/reach/__pycache__) by extensions ['colcon_pkg']
[0.280s] [34mcolcon.colcon_core.package_identification[0m [1;30mLevel 1[0m _identify(isaaclab_tasks/isaaclab_tasks/manager_based/manipulation/reach/__pycache__) by extension 'colcon_pkg'
[0.280s] [34mcolcon.colcon_core.package_identification[0m [1;30mLevel 1[0m _identify(isaaclab_tasks/isaaclab_tasks/manager_based/manipulation/reach/__pycache__) by extensions ['colcon_meta']
[0.280s] [34mcolcon.colcon_core.package_identification[0m [1;30mLevel 1[0m _identify(isaaclab_tasks/isaaclab_tasks/manager_based/manipulation/reach/__pycache__) by extension 'colcon_meta'
[0.280s] [34mcolcon.colcon_core.package_identification[0m [1;30mLevel 1[0m _identify(isaaclab_tasks/isaaclab_tasks/manager_based/manipulation/reach/__pycache__) by extensions ['ros']
[0.280s] [34mcolcon.colcon_core.package_identification[0m [1;30mLevel 1[0m _identify(isaaclab_tasks/isaaclab_tasks/manager_based/manipulation/reach/__pycache__) by extension 'ros'
[0.280s] [34mcolcon.colcon_core.package_identification[0m [1;30mLevel 1[0m _identify(isaaclab_tasks/isaaclab_tasks/manager_based/manipulation/reach/__pycache__) by extensions ['cmake', 'python']
[0.280s] [34mcolcon.colcon_core.package_identification[0m [1;30mLevel 1[0m _identify(isaaclab_tasks/isaaclab_tasks/manager_based/manipulation/reach/__pycache__) by extension 'cmake'
[0.280s] [34mcolcon.colcon_core.package_identification[0m [1;30mLevel 1[0m _identify(isaaclab_tasks/isaaclab_tasks/manager_based/manipulation/reach/__pycache__) by extension 'python'
[0.280s] [34mcolcon.colcon_core.package_identification[0m [1;30mLevel 1[0m _identify(isaaclab_tasks/isaaclab_tasks/manager_based/manipulation/reach/__pycache__) by extensions ['python_setup_py']
[0.280s] [34mcolcon.colcon_core.package_identification[0m [1;30mLevel 1[0m _identify(isaaclab_tasks/isaaclab_tasks/manager_based/manipulation/reach/__pycache__) by extension 'python_setup_py'
[0.281s] [34mcolcon.colcon_core.package_identification[0m [1;30mLevel 1[0m _identify(isaaclab_tasks/isaaclab_tasks/manager_based/manipulation/reach/config) by extensions ['ignore', 'ignore_ament_install']
[0.281s] [34mcolcon.colcon_core.package_identification[0m [1;30mLevel 1[0m _identify(isaaclab_tasks/isaaclab_tasks/manager_based/manipulation/reach/config) by extension 'ignore'
[0.281s] [34mcolcon.colcon_core.package_identification[0m [1;30mLevel 1[0m _identify(isaaclab_tasks/isaaclab_tasks/manager_based/manipulation/reach/config) by extension 'ignore_ament_install'
[0.281s] [34mcolcon.colcon_core.package_identification[0m [1;30mLevel 1[0m _identify(isaaclab_tasks/isaaclab_tasks/manager_based/manipulation/reach/config) by extensions ['colcon_pkg']
[0.281s] [34mcolcon.colcon_core.package_identification[0m [1;30mLevel 1[0m _identify(isaaclab_tasks/isaaclab_tasks/manager_based/manipulation/reach/config) by extension 'colcon_pkg'
[0.281s] [34mcolcon.colcon_core.package_identification[0m [1;30mLevel 1[0m _identify(isaaclab_tasks/isaaclab_tasks/manager_based/manipulation/reach/config) by extensions ['colcon_meta']
[0.281s] [34mcolcon.colcon_core.package_identification[0m [1;30mLevel 1[0m _identify(isaaclab_tasks/isaaclab_tasks/manager_based/manipulation/reach/config) by extension 'colcon_meta'
[0.281s] [34mcolcon.colcon_core.package_identification[0m [1;30mLevel 1[0m _identify(isaaclab_tasks/isaaclab_tasks/manager_based/manipulation/reach/config) by extensions ['ros']
[0.281s] [34mcolcon.colcon_core.package_identification[0m [1;30mLevel 1[0m _identify(isaaclab_tasks/isaaclab_tasks/manager_based/manipulation/reach/config) by extension 'ros'
[0.281s] [34mcolcon.colcon_core.package_identification[0m [1;30mLevel 1[0m _identify(isaaclab_tasks/isaaclab_tasks/manager_based/manipulation/reach/config) by extensions ['cmake', 'python']
[0.281s] [34mcolcon.colcon_core.package_identification[0m [1;30mLevel 1[0m _identify(isaaclab_tasks/isaaclab_tasks/manager_based/manipulation/reach/config) by extension 'cmake'
[0.281s] [34mcolcon.colcon_core.package_identification[0m [1;30mLevel 1[0m _identify(isaaclab_tasks/isaaclab_tasks/manager_based/manipulation/reach/config) by extension 'python'
[0.281s] [34mcolcon.colcon_core.package_identification[0m [1;30mLevel 1[0m _identify(isaaclab_tasks/isaaclab_tasks/manager_based/manipulation/reach/config) by extensions ['python_setup_py']
[0.281s] [34mcolcon.colcon_core.package_identification[0m [1;30mLevel 1[0m _identify(isaaclab_tasks/isaaclab_tasks/manager_based/manipulation/reach/config) by extension 'python_setup_py'
[0.281s] [34mcolcon.colcon_core.package_identification[0m [1;30mLevel 1[0m _identify(isaaclab_tasks/isaaclab_tasks/manager_based/manipulation/reach/config/__pycache__) by extensions ['ignore', 'ignore_ament_install']
[0.281s] [34mcolcon.colcon_core.package_identification[0m [1;30mLevel 1[0m _identify(isaaclab_tasks/isaaclab_tasks/manager_based/manipulation/reach/config/__pycache__) by extension 'ignore'
[0.281s] [34mcolcon.colcon_core.package_identification[0m [1;30mLevel 1[0m _identify(isaaclab_tasks/isaaclab_tasks/manager_based/manipulation/reach/config/__pycache__) by extension 'ignore_ament_install'
[0.281s] [34mcolcon.colcon_core.package_identification[0m [1;30mLevel 1[0m _identify(isaaclab_tasks/isaaclab_tasks/manager_based/manipulation/reach/config/__pycache__) by extensions ['colcon_pkg']
[0.281s] [34mcolcon.colcon_core.package_identification[0m [1;30mLevel 1[0m _identify(isaaclab_tasks/isaaclab_tasks/manager_based/manipulation/reach/config/__pycache__) by extension 'colcon_pkg'
[0.281s] [34mcolcon.colcon_core.package_identification[0m [1;30mLevel 1[0m _identify(isaaclab_tasks/isaaclab_tasks/manager_based/manipulation/reach/config/__pycache__) by extensions ['colcon_meta']
[0.281s] [34mcolcon.colcon_core.package_identification[0m [1;30mLevel 1[0m _identify(isaaclab_tasks/isaaclab_tasks/manager_based/manipulation/reach/config/__pycache__) by extension 'colcon_meta'
[0.281s] [34mcolcon.colcon_core.package_identification[0m [1;30mLevel 1[0m _identify(isaaclab_tasks/isaaclab_tasks/manager_based/manipulation/reach/config/__pycache__) by extensions ['ros']
[0.281s] [34mcolcon.colcon_core.package_identification[0m [1;30mLevel 1[0m _identify(isaaclab_tasks/isaaclab_tasks/manager_based/manipulation/reach/config/__pycache__) by extension 'ros'
[0.281s] [34mcolcon.colcon_core.package_identification[0m [1;30mLevel 1[0m _identify(isaaclab_tasks/isaaclab_tasks/manager_based/manipulation/reach/config/__pycache__) by extensions ['cmake', 'python']
[0.281s] [34mcolcon.colcon_core.package_identification[0m [1;30mLevel 1[0m _identify(isaaclab_tasks/isaaclab_tasks/manager_based/manipulation/reach/config/__pycache__) by extension 'cmake'
[0.281s] [34mcolcon.colcon_core.package_identification[0m [1;30mLevel 1[0m _identify(isaaclab_tasks/isaaclab_tasks/manager_based/manipulation/reach/config/__pycache__) by extension 'python'
[0.281s] [34mcolcon.colcon_core.package_identification[0m [1;30mLevel 1[0m _identify(isaaclab_tasks/isaaclab_tasks/manager_based/manipulation/reach/config/__pycache__) by extensions ['python_setup_py']
[0.281s] [34mcolcon.colcon_core.package_identification[0m [1;30mLevel 1[0m _identify(isaaclab_tasks/isaaclab_tasks/manager_based/manipulation/reach/config/__pycache__) by extension 'python_setup_py'
[0.281s] [34mcolcon.colcon_core.package_identification[0m [1;30mLevel 1[0m _identify(isaaclab_tasks/isaaclab_tasks/manager_based/manipulation/reach/config/franka) by extensions ['ignore', 'ignore_ament_install']
[0.281s] [34mcolcon.colcon_core.package_identification[0m [1;30mLevel 1[0m _identify(isaaclab_tasks/isaaclab_tasks/manager_based/manipulation/reach/config/franka) by extension 'ignore'
[0.281s] [34mcolcon.colcon_core.package_identification[0m [1;30mLevel 1[0m _identify(isaaclab_tasks/isaaclab_tasks/manager_based/manipulation/reach/config/franka) by extension 'ignore_ament_install'
[0.281s] [34mcolcon.colcon_core.package_identification[0m [1;30mLevel 1[0m _identify(isaaclab_tasks/isaaclab_tasks/manager_based/manipulation/reach/config/franka) by extensions ['colcon_pkg']
[0.281s] [34mcolcon.colcon_core.package_identification[0m [1;30mLevel 1[0m _identify(isaaclab_tasks/isaaclab_tasks/manager_based/manipulation/reach/config/franka) by extension 'colcon_pkg'
[0.281s] [34mcolcon.colcon_core.package_identification[0m [1;30mLevel 1[0m _identify(isaaclab_tasks/isaaclab_tasks/manager_based/manipulation/reach/config/franka) by extensions ['colcon_meta']
[0.281s] [34mcolcon.colcon_core.package_identification[0m [1;30mLevel 1[0m _identify(isaaclab_tasks/isaaclab_tasks/manager_based/manipulation/reach/config/franka) by extension 'colcon_meta'
[0.281s] [34mcolcon.colcon_core.package_identification[0m [1;30mLevel 1[0m _identify(isaaclab_tasks/isaaclab_tasks/manager_based/manipulation/reach/config/franka) by extensions ['ros']
[0.281s] [34mcolcon.colcon_core.package_identification[0m [1;30mLevel 1[0m _identify(isaaclab_tasks/isaaclab_tasks/manager_based/manipulation/reach/config/franka) by extension 'ros'
[0.281s] [34mcolcon.colcon_core.package_identification[0m [1;30mLevel 1[0m _identify(isaaclab_tasks/isaaclab_tasks/manager_based/manipulation/reach/config/franka) by extensions ['cmake', 'python']
[0.281s] [34mcolcon.colcon_core.package_identification[0m [1;30mLevel 1[0m _identify(isaaclab_tasks/isaaclab_tasks/manager_based/manipulation/reach/config/franka) by extension 'cmake'
[0.281s] [34mcolcon.colcon_core.package_identification[0m [1;30mLevel 1[0m _identify(isaaclab_tasks/isaaclab_tasks/manager_based/manipulation/reach/config/franka) by extension 'python'
[0.281s] [34mcolcon.colcon_core.package_identification[0m [1;30mLevel 1[0m _identify(isaaclab_tasks/isaaclab_tasks/manager_based/manipulation/reach/config/franka) by extensions ['python_setup_py']
[0.281s] [34mcolcon.colcon_core.package_identification[0m [1;30mLevel 1[0m _identify(isaaclab_tasks/isaaclab_tasks/manager_based/manipulation/reach/config/franka) by extension 'python_setup_py'
[0.281s] [34mcolcon.colcon_core.package_identification[0m [1;30mLevel 1[0m _identify(isaaclab_tasks/isaaclab_tasks/manager_based/manipulation/reach/config/franka/__pycache__) by extensions ['ignore', 'ignore_ament_install']
[0.281s] [34mcolcon.colcon_core.package_identification[0m [1;30mLevel 1[0m _identify(isaaclab_tasks/isaaclab_tasks/manager_based/manipulation/reach/config/franka/__pycache__) by extension 'ignore'
[0.281s] [34mcolcon.colcon_core.package_identification[0m [1;30mLevel 1[0m _identify(isaaclab_tasks/isaaclab_tasks/manager_based/manipulation/reach/config/franka/__pycache__) by extension 'ignore_ament_install'
[0.281s] [34mcolcon.colcon_core.package_identification[0m [1;30mLevel 1[0m _identify(isaaclab_tasks/isaaclab_tasks/manager_based/manipulation/reach/config/franka/__pycache__) by extensions ['colcon_pkg']
[0.281s] [34mcolcon.colcon_core.package_identification[0m [1;30mLevel 1[0m _identify(isaaclab_tasks/isaaclab_tasks/manager_based/manipulation/reach/config/franka/__pycache__) by extension 'colcon_pkg'
[0.281s] [34mcolcon.colcon_core.package_identification[0m [1;30mLevel 1[0m _identify(isaaclab_tasks/isaaclab_tasks/manager_based/manipulation/reach/config/franka/__pycache__) by extensions ['colcon_meta']
[0.281s] [34mcolcon.colcon_core.package_identification[0m [1;30mLevel 1[0m _identify(isaaclab_tasks/isaaclab_tasks/manager_based/manipulation/reach/config/franka/__pycache__) by extension 'colcon_meta'
[0.281s] [34mcolcon.colcon_core.package_identification[0m [1;30mLevel 1[0m _identify(isaaclab_tasks/isaaclab_tasks/manager_based/manipulation/reach/config/franka/__pycache__) by extensions ['ros']
[0.281s] [34mcolcon.colcon_core.package_identification[0m [1;30mLevel 1[0m _identify(isaaclab_tasks/isaaclab_tasks/manager_based/manipulation/reach/config/franka/__pycache__) by extension 'ros'
[0.282s] [34mcolcon.colcon_core.package_identification[0m [1;30mLevel 1[0m _identify(isaaclab_tasks/isaaclab_tasks/manager_based/manipulation/reach/config/franka/__pycache__) by extensions ['cmake', 'python']
[0.282s] [34mcolcon.colcon_core.package_identification[0m [1;30mLevel 1[0m _identify(isaaclab_tasks/isaaclab_tasks/manager_based/manipulation/reach/config/franka/__pycache__) by extension 'cmake'
[0.282s] [34mcolcon.colcon_core.package_identification[0m [1;30mLevel 1[0m _identify(isaaclab_tasks/isaaclab_tasks/manager_based/manipulation/reach/config/franka/__pycache__) by extension 'python'
[0.282s] [34mcolcon.colcon_core.package_identification[0m [1;30mLevel 1[0m _identify(isaaclab_tasks/isaaclab_tasks/manager_based/manipulation/reach/config/franka/__pycache__) by extensions ['python_setup_py']
[0.282s] [34mcolcon.colcon_core.package_identification[0m [1;30mLevel 1[0m _identify(isaaclab_tasks/isaaclab_tasks/manager_based/manipulation/reach/config/franka/__pycache__) by extension 'python_setup_py'
[0.282s] [34mcolcon.colcon_core.package_identification[0m [1;30mLevel 1[0m _identify(isaaclab_tasks/isaaclab_tasks/manager_based/manipulation/reach/config/franka/agents) by extensions ['ignore', 'ignore_ament_install']
[0.282s] [34mcolcon.colcon_core.package_identification[0m [1;30mLevel 1[0m _identify(isaaclab_tasks/isaaclab_tasks/manager_based/manipulation/reach/config/franka/agents) by extension 'ignore'
[0.282s] [34mcolcon.colcon_core.package_identification[0m [1;30mLevel 1[0m _identify(isaaclab_tasks/isaaclab_tasks/manager_based/manipulation/reach/config/franka/agents) by extension 'ignore_ament_install'
[0.282s] [34mcolcon.colcon_core.package_identification[0m [1;30mLevel 1[0m _identify(isaaclab_tasks/isaaclab_tasks/manager_based/manipulation/reach/config/franka/agents) by extensions ['colcon_pkg']
[0.282s] [34mcolcon.colcon_core.package_identification[0m [1;30mLevel 1[0m _identify(isaaclab_tasks/isaaclab_tasks/manager_based/manipulation/reach/config/franka/agents) by extension 'colcon_pkg'
[0.282s] [34mcolcon.colcon_core.package_identification[0m [1;30mLevel 1[0m _identify(isaaclab_tasks/isaaclab_tasks/manager_based/manipulation/reach/config/franka/agents) by extensions ['colcon_meta']
[0.282s] [34mcolcon.colcon_core.package_identification[0m [1;30mLevel 1[0m _identify(isaaclab_tasks/isaaclab_tasks/manager_based/manipulation/reach/config/franka/agents) by extension 'colcon_meta'
[0.282s] [34mcolcon.colcon_core.package_identification[0m [1;30mLevel 1[0m _identify(isaaclab_tasks/isaaclab_tasks/manager_based/manipulation/reach/config/franka/agents) by extensions ['ros']
[0.282s] [34mcolcon.colcon_core.package_identification[0m [1;30mLevel 1[0m _identify(isaaclab_tasks/isaaclab_tasks/manager_based/manipulation/reach/config/franka/agents) by extension 'ros'
[0.282s] [34mcolcon.colcon_core.package_identification[0m [1;30mLevel 1[0m _identify(isaaclab_tasks/isaaclab_tasks/manager_based/manipulation/reach/config/franka/agents) by extensions ['cmake', 'python']
[0.282s] [34mcolcon.colcon_core.package_identification[0m [1;30mLevel 1[0m _identify(isaaclab_tasks/isaaclab_tasks/manager_based/manipulation/reach/config/franka/agents) by extension 'cmake'
[0.282s] [34mcolcon.colcon_core.package_identification[0m [1;30mLevel 1[0m _identify(isaaclab_tasks/isaaclab_tasks/manager_based/manipulation/reach/config/franka/agents) by extension 'python'
[0.282s] [34mcolcon.colcon_core.package_identification[0m [1;30mLevel 1[0m _identify(isaaclab_tasks/isaaclab_tasks/manager_based/manipulation/reach/config/franka/agents) by extensions ['python_setup_py']
[0.282s] [34mcolcon.colcon_core.package_identification[0m [1;30mLevel 1[0m _identify(isaaclab_tasks/isaaclab_tasks/manager_based/manipulation/reach/config/franka/agents) by extension 'python_setup_py'
[0.282s] [34mcolcon.colcon_core.package_identification[0m [1;30mLevel 1[0m _identify(isaaclab_tasks/isaaclab_tasks/manager_based/manipulation/reach/config/franka/agents/__pycache__) by extensions ['ignore', 'ignore_ament_install']
[0.282s] [34mcolcon.colcon_core.package_identification[0m [1;30mLevel 1[0m _identify(isaaclab_tasks/isaaclab_tasks/manager_based/manipulation/reach/config/franka/agents/__pycache__) by extension 'ignore'
[0.282s] [34mcolcon.colcon_core.package_identification[0m [1;30mLevel 1[0m _identify(isaaclab_tasks/isaaclab_tasks/manager_based/manipulation/reach/config/franka/agents/__pycache__) by extension 'ignore_ament_install'
[0.282s] [34mcolcon.colcon_core.package_identification[0m [1;30mLevel 1[0m _identify(isaaclab_tasks/isaaclab_tasks/manager_based/manipulation/reach/config/franka/agents/__pycache__) by extensions ['colcon_pkg']
[0.282s] [34mcolcon.colcon_core.package_identification[0m [1;30mLevel 1[0m _identify(isaaclab_tasks/isaaclab_tasks/manager_based/manipulation/reach/config/franka/agents/__pycache__) by extension 'colcon_pkg'
[0.282s] [34mcolcon.colcon_core.package_identification[0m [1;30mLevel 1[0m _identify(isaaclab_tasks/isaaclab_tasks/manager_based/manipulation/reach/config/franka/agents/__pycache__) by extensions ['colcon_meta']
[0.282s] [34mcolcon.colcon_core.package_identification[0m [1;30mLevel 1[0m _identify(isaaclab_tasks/isaaclab_tasks/manager_based/manipulation/reach/config/franka/agents/__pycache__) by extension 'colcon_meta'
[0.282s] [34mcolcon.colcon_core.package_identification[0m [1;30mLevel 1[0m _identify(isaaclab_tasks/isaaclab_tasks/manager_based/manipulation/reach/config/franka/agents/__pycache__) by extensions ['ros']
[0.282s] [34mcolcon.colcon_core.package_identification[0m [1;30mLevel 1[0m _identify(isaaclab_tasks/isaaclab_tasks/manager_based/manipulation/reach/config/franka/agents/__pycache__) by extension 'ros'
[0.282s] [34mcolcon.colcon_core.package_identification[0m [1;30mLevel 1[0m _identify(isaaclab_tasks/isaaclab_tasks/manager_based/manipulation/reach/config/franka/agents/__pycache__) by extensions ['cmake', 'python']
[0.282s] [34mcolcon.colcon_core.package_identification[0m [1;30mLevel 1[0m _identify(isaaclab_tasks/isaaclab_tasks/manager_based/manipulation/reach/config/franka/agents/__pycache__) by extension 'cmake'
[0.282s] [34mcolcon.colcon_core.package_identification[0m [1;30mLevel 1[0m _identify(isaaclab_tasks/isaaclab_tasks/manager_based/manipulation/reach/config/franka/agents/__pycache__) by extension 'python'
[0.282s] [34mcolcon.colcon_core.package_identification[0m [1;30mLevel 1[0m _identify(isaaclab_tasks/isaaclab_tasks/manager_based/manipulation/reach/config/franka/agents/__pycache__) by extensions ['python_setup_py']
[0.282s] [34mcolcon.colcon_core.package_identification[0m [1;30mLevel 1[0m _identify(isaaclab_tasks/isaaclab_tasks/manager_based/manipulation/reach/config/franka/agents/__pycache__) by extension 'python_setup_py'
[0.282s] [34mcolcon.colcon_core.package_identification[0m [1;30mLevel 1[0m _identify(isaaclab_tasks/isaaclab_tasks/manager_based/manipulation/reach/config/ur_10) by extensions ['ignore', 'ignore_ament_install']
[0.282s] [34mcolcon.colcon_core.package_identification[0m [1;30mLevel 1[0m _identify(isaaclab_tasks/isaaclab_tasks/manager_based/manipulation/reach/config/ur_10) by extension 'ignore'
[0.282s] [34mcolcon.colcon_core.package_identification[0m [1;30mLevel 1[0m _identify(isaaclab_tasks/isaaclab_tasks/manager_based/manipulation/reach/config/ur_10) by extension 'ignore_ament_install'
[0.282s] [34mcolcon.colcon_core.package_identification[0m [1;30mLevel 1[0m _identify(isaaclab_tasks/isaaclab_tasks/manager_based/manipulation/reach/config/ur_10) by extensions ['colcon_pkg']
[0.282s] [34mcolcon.colcon_core.package_identification[0m [1;30mLevel 1[0m _identify(isaaclab_tasks/isaaclab_tasks/manager_based/manipulation/reach/config/ur_10) by extension 'colcon_pkg'
[0.282s] [34mcolcon.colcon_core.package_identification[0m [1;30mLevel 1[0m _identify(isaaclab_tasks/isaaclab_tasks/manager_based/manipulation/reach/config/ur_10) by extensions ['colcon_meta']
[0.282s] [34mcolcon.colcon_core.package_identification[0m [1;30mLevel 1[0m _identify(isaaclab_tasks/isaaclab_tasks/manager_based/manipulation/reach/config/ur_10) by extension 'colcon_meta'
[0.282s] [34mcolcon.colcon_core.package_identification[0m [1;30mLevel 1[0m _identify(isaaclab_tasks/isaaclab_tasks/manager_based/manipulation/reach/config/ur_10) by extensions ['ros']
[0.282s] [34mcolcon.colcon_core.package_identification[0m [1;30mLevel 1[0m _identify(isaaclab_tasks/isaaclab_tasks/manager_based/manipulation/reach/config/ur_10) by extension 'ros'
[0.282s] [34mcolcon.colcon_core.package_identification[0m [1;30mLevel 1[0m _identify(isaaclab_tasks/isaaclab_tasks/manager_based/manipulation/reach/config/ur_10) by extensions ['cmake', 'python']
[0.282s] [34mcolcon.colcon_core.package_identification[0m [1;30mLevel 1[0m _identify(isaaclab_tasks/isaaclab_tasks/manager_based/manipulation/reach/config/ur_10) by extension 'cmake'
[0.282s] [34mcolcon.colcon_core.package_identification[0m [1;30mLevel 1[0m _identify(isaaclab_tasks/isaaclab_tasks/manager_based/manipulation/reach/config/ur_10) by extension 'python'
[0.282s] [34mcolcon.colcon_core.package_identification[0m [1;30mLevel 1[0m _identify(isaaclab_tasks/isaaclab_tasks/manager_based/manipulation/reach/config/ur_10) by extensions ['python_setup_py']
[0.282s] [34mcolcon.colcon_core.package_identification[0m [1;30mLevel 1[0m _identify(isaaclab_tasks/isaaclab_tasks/manager_based/manipulation/reach/config/ur_10) by extension 'python_setup_py'
[0.282s] [34mcolcon.colcon_core.package_identification[0m [1;30mLevel 1[0m _identify(isaaclab_tasks/isaaclab_tasks/manager_based/manipulation/reach/config/ur_10/__pycache__) by extensions ['ignore', 'ignore_ament_install']
[0.283s] [34mcolcon.colcon_core.package_identification[0m [1;30mLevel 1[0m _identify(isaaclab_tasks/isaaclab_tasks/manager_based/manipulation/reach/config/ur_10/__pycache__) by extension 'ignore'
[0.283s] [34mcolcon.colcon_core.package_identification[0m [1;30mLevel 1[0m _identify(isaaclab_tasks/isaaclab_tasks/manager_based/manipulation/reach/config/ur_10/__pycache__) by extension 'ignore_ament_install'
[0.283s] [34mcolcon.colcon_core.package_identification[0m [1;30mLevel 1[0m _identify(isaaclab_tasks/isaaclab_tasks/manager_based/manipulation/reach/config/ur_10/__pycache__) by extensions ['colcon_pkg']
[0.283s] [34mcolcon.colcon_core.package_identification[0m [1;30mLevel 1[0m _identify(isaaclab_tasks/isaaclab_tasks/manager_based/manipulation/reach/config/ur_10/__pycache__) by extension 'colcon_pkg'
[0.283s] [34mcolcon.colcon_core.package_identification[0m [1;30mLevel 1[0m _identify(isaaclab_tasks/isaaclab_tasks/manager_based/manipulation/reach/config/ur_10/__pycache__) by extensions ['colcon_meta']
[0.283s] [34mcolcon.colcon_core.package_identification[0m [1;30mLevel 1[0m _identify(isaaclab_tasks/isaaclab_tasks/manager_based/manipulation/reach/config/ur_10/__pycache__) by extension 'colcon_meta'
[0.283s] [34mcolcon.colcon_core.package_identification[0m [1;30mLevel 1[0m _identify(isaaclab_tasks/isaaclab_tasks/manager_based/manipulation/reach/config/ur_10/__pycache__) by extensions ['ros']
[0.283s] [34mcolcon.colcon_core.package_identification[0m [1;30mLevel 1[0m _identify(isaaclab_tasks/isaaclab_tasks/manager_based/manipulation/reach/config/ur_10/__pycache__) by extension 'ros'
[0.283s] [34mcolcon.colcon_core.package_identification[0m [1;30mLevel 1[0m _identify(isaaclab_tasks/isaaclab_tasks/manager_based/manipulation/reach/config/ur_10/__pycache__) by extensions ['cmake', 'python']
[0.283s] [34mcolcon.colcon_core.package_identification[0m [1;30mLevel 1[0m _identify(isaaclab_tasks/isaaclab_tasks/manager_based/manipulation/reach/config/ur_10/__pycache__) by extension 'cmake'
[0.283s] [34mcolcon.colcon_core.package_identification[0m [1;30mLevel 1[0m _identify(isaaclab_tasks/isaaclab_tasks/manager_based/manipulation/reach/config/ur_10/__pycache__) by extension 'python'
[0.283s] [34mcolcon.colcon_core.package_identification[0m [1;30mLevel 1[0m _identify(isaaclab_tasks/isaaclab_tasks/manager_based/manipulation/reach/config/ur_10/__pycache__) by extensions ['python_setup_py']
[0.283s] [34mcolcon.colcon_core.package_identification[0m [1;30mLevel 1[0m _identify(isaaclab_tasks/isaaclab_tasks/manager_based/manipulation/reach/config/ur_10/__pycache__) by extension 'python_setup_py'
[0.283s] [34mcolcon.colcon_core.package_identification[0m [1;30mLevel 1[0m _identify(isaaclab_tasks/isaaclab_tasks/manager_based/manipulation/reach/config/ur_10/agents) by extensions ['ignore', 'ignore_ament_install']
[0.283s] [34mcolcon.colcon_core.package_identification[0m [1;30mLevel 1[0m _identify(isaaclab_tasks/isaaclab_tasks/manager_based/manipulation/reach/config/ur_10/agents) by extension 'ignore'
[0.283s] [34mcolcon.colcon_core.package_identification[0m [1;30mLevel 1[0m _identify(isaaclab_tasks/isaaclab_tasks/manager_based/manipulation/reach/config/ur_10/agents) by extension 'ignore_ament_install'
[0.283s] [34mcolcon.colcon_core.package_identification[0m [1;30mLevel 1[0m _identify(isaaclab_tasks/isaaclab_tasks/manager_based/manipulation/reach/config/ur_10/agents) by extensions ['colcon_pkg']
[0.283s] [34mcolcon.colcon_core.package_identification[0m [1;30mLevel 1[0m _identify(isaaclab_tasks/isaaclab_tasks/manager_based/manipulation/reach/config/ur_10/agents) by extension 'colcon_pkg'
[0.283s] [34mcolcon.colcon_core.package_identification[0m [1;30mLevel 1[0m _identify(isaaclab_tasks/isaaclab_tasks/manager_based/manipulation/reach/config/ur_10/agents) by extensions ['colcon_meta']
[0.283s] [34mcolcon.colcon_core.package_identification[0m [1;30mLevel 1[0m _identify(isaaclab_tasks/isaaclab_tasks/manager_based/manipulation/reach/config/ur_10/agents) by extension 'colcon_meta'
[0.283s] [34mcolcon.colcon_core.package_identification[0m [1;30mLevel 1[0m _identify(isaaclab_tasks/isaaclab_tasks/manager_based/manipulation/reach/config/ur_10/agents) by extensions ['ros']
[0.283s] [34mcolcon.colcon_core.package_identification[0m [1;30mLevel 1[0m _identify(isaaclab_tasks/isaaclab_tasks/manager_based/manipulation/reach/config/ur_10/agents) by extension 'ros'
[0.283s] [34mcolcon.colcon_core.package_identification[0m [1;30mLevel 1[0m _identify(isaaclab_tasks/isaaclab_tasks/manager_based/manipulation/reach/config/ur_10/agents) by extensions ['cmake', 'python']
[0.283s] [34mcolcon.colcon_core.package_identification[0m [1;30mLevel 1[0m _identify(isaaclab_tasks/isaaclab_tasks/manager_based/manipulation/reach/config/ur_10/agents) by extension 'cmake'
[0.283s] [34mcolcon.colcon_core.package_identification[0m [1;30mLevel 1[0m _identify(isaaclab_tasks/isaaclab_tasks/manager_based/manipulation/reach/config/ur_10/agents) by extension 'python'
[0.283s] [34mcolcon.colcon_core.package_identification[0m [1;30mLevel 1[0m _identify(isaaclab_tasks/isaaclab_tasks/manager_based/manipulation/reach/config/ur_10/agents) by extensions ['python_setup_py']
[0.283s] [34mcolcon.colcon_core.package_identification[0m [1;30mLevel 1[0m _identify(isaaclab_tasks/isaaclab_tasks/manager_based/manipulation/reach/config/ur_10/agents) by extension 'python_setup_py'
[0.283s] [34mcolcon.colcon_core.package_identification[0m [1;30mLevel 1[0m _identify(isaaclab_tasks/isaaclab_tasks/manager_based/manipulation/reach/config/ur_10/agents/__pycache__) by extensions ['ignore', 'ignore_ament_install']
[0.283s] [34mcolcon.colcon_core.package_identification[0m [1;30mLevel 1[0m _identify(isaaclab_tasks/isaaclab_tasks/manager_based/manipulation/reach/config/ur_10/agents/__pycache__) by extension 'ignore'
[0.283s] [34mcolcon.colcon_core.package_identification[0m [1;30mLevel 1[0m _identify(isaaclab_tasks/isaaclab_tasks/manager_based/manipulation/reach/config/ur_10/agents/__pycache__) by extension 'ignore_ament_install'
[0.283s] [34mcolcon.colcon_core.package_identification[0m [1;30mLevel 1[0m _identify(isaaclab_tasks/isaaclab_tasks/manager_based/manipulation/reach/config/ur_10/agents/__pycache__) by extensions ['colcon_pkg']
[0.283s] [34mcolcon.colcon_core.package_identification[0m [1;30mLevel 1[0m _identify(isaaclab_tasks/isaaclab_tasks/manager_based/manipulation/reach/config/ur_10/agents/__pycache__) by extension 'colcon_pkg'
[0.283s] [34mcolcon.colcon_core.package_identification[0m [1;30mLevel 1[0m _identify(isaaclab_tasks/isaaclab_tasks/manager_based/manipulation/reach/config/ur_10/agents/__pycache__) by extensions ['colcon_meta']
[0.283s] [34mcolcon.colcon_core.package_identification[0m [1;30mLevel 1[0m _identify(isaaclab_tasks/isaaclab_tasks/manager_based/manipulation/reach/config/ur_10/agents/__pycache__) by extension 'colcon_meta'
[0.283s] [34mcolcon.colcon_core.package_identification[0m [1;30mLevel 1[0m _identify(isaaclab_tasks/isaaclab_tasks/manager_based/manipulation/reach/config/ur_10/agents/__pycache__) by extensions ['ros']
[0.283s] [34mcolcon.colcon_core.package_identification[0m [1;30mLevel 1[0m _identify(isaaclab_tasks/isaaclab_tasks/manager_based/manipulation/reach/config/ur_10/agents/__pycache__) by extension 'ros'
[0.283s] [34mcolcon.colcon_core.package_identification[0m [1;30mLevel 1[0m _identify(isaaclab_tasks/isaaclab_tasks/manager_based/manipulation/reach/config/ur_10/agents/__pycache__) by extensions ['cmake', 'python']
[0.283s] [34mcolcon.colcon_core.package_identification[0m [1;30mLevel 1[0m _identify(isaaclab_tasks/isaaclab_tasks/manager_based/manipulation/reach/config/ur_10/agents/__pycache__) by extension 'cmake'
[0.283s] [34mcolcon.colcon_core.package_identification[0m [1;30mLevel 1[0m _identify(isaaclab_tasks/isaaclab_tasks/manager_based/manipulation/reach/config/ur_10/agents/__pycache__) by extension 'python'
[0.283s] [34mcolcon.colcon_core.package_identification[0m [1;30mLevel 1[0m _identify(isaaclab_tasks/isaaclab_tasks/manager_based/manipulation/reach/config/ur_10/agents/__pycache__) by extensions ['python_setup_py']
[0.283s] [34mcolcon.colcon_core.package_identification[0m [1;30mLevel 1[0m _identify(isaaclab_tasks/isaaclab_tasks/manager_based/manipulation/reach/config/ur_10/agents/__pycache__) by extension 'python_setup_py'
[0.283s] [34mcolcon.colcon_core.package_identification[0m [1;30mLevel 1[0m _identify(isaaclab_tasks/isaaclab_tasks/manager_based/manipulation/reach/mdp) by extensions ['ignore', 'ignore_ament_install']
[0.283s] [34mcolcon.colcon_core.package_identification[0m [1;30mLevel 1[0m _identify(isaaclab_tasks/isaaclab_tasks/manager_based/manipulation/reach/mdp) by extension 'ignore'
[0.283s] [34mcolcon.colcon_core.package_identification[0m [1;30mLevel 1[0m _identify(isaaclab_tasks/isaaclab_tasks/manager_based/manipulation/reach/mdp) by extension 'ignore_ament_install'
[0.283s] [34mcolcon.colcon_core.package_identification[0m [1;30mLevel 1[0m _identify(isaaclab_tasks/isaaclab_tasks/manager_based/manipulation/reach/mdp) by extensions ['colcon_pkg']
[0.283s] [34mcolcon.colcon_core.package_identification[0m [1;30mLevel 1[0m _identify(isaaclab_tasks/isaaclab_tasks/manager_based/manipulation/reach/mdp) by extension 'colcon_pkg'
[0.283s] [34mcolcon.colcon_core.package_identification[0m [1;30mLevel 1[0m _identify(isaaclab_tasks/isaaclab_tasks/manager_based/manipulation/reach/mdp) by extensions ['colcon_meta']
[0.283s] [34mcolcon.colcon_core.package_identification[0m [1;30mLevel 1[0m _identify(isaaclab_tasks/isaaclab_tasks/manager_based/manipulation/reach/mdp) by extension 'colcon_meta'
[0.284s] [34mcolcon.colcon_core.package_identification[0m [1;30mLevel 1[0m _identify(isaaclab_tasks/isaaclab_tasks/manager_based/manipulation/reach/mdp) by extensions ['ros']
[0.284s] [34mcolcon.colcon_core.package_identification[0m [1;30mLevel 1[0m _identify(isaaclab_tasks/isaaclab_tasks/manager_based/manipulation/reach/mdp) by extension 'ros'
[0.284s] [34mcolcon.colcon_core.package_identification[0m [1;30mLevel 1[0m _identify(isaaclab_tasks/isaaclab_tasks/manager_based/manipulation/reach/mdp) by extensions ['cmake', 'python']
[0.284s] [34mcolcon.colcon_core.package_identification[0m [1;30mLevel 1[0m _identify(isaaclab_tasks/isaaclab_tasks/manager_based/manipulation/reach/mdp) by extension 'cmake'
[0.284s] [34mcolcon.colcon_core.package_identification[0m [1;30mLevel 1[0m _identify(isaaclab_tasks/isaaclab_tasks/manager_based/manipulation/reach/mdp) by extension 'python'
[0.284s] [34mcolcon.colcon_core.package_identification[0m [1;30mLevel 1[0m _identify(isaaclab_tasks/isaaclab_tasks/manager_based/manipulation/reach/mdp) by extensions ['python_setup_py']
[0.284s] [34mcolcon.colcon_core.package_identification[0m [1;30mLevel 1[0m _identify(isaaclab_tasks/isaaclab_tasks/manager_based/manipulation/reach/mdp) by extension 'python_setup_py'
[0.284s] [34mcolcon.colcon_core.package_identification[0m [1;30mLevel 1[0m _identify(isaaclab_tasks/isaaclab_tasks/manager_based/manipulation/stack) by extensions ['ignore', 'ignore_ament_install']
[0.284s] [34mcolcon.colcon_core.package_identification[0m [1;30mLevel 1[0m _identify(isaaclab_tasks/isaaclab_tasks/manager_based/manipulation/stack) by extension 'ignore'
[0.284s] [34mcolcon.colcon_core.package_identification[0m [1;30mLevel 1[0m _identify(isaaclab_tasks/isaaclab_tasks/manager_based/manipulation/stack) by extension 'ignore_ament_install'
[0.284s] [34mcolcon.colcon_core.package_identification[0m [1;30mLevel 1[0m _identify(isaaclab_tasks/isaaclab_tasks/manager_based/manipulation/stack) by extensions ['colcon_pkg']
[0.284s] [34mcolcon.colcon_core.package_identification[0m [1;30mLevel 1[0m _identify(isaaclab_tasks/isaaclab_tasks/manager_based/manipulation/stack) by extension 'colcon_pkg'
[0.284s] [34mcolcon.colcon_core.package_identification[0m [1;30mLevel 1[0m _identify(isaaclab_tasks/isaaclab_tasks/manager_based/manipulation/stack) by extensions ['colcon_meta']
[0.284s] [34mcolcon.colcon_core.package_identification[0m [1;30mLevel 1[0m _identify(isaaclab_tasks/isaaclab_tasks/manager_based/manipulation/stack) by extension 'colcon_meta'
[0.284s] [34mcolcon.colcon_core.package_identification[0m [1;30mLevel 1[0m _identify(isaaclab_tasks/isaaclab_tasks/manager_based/manipulation/stack) by extensions ['ros']
[0.284s] [34mcolcon.colcon_core.package_identification[0m [1;30mLevel 1[0m _identify(isaaclab_tasks/isaaclab_tasks/manager_based/manipulation/stack) by extension 'ros'
[0.284s] [34mcolcon.colcon_core.package_identification[0m [1;30mLevel 1[0m _identify(isaaclab_tasks/isaaclab_tasks/manager_based/manipulation/stack) by extensions ['cmake', 'python']
[0.284s] [34mcolcon.colcon_core.package_identification[0m [1;30mLevel 1[0m _identify(isaaclab_tasks/isaaclab_tasks/manager_based/manipulation/stack) by extension 'cmake'
[0.284s] [34mcolcon.colcon_core.package_identification[0m [1;30mLevel 1[0m _identify(isaaclab_tasks/isaaclab_tasks/manager_based/manipulation/stack) by extension 'python'
[0.284s] [34mcolcon.colcon_core.package_identification[0m [1;30mLevel 1[0m _identify(isaaclab_tasks/isaaclab_tasks/manager_based/manipulation/stack) by extensions ['python_setup_py']
[0.284s] [34mcolcon.colcon_core.package_identification[0m [1;30mLevel 1[0m _identify(isaaclab_tasks/isaaclab_tasks/manager_based/manipulation/stack) by extension 'python_setup_py'
[0.284s] [34mcolcon.colcon_core.package_identification[0m [1;30mLevel 1[0m _identify(isaaclab_tasks/isaaclab_tasks/manager_based/manipulation/stack/__pycache__) by extensions ['ignore', 'ignore_ament_install']
[0.284s] [34mcolcon.colcon_core.package_identification[0m [1;30mLevel 1[0m _identify(isaaclab_tasks/isaaclab_tasks/manager_based/manipulation/stack/__pycache__) by extension 'ignore'
[0.284s] [34mcolcon.colcon_core.package_identification[0m [1;30mLevel 1[0m _identify(isaaclab_tasks/isaaclab_tasks/manager_based/manipulation/stack/__pycache__) by extension 'ignore_ament_install'
[0.284s] [34mcolcon.colcon_core.package_identification[0m [1;30mLevel 1[0m _identify(isaaclab_tasks/isaaclab_tasks/manager_based/manipulation/stack/__pycache__) by extensions ['colcon_pkg']
[0.284s] [34mcolcon.colcon_core.package_identification[0m [1;30mLevel 1[0m _identify(isaaclab_tasks/isaaclab_tasks/manager_based/manipulation/stack/__pycache__) by extension 'colcon_pkg'
[0.284s] [34mcolcon.colcon_core.package_identification[0m [1;30mLevel 1[0m _identify(isaaclab_tasks/isaaclab_tasks/manager_based/manipulation/stack/__pycache__) by extensions ['colcon_meta']
[0.284s] [34mcolcon.colcon_core.package_identification[0m [1;30mLevel 1[0m _identify(isaaclab_tasks/isaaclab_tasks/manager_based/manipulation/stack/__pycache__) by extension 'colcon_meta'
[0.284s] [34mcolcon.colcon_core.package_identification[0m [1;30mLevel 1[0m _identify(isaaclab_tasks/isaaclab_tasks/manager_based/manipulation/stack/__pycache__) by extensions ['ros']
[0.284s] [34mcolcon.colcon_core.package_identification[0m [1;30mLevel 1[0m _identify(isaaclab_tasks/isaaclab_tasks/manager_based/manipulation/stack/__pycache__) by extension 'ros'
[0.284s] [34mcolcon.colcon_core.package_identification[0m [1;30mLevel 1[0m _identify(isaaclab_tasks/isaaclab_tasks/manager_based/manipulation/stack/__pycache__) by extensions ['cmake', 'python']
[0.284s] [34mcolcon.colcon_core.package_identification[0m [1;30mLevel 1[0m _identify(isaaclab_tasks/isaaclab_tasks/manager_based/manipulation/stack/__pycache__) by extension 'cmake'
[0.284s] [34mcolcon.colcon_core.package_identification[0m [1;30mLevel 1[0m _identify(isaaclab_tasks/isaaclab_tasks/manager_based/manipulation/stack/__pycache__) by extension 'python'
[0.284s] [34mcolcon.colcon_core.package_identification[0m [1;30mLevel 1[0m _identify(isaaclab_tasks/isaaclab_tasks/manager_based/manipulation/stack/__pycache__) by extensions ['python_setup_py']
[0.284s] [34mcolcon.colcon_core.package_identification[0m [1;30mLevel 1[0m _identify(isaaclab_tasks/isaaclab_tasks/manager_based/manipulation/stack/__pycache__) by extension 'python_setup_py'
[0.284s] [34mcolcon.colcon_core.package_identification[0m [1;30mLevel 1[0m _identify(isaaclab_tasks/isaaclab_tasks/manager_based/manipulation/stack/config) by extensions ['ignore', 'ignore_ament_install']
[0.284s] [34mcolcon.colcon_core.package_identification[0m [1;30mLevel 1[0m _identify(isaaclab_tasks/isaaclab_tasks/manager_based/manipulation/stack/config) by extension 'ignore'
[0.284s] [34mcolcon.colcon_core.package_identification[0m [1;30mLevel 1[0m _identify(isaaclab_tasks/isaaclab_tasks/manager_based/manipulation/stack/config) by extension 'ignore_ament_install'
[0.284s] [34mcolcon.colcon_core.package_identification[0m [1;30mLevel 1[0m _identify(isaaclab_tasks/isaaclab_tasks/manager_based/manipulation/stack/config) by extensions ['colcon_pkg']
[0.284s] [34mcolcon.colcon_core.package_identification[0m [1;30mLevel 1[0m _identify(isaaclab_tasks/isaaclab_tasks/manager_based/manipulation/stack/config) by extension 'colcon_pkg'
[0.284s] [34mcolcon.colcon_core.package_identification[0m [1;30mLevel 1[0m _identify(isaaclab_tasks/isaaclab_tasks/manager_based/manipulation/stack/config) by extensions ['colcon_meta']
[0.284s] [34mcolcon.colcon_core.package_identification[0m [1;30mLevel 1[0m _identify(isaaclab_tasks/isaaclab_tasks/manager_based/manipulation/stack/config) by extension 'colcon_meta'
[0.284s] [34mcolcon.colcon_core.package_identification[0m [1;30mLevel 1[0m _identify(isaaclab_tasks/isaaclab_tasks/manager_based/manipulation/stack/config) by extensions ['ros']
[0.284s] [34mcolcon.colcon_core.package_identification[0m [1;30mLevel 1[0m _identify(isaaclab_tasks/isaaclab_tasks/manager_based/manipulation/stack/config) by extension 'ros'
[0.284s] [34mcolcon.colcon_core.package_identification[0m [1;30mLevel 1[0m _identify(isaaclab_tasks/isaaclab_tasks/manager_based/manipulation/stack/config) by extensions ['cmake', 'python']
[0.284s] [34mcolcon.colcon_core.package_identification[0m [1;30mLevel 1[0m _identify(isaaclab_tasks/isaaclab_tasks/manager_based/manipulation/stack/config) by extension 'cmake'
[0.284s] [34mcolcon.colcon_core.package_identification[0m [1;30mLevel 1[0m _identify(isaaclab_tasks/isaaclab_tasks/manager_based/manipulation/stack/config) by extension 'python'
[0.284s] [34mcolcon.colcon_core.package_identification[0m [1;30mLevel 1[0m _identify(isaaclab_tasks/isaaclab_tasks/manager_based/manipulation/stack/config) by extensions ['python_setup_py']
[0.284s] [34mcolcon.colcon_core.package_identification[0m [1;30mLevel 1[0m _identify(isaaclab_tasks/isaaclab_tasks/manager_based/manipulation/stack/config) by extension 'python_setup_py'
[0.284s] [34mcolcon.colcon_core.package_identification[0m [1;30mLevel 1[0m _identify(isaaclab_tasks/isaaclab_tasks/manager_based/manipulation/stack/config/__pycache__) by extensions ['ignore', 'ignore_ament_install']
[0.284s] [34mcolcon.colcon_core.package_identification[0m [1;30mLevel 1[0m _identify(isaaclab_tasks/isaaclab_tasks/manager_based/manipulation/stack/config/__pycache__) by extension 'ignore'
[0.284s] [34mcolcon.colcon_core.package_identification[0m [1;30mLevel 1[0m _identify(isaaclab_tasks/isaaclab_tasks/manager_based/manipulation/stack/config/__pycache__) by extension 'ignore_ament_install'
[0.285s] [34mcolcon.colcon_core.package_identification[0m [1;30mLevel 1[0m _identify(isaaclab_tasks/isaaclab_tasks/manager_based/manipulation/stack/config/__pycache__) by extensions ['colcon_pkg']
[0.285s] [34mcolcon.colcon_core.package_identification[0m [1;30mLevel 1[0m _identify(isaaclab_tasks/isaaclab_tasks/manager_based/manipulation/stack/config/__pycache__) by extension 'colcon_pkg'
[0.285s] [34mcolcon.colcon_core.package_identification[0m [1;30mLevel 1[0m _identify(isaaclab_tasks/isaaclab_tasks/manager_based/manipulation/stack/config/__pycache__) by extensions ['colcon_meta']
[0.285s] [34mcolcon.colcon_core.package_identification[0m [1;30mLevel 1[0m _identify(isaaclab_tasks/isaaclab_tasks/manager_based/manipulation/stack/config/__pycache__) by extension 'colcon_meta'
[0.285s] [34mcolcon.colcon_core.package_identification[0m [1;30mLevel 1[0m _identify(isaaclab_tasks/isaaclab_tasks/manager_based/manipulation/stack/config/__pycache__) by extensions ['ros']
[0.285s] [34mcolcon.colcon_core.package_identification[0m [1;30mLevel 1[0m _identify(isaaclab_tasks/isaaclab_tasks/manager_based/manipulation/stack/config/__pycache__) by extension 'ros'
[0.285s] [34mcolcon.colcon_core.package_identification[0m [1;30mLevel 1[0m _identify(isaaclab_tasks/isaaclab_tasks/manager_based/manipulation/stack/config/__pycache__) by extensions ['cmake', 'python']
[0.285s] [34mcolcon.colcon_core.package_identification[0m [1;30mLevel 1[0m _identify(isaaclab_tasks/isaaclab_tasks/manager_based/manipulation/stack/config/__pycache__) by extension 'cmake'
[0.285s] [34mcolcon.colcon_core.package_identification[0m [1;30mLevel 1[0m _identify(isaaclab_tasks/isaaclab_tasks/manager_based/manipulation/stack/config/__pycache__) by extension 'python'
[0.285s] [34mcolcon.colcon_core.package_identification[0m [1;30mLevel 1[0m _identify(isaaclab_tasks/isaaclab_tasks/manager_based/manipulation/stack/config/__pycache__) by extensions ['python_setup_py']
[0.285s] [34mcolcon.colcon_core.package_identification[0m [1;30mLevel 1[0m _identify(isaaclab_tasks/isaaclab_tasks/manager_based/manipulation/stack/config/__pycache__) by extension 'python_setup_py'
[0.285s] [34mcolcon.colcon_core.package_identification[0m [1;30mLevel 1[0m _identify(isaaclab_tasks/isaaclab_tasks/manager_based/manipulation/stack/config/franka) by extensions ['ignore', 'ignore_ament_install']
[0.285s] [34mcolcon.colcon_core.package_identification[0m [1;30mLevel 1[0m _identify(isaaclab_tasks/isaaclab_tasks/manager_based/manipulation/stack/config/franka) by extension 'ignore'
[0.285s] [34mcolcon.colcon_core.package_identification[0m [1;30mLevel 1[0m _identify(isaaclab_tasks/isaaclab_tasks/manager_based/manipulation/stack/config/franka) by extension 'ignore_ament_install'
[0.285s] [34mcolcon.colcon_core.package_identification[0m [1;30mLevel 1[0m _identify(isaaclab_tasks/isaaclab_tasks/manager_based/manipulation/stack/config/franka) by extensions ['colcon_pkg']
[0.285s] [34mcolcon.colcon_core.package_identification[0m [1;30mLevel 1[0m _identify(isaaclab_tasks/isaaclab_tasks/manager_based/manipulation/stack/config/franka) by extension 'colcon_pkg'
[0.285s] [34mcolcon.colcon_core.package_identification[0m [1;30mLevel 1[0m _identify(isaaclab_tasks/isaaclab_tasks/manager_based/manipulation/stack/config/franka) by extensions ['colcon_meta']
[0.285s] [34mcolcon.colcon_core.package_identification[0m [1;30mLevel 1[0m _identify(isaaclab_tasks/isaaclab_tasks/manager_based/manipulation/stack/config/franka) by extension 'colcon_meta'
[0.285s] [34mcolcon.colcon_core.package_identification[0m [1;30mLevel 1[0m _identify(isaaclab_tasks/isaaclab_tasks/manager_based/manipulation/stack/config/franka) by extensions ['ros']
[0.285s] [34mcolcon.colcon_core.package_identification[0m [1;30mLevel 1[0m _identify(isaaclab_tasks/isaaclab_tasks/manager_based/manipulation/stack/config/franka) by extension 'ros'
[0.285s] [34mcolcon.colcon_core.package_identification[0m [1;30mLevel 1[0m _identify(isaaclab_tasks/isaaclab_tasks/manager_based/manipulation/stack/config/franka) by extensions ['cmake', 'python']
[0.285s] [34mcolcon.colcon_core.package_identification[0m [1;30mLevel 1[0m _identify(isaaclab_tasks/isaaclab_tasks/manager_based/manipulation/stack/config/franka) by extension 'cmake'
[0.285s] [34mcolcon.colcon_core.package_identification[0m [1;30mLevel 1[0m _identify(isaaclab_tasks/isaaclab_tasks/manager_based/manipulation/stack/config/franka) by extension 'python'
[0.285s] [34mcolcon.colcon_core.package_identification[0m [1;30mLevel 1[0m _identify(isaaclab_tasks/isaaclab_tasks/manager_based/manipulation/stack/config/franka) by extensions ['python_setup_py']
[0.285s] [34mcolcon.colcon_core.package_identification[0m [1;30mLevel 1[0m _identify(isaaclab_tasks/isaaclab_tasks/manager_based/manipulation/stack/config/franka) by extension 'python_setup_py'
[0.285s] [34mcolcon.colcon_core.package_identification[0m [1;30mLevel 1[0m _identify(isaaclab_tasks/isaaclab_tasks/manager_based/manipulation/stack/config/franka/__pycache__) by extensions ['ignore', 'ignore_ament_install']
[0.285s] [34mcolcon.colcon_core.package_identification[0m [1;30mLevel 1[0m _identify(isaaclab_tasks/isaaclab_tasks/manager_based/manipulation/stack/config/franka/__pycache__) by extension 'ignore'
[0.285s] [34mcolcon.colcon_core.package_identification[0m [1;30mLevel 1[0m _identify(isaaclab_tasks/isaaclab_tasks/manager_based/manipulation/stack/config/franka/__pycache__) by extension 'ignore_ament_install'
[0.285s] [34mcolcon.colcon_core.package_identification[0m [1;30mLevel 1[0m _identify(isaaclab_tasks/isaaclab_tasks/manager_based/manipulation/stack/config/franka/__pycache__) by extensions ['colcon_pkg']
[0.285s] [34mcolcon.colcon_core.package_identification[0m [1;30mLevel 1[0m _identify(isaaclab_tasks/isaaclab_tasks/manager_based/manipulation/stack/config/franka/__pycache__) by extension 'colcon_pkg'
[0.285s] [34mcolcon.colcon_core.package_identification[0m [1;30mLevel 1[0m _identify(isaaclab_tasks/isaaclab_tasks/manager_based/manipulation/stack/config/franka/__pycache__) by extensions ['colcon_meta']
[0.285s] [34mcolcon.colcon_core.package_identification[0m [1;30mLevel 1[0m _identify(isaaclab_tasks/isaaclab_tasks/manager_based/manipulation/stack/config/franka/__pycache__) by extension 'colcon_meta'
[0.285s] [34mcolcon.colcon_core.package_identification[0m [1;30mLevel 1[0m _identify(isaaclab_tasks/isaaclab_tasks/manager_based/manipulation/stack/config/franka/__pycache__) by extensions ['ros']
[0.285s] [34mcolcon.colcon_core.package_identification[0m [1;30mLevel 1[0m _identify(isaaclab_tasks/isaaclab_tasks/manager_based/manipulation/stack/config/franka/__pycache__) by extension 'ros'
[0.285s] [34mcolcon.colcon_core.package_identification[0m [1;30mLevel 1[0m _identify(isaaclab_tasks/isaaclab_tasks/manager_based/manipulation/stack/config/franka/__pycache__) by extensions ['cmake', 'python']
[0.285s] [34mcolcon.colcon_core.package_identification[0m [1;30mLevel 1[0m _identify(isaaclab_tasks/isaaclab_tasks/manager_based/manipulation/stack/config/franka/__pycache__) by extension 'cmake'
[0.285s] [34mcolcon.colcon_core.package_identification[0m [1;30mLevel 1[0m _identify(isaaclab_tasks/isaaclab_tasks/manager_based/manipulation/stack/config/franka/__pycache__) by extension 'python'
[0.285s] [34mcolcon.colcon_core.package_identification[0m [1;30mLevel 1[0m _identify(isaaclab_tasks/isaaclab_tasks/manager_based/manipulation/stack/config/franka/__pycache__) by extensions ['python_setup_py']
[0.285s] [34mcolcon.colcon_core.package_identification[0m [1;30mLevel 1[0m _identify(isaaclab_tasks/isaaclab_tasks/manager_based/manipulation/stack/config/franka/__pycache__) by extension 'python_setup_py'
[0.285s] [34mcolcon.colcon_core.package_identification[0m [1;30mLevel 1[0m _identify(isaaclab_tasks/isaaclab_tasks/manager_based/manipulation/stack/config/franka/agents) by extensions ['ignore', 'ignore_ament_install']
[0.285s] [34mcolcon.colcon_core.package_identification[0m [1;30mLevel 1[0m _identify(isaaclab_tasks/isaaclab_tasks/manager_based/manipulation/stack/config/franka/agents) by extension 'ignore'
[0.285s] [34mcolcon.colcon_core.package_identification[0m [1;30mLevel 1[0m _identify(isaaclab_tasks/isaaclab_tasks/manager_based/manipulation/stack/config/franka/agents) by extension 'ignore_ament_install'
[0.285s] [34mcolcon.colcon_core.package_identification[0m [1;30mLevel 1[0m _identify(isaaclab_tasks/isaaclab_tasks/manager_based/manipulation/stack/config/franka/agents) by extensions ['colcon_pkg']
[0.285s] [34mcolcon.colcon_core.package_identification[0m [1;30mLevel 1[0m _identify(isaaclab_tasks/isaaclab_tasks/manager_based/manipulation/stack/config/franka/agents) by extension 'colcon_pkg'
[0.285s] [34mcolcon.colcon_core.package_identification[0m [1;30mLevel 1[0m _identify(isaaclab_tasks/isaaclab_tasks/manager_based/manipulation/stack/config/franka/agents) by extensions ['colcon_meta']
[0.285s] [34mcolcon.colcon_core.package_identification[0m [1;30mLevel 1[0m _identify(isaaclab_tasks/isaaclab_tasks/manager_based/manipulation/stack/config/franka/agents) by extension 'colcon_meta'
[0.285s] [34mcolcon.colcon_core.package_identification[0m [1;30mLevel 1[0m _identify(isaaclab_tasks/isaaclab_tasks/manager_based/manipulation/stack/config/franka/agents) by extensions ['ros']
[0.285s] [34mcolcon.colcon_core.package_identification[0m [1;30mLevel 1[0m _identify(isaaclab_tasks/isaaclab_tasks/manager_based/manipulation/stack/config/franka/agents) by extension 'ros'
[0.285s] [34mcolcon.colcon_core.package_identification[0m [1;30mLevel 1[0m _identify(isaaclab_tasks/isaaclab_tasks/manager_based/manipulation/stack/config/franka/agents) by extensions ['cmake', 'python']
[0.285s] [34mcolcon.colcon_core.package_identification[0m [1;30mLevel 1[0m _identify(isaaclab_tasks/isaaclab_tasks/manager_based/manipulation/stack/config/franka/agents) by extension 'cmake'
[0.285s] [34mcolcon.colcon_core.package_identification[0m [1;30mLevel 1[0m _identify(isaaclab_tasks/isaaclab_tasks/manager_based/manipulation/stack/config/franka/agents) by extension 'python'
[0.286s] [34mcolcon.colcon_core.package_identification[0m [1;30mLevel 1[0m _identify(isaaclab_tasks/isaaclab_tasks/manager_based/manipulation/stack/config/franka/agents) by extensions ['python_setup_py']
[0.286s] [34mcolcon.colcon_core.package_identification[0m [1;30mLevel 1[0m _identify(isaaclab_tasks/isaaclab_tasks/manager_based/manipulation/stack/config/franka/agents) by extension 'python_setup_py'
[0.286s] [34mcolcon.colcon_core.package_identification[0m [1;30mLevel 1[0m _identify(isaaclab_tasks/isaaclab_tasks/manager_based/manipulation/stack/config/franka/agents/__pycache__) by extensions ['ignore', 'ignore_ament_install']
[0.286s] [34mcolcon.colcon_core.package_identification[0m [1;30mLevel 1[0m _identify(isaaclab_tasks/isaaclab_tasks/manager_based/manipulation/stack/config/franka/agents/__pycache__) by extension 'ignore'
[0.286s] [34mcolcon.colcon_core.package_identification[0m [1;30mLevel 1[0m _identify(isaaclab_tasks/isaaclab_tasks/manager_based/manipulation/stack/config/franka/agents/__pycache__) by extension 'ignore_ament_install'
[0.286s] [34mcolcon.colcon_core.package_identification[0m [1;30mLevel 1[0m _identify(isaaclab_tasks/isaaclab_tasks/manager_based/manipulation/stack/config/franka/agents/__pycache__) by extensions ['colcon_pkg']
[0.286s] [34mcolcon.colcon_core.package_identification[0m [1;30mLevel 1[0m _identify(isaaclab_tasks/isaaclab_tasks/manager_based/manipulation/stack/config/franka/agents/__pycache__) by extension 'colcon_pkg'
[0.286s] [34mcolcon.colcon_core.package_identification[0m [1;30mLevel 1[0m _identify(isaaclab_tasks/isaaclab_tasks/manager_based/manipulation/stack/config/franka/agents/__pycache__) by extensions ['colcon_meta']
[0.286s] [34mcolcon.colcon_core.package_identification[0m [1;30mLevel 1[0m _identify(isaaclab_tasks/isaaclab_tasks/manager_based/manipulation/stack/config/franka/agents/__pycache__) by extension 'colcon_meta'
[0.286s] [34mcolcon.colcon_core.package_identification[0m [1;30mLevel 1[0m _identify(isaaclab_tasks/isaaclab_tasks/manager_based/manipulation/stack/config/franka/agents/__pycache__) by extensions ['ros']
[0.286s] [34mcolcon.colcon_core.package_identification[0m [1;30mLevel 1[0m _identify(isaaclab_tasks/isaaclab_tasks/manager_based/manipulation/stack/config/franka/agents/__pycache__) by extension 'ros'
[0.286s] [34mcolcon.colcon_core.package_identification[0m [1;30mLevel 1[0m _identify(isaaclab_tasks/isaaclab_tasks/manager_based/manipulation/stack/config/franka/agents/__pycache__) by extensions ['cmake', 'python']
[0.286s] [34mcolcon.colcon_core.package_identification[0m [1;30mLevel 1[0m _identify(isaaclab_tasks/isaaclab_tasks/manager_based/manipulation/stack/config/franka/agents/__pycache__) by extension 'cmake'
[0.286s] [34mcolcon.colcon_core.package_identification[0m [1;30mLevel 1[0m _identify(isaaclab_tasks/isaaclab_tasks/manager_based/manipulation/stack/config/franka/agents/__pycache__) by extension 'python'
[0.286s] [34mcolcon.colcon_core.package_identification[0m [1;30mLevel 1[0m _identify(isaaclab_tasks/isaaclab_tasks/manager_based/manipulation/stack/config/franka/agents/__pycache__) by extensions ['python_setup_py']
[0.286s] [34mcolcon.colcon_core.package_identification[0m [1;30mLevel 1[0m _identify(isaaclab_tasks/isaaclab_tasks/manager_based/manipulation/stack/config/franka/agents/__pycache__) by extension 'python_setup_py'
[0.286s] [34mcolcon.colcon_core.package_identification[0m [1;30mLevel 1[0m _identify(isaaclab_tasks/isaaclab_tasks/manager_based/manipulation/stack/config/franka/agents/robomimic) by extensions ['ignore', 'ignore_ament_install']
[0.286s] [34mcolcon.colcon_core.package_identification[0m [1;30mLevel 1[0m _identify(isaaclab_tasks/isaaclab_tasks/manager_based/manipulation/stack/config/franka/agents/robomimic) by extension 'ignore'
[0.286s] [34mcolcon.colcon_core.package_identification[0m [1;30mLevel 1[0m _identify(isaaclab_tasks/isaaclab_tasks/manager_based/manipulation/stack/config/franka/agents/robomimic) by extension 'ignore_ament_install'
[0.286s] [34mcolcon.colcon_core.package_identification[0m [1;30mLevel 1[0m _identify(isaaclab_tasks/isaaclab_tasks/manager_based/manipulation/stack/config/franka/agents/robomimic) by extensions ['colcon_pkg']
[0.286s] [34mcolcon.colcon_core.package_identification[0m [1;30mLevel 1[0m _identify(isaaclab_tasks/isaaclab_tasks/manager_based/manipulation/stack/config/franka/agents/robomimic) by extension 'colcon_pkg'
[0.286s] [34mcolcon.colcon_core.package_identification[0m [1;30mLevel 1[0m _identify(isaaclab_tasks/isaaclab_tasks/manager_based/manipulation/stack/config/franka/agents/robomimic) by extensions ['colcon_meta']
[0.286s] [34mcolcon.colcon_core.package_identification[0m [1;30mLevel 1[0m _identify(isaaclab_tasks/isaaclab_tasks/manager_based/manipulation/stack/config/franka/agents/robomimic) by extension 'colcon_meta'
[0.286s] [34mcolcon.colcon_core.package_identification[0m [1;30mLevel 1[0m _identify(isaaclab_tasks/isaaclab_tasks/manager_based/manipulation/stack/config/franka/agents/robomimic) by extensions ['ros']
[0.286s] [34mcolcon.colcon_core.package_identification[0m [1;30mLevel 1[0m _identify(isaaclab_tasks/isaaclab_tasks/manager_based/manipulation/stack/config/franka/agents/robomimic) by extension 'ros'
[0.286s] [34mcolcon.colcon_core.package_identification[0m [1;30mLevel 1[0m _identify(isaaclab_tasks/isaaclab_tasks/manager_based/manipulation/stack/config/franka/agents/robomimic) by extensions ['cmake', 'python']
[0.286s] [34mcolcon.colcon_core.package_identification[0m [1;30mLevel 1[0m _identify(isaaclab_tasks/isaaclab_tasks/manager_based/manipulation/stack/config/franka/agents/robomimic) by extension 'cmake'
[0.286s] [34mcolcon.colcon_core.package_identification[0m [1;30mLevel 1[0m _identify(isaaclab_tasks/isaaclab_tasks/manager_based/manipulation/stack/config/franka/agents/robomimic) by extension 'python'
[0.286s] [34mcolcon.colcon_core.package_identification[0m [1;30mLevel 1[0m _identify(isaaclab_tasks/isaaclab_tasks/manager_based/manipulation/stack/config/franka/agents/robomimic) by extensions ['python_setup_py']
[0.286s] [34mcolcon.colcon_core.package_identification[0m [1;30mLevel 1[0m _identify(isaaclab_tasks/isaaclab_tasks/manager_based/manipulation/stack/config/franka/agents/robomimic) by extension 'python_setup_py'
[0.286s] [34mcolcon.colcon_core.package_identification[0m [1;30mLevel 1[0m _identify(isaaclab_tasks/isaaclab_tasks/manager_based/manipulation/stack/config/galbot) by extensions ['ignore', 'ignore_ament_install']
[0.286s] [34mcolcon.colcon_core.package_identification[0m [1;30mLevel 1[0m _identify(isaaclab_tasks/isaaclab_tasks/manager_based/manipulation/stack/config/galbot) by extension 'ignore'
[0.286s] [34mcolcon.colcon_core.package_identification[0m [1;30mLevel 1[0m _identify(isaaclab_tasks/isaaclab_tasks/manager_based/manipulation/stack/config/galbot) by extension 'ignore_ament_install'
[0.286s] [34mcolcon.colcon_core.package_identification[0m [1;30mLevel 1[0m _identify(isaaclab_tasks/isaaclab_tasks/manager_based/manipulation/stack/config/galbot) by extensions ['colcon_pkg']
[0.286s] [34mcolcon.colcon_core.package_identification[0m [1;30mLevel 1[0m _identify(isaaclab_tasks/isaaclab_tasks/manager_based/manipulation/stack/config/galbot) by extension 'colcon_pkg'
[0.286s] [34mcolcon.colcon_core.package_identification[0m [1;30mLevel 1[0m _identify(isaaclab_tasks/isaaclab_tasks/manager_based/manipulation/stack/config/galbot) by extensions ['colcon_meta']
[0.286s] [34mcolcon.colcon_core.package_identification[0m [1;30mLevel 1[0m _identify(isaaclab_tasks/isaaclab_tasks/manager_based/manipulation/stack/config/galbot) by extension 'colcon_meta'
[0.286s] [34mcolcon.colcon_core.package_identification[0m [1;30mLevel 1[0m _identify(isaaclab_tasks/isaaclab_tasks/manager_based/manipulation/stack/config/galbot) by extensions ['ros']
[0.286s] [34mcolcon.colcon_core.package_identification[0m [1;30mLevel 1[0m _identify(isaaclab_tasks/isaaclab_tasks/manager_based/manipulation/stack/config/galbot) by extension 'ros'
[0.286s] [34mcolcon.colcon_core.package_identification[0m [1;30mLevel 1[0m _identify(isaaclab_tasks/isaaclab_tasks/manager_based/manipulation/stack/config/galbot) by extensions ['cmake', 'python']
[0.286s] [34mcolcon.colcon_core.package_identification[0m [1;30mLevel 1[0m _identify(isaaclab_tasks/isaaclab_tasks/manager_based/manipulation/stack/config/galbot) by extension 'cmake'
[0.286s] [34mcolcon.colcon_core.package_identification[0m [1;30mLevel 1[0m _identify(isaaclab_tasks/isaaclab_tasks/manager_based/manipulation/stack/config/galbot) by extension 'python'
[0.286s] [34mcolcon.colcon_core.package_identification[0m [1;30mLevel 1[0m _identify(isaaclab_tasks/isaaclab_tasks/manager_based/manipulation/stack/config/galbot) by extensions ['python_setup_py']
[0.286s] [34mcolcon.colcon_core.package_identification[0m [1;30mLevel 1[0m _identify(isaaclab_tasks/isaaclab_tasks/manager_based/manipulation/stack/config/galbot) by extension 'python_setup_py'
[0.286s] [34mcolcon.colcon_core.package_identification[0m [1;30mLevel 1[0m _identify(isaaclab_tasks/isaaclab_tasks/manager_based/manipulation/stack/config/galbot/__pycache__) by extensions ['ignore', 'ignore_ament_install']
[0.286s] [34mcolcon.colcon_core.package_identification[0m [1;30mLevel 1[0m _identify(isaaclab_tasks/isaaclab_tasks/manager_based/manipulation/stack/config/galbot/__pycache__) by extension 'ignore'
[0.286s] [34mcolcon.colcon_core.package_identification[0m [1;30mLevel 1[0m _identify(isaaclab_tasks/isaaclab_tasks/manager_based/manipulation/stack/config/galbot/__pycache__) by extension 'ignore_ament_install'
[0.286s] [34mcolcon.colcon_core.package_identification[0m [1;30mLevel 1[0m _identify(isaaclab_tasks/isaaclab_tasks/manager_based/manipulation/stack/config/galbot/__pycache__) by extensions ['colcon_pkg']
[0.287s] [34mcolcon.colcon_core.package_identification[0m [1;30mLevel 1[0m _identify(isaaclab_tasks/isaaclab_tasks/manager_based/manipulation/stack/config/galbot/__pycache__) by extension 'colcon_pkg'
[0.287s] [34mcolcon.colcon_core.package_identification[0m [1;30mLevel 1[0m _identify(isaaclab_tasks/isaaclab_tasks/manager_based/manipulation/stack/config/galbot/__pycache__) by extensions ['colcon_meta']
[0.287s] [34mcolcon.colcon_core.package_identification[0m [1;30mLevel 1[0m _identify(isaaclab_tasks/isaaclab_tasks/manager_based/manipulation/stack/config/galbot/__pycache__) by extension 'colcon_meta'
[0.287s] [34mcolcon.colcon_core.package_identification[0m [1;30mLevel 1[0m _identify(isaaclab_tasks/isaaclab_tasks/manager_based/manipulation/stack/config/galbot/__pycache__) by extensions ['ros']
[0.287s] [34mcolcon.colcon_core.package_identification[0m [1;30mLevel 1[0m _identify(isaaclab_tasks/isaaclab_tasks/manager_based/manipulation/stack/config/galbot/__pycache__) by extension 'ros'
[0.287s] [34mcolcon.colcon_core.package_identification[0m [1;30mLevel 1[0m _identify(isaaclab_tasks/isaaclab_tasks/manager_based/manipulation/stack/config/galbot/__pycache__) by extensions ['cmake', 'python']
[0.287s] [34mcolcon.colcon_core.package_identification[0m [1;30mLevel 1[0m _identify(isaaclab_tasks/isaaclab_tasks/manager_based/manipulation/stack/config/galbot/__pycache__) by extension 'cmake'
[0.287s] [34mcolcon.colcon_core.package_identification[0m [1;30mLevel 1[0m _identify(isaaclab_tasks/isaaclab_tasks/manager_based/manipulation/stack/config/galbot/__pycache__) by extension 'python'
[0.287s] [34mcolcon.colcon_core.package_identification[0m [1;30mLevel 1[0m _identify(isaaclab_tasks/isaaclab_tasks/manager_based/manipulation/stack/config/galbot/__pycache__) by extensions ['python_setup_py']
[0.287s] [34mcolcon.colcon_core.package_identification[0m [1;30mLevel 1[0m _identify(isaaclab_tasks/isaaclab_tasks/manager_based/manipulation/stack/config/galbot/__pycache__) by extension 'python_setup_py'
[0.287s] [34mcolcon.colcon_core.package_identification[0m [1;30mLevel 1[0m _identify(isaaclab_tasks/isaaclab_tasks/manager_based/manipulation/stack/config/ur10_gripper) by extensions ['ignore', 'ignore_ament_install']
[0.287s] [34mcolcon.colcon_core.package_identification[0m [1;30mLevel 1[0m _identify(isaaclab_tasks/isaaclab_tasks/manager_based/manipulation/stack/config/ur10_gripper) by extension 'ignore'
[0.287s] [34mcolcon.colcon_core.package_identification[0m [1;30mLevel 1[0m _identify(isaaclab_tasks/isaaclab_tasks/manager_based/manipulation/stack/config/ur10_gripper) by extension 'ignore_ament_install'
[0.287s] [34mcolcon.colcon_core.package_identification[0m [1;30mLevel 1[0m _identify(isaaclab_tasks/isaaclab_tasks/manager_based/manipulation/stack/config/ur10_gripper) by extensions ['colcon_pkg']
[0.287s] [34mcolcon.colcon_core.package_identification[0m [1;30mLevel 1[0m _identify(isaaclab_tasks/isaaclab_tasks/manager_based/manipulation/stack/config/ur10_gripper) by extension 'colcon_pkg'
[0.287s] [34mcolcon.colcon_core.package_identification[0m [1;30mLevel 1[0m _identify(isaaclab_tasks/isaaclab_tasks/manager_based/manipulation/stack/config/ur10_gripper) by extensions ['colcon_meta']
[0.287s] [34mcolcon.colcon_core.package_identification[0m [1;30mLevel 1[0m _identify(isaaclab_tasks/isaaclab_tasks/manager_based/manipulation/stack/config/ur10_gripper) by extension 'colcon_meta'
[0.287s] [34mcolcon.colcon_core.package_identification[0m [1;30mLevel 1[0m _identify(isaaclab_tasks/isaaclab_tasks/manager_based/manipulation/stack/config/ur10_gripper) by extensions ['ros']
[0.287s] [34mcolcon.colcon_core.package_identification[0m [1;30mLevel 1[0m _identify(isaaclab_tasks/isaaclab_tasks/manager_based/manipulation/stack/config/ur10_gripper) by extension 'ros'
[0.287s] [34mcolcon.colcon_core.package_identification[0m [1;30mLevel 1[0m _identify(isaaclab_tasks/isaaclab_tasks/manager_based/manipulation/stack/config/ur10_gripper) by extensions ['cmake', 'python']
[0.287s] [34mcolcon.colcon_core.package_identification[0m [1;30mLevel 1[0m _identify(isaaclab_tasks/isaaclab_tasks/manager_based/manipulation/stack/config/ur10_gripper) by extension 'cmake'
[0.287s] [34mcolcon.colcon_core.package_identification[0m [1;30mLevel 1[0m _identify(isaaclab_tasks/isaaclab_tasks/manager_based/manipulation/stack/config/ur10_gripper) by extension 'python'
[0.287s] [34mcolcon.colcon_core.package_identification[0m [1;30mLevel 1[0m _identify(isaaclab_tasks/isaaclab_tasks/manager_based/manipulation/stack/config/ur10_gripper) by extensions ['python_setup_py']
[0.287s] [34mcolcon.colcon_core.package_identification[0m [1;30mLevel 1[0m _identify(isaaclab_tasks/isaaclab_tasks/manager_based/manipulation/stack/config/ur10_gripper) by extension 'python_setup_py'
[0.287s] [34mcolcon.colcon_core.package_identification[0m [1;30mLevel 1[0m _identify(isaaclab_tasks/isaaclab_tasks/manager_based/manipulation/stack/config/ur10_gripper/__pycache__) by extensions ['ignore', 'ignore_ament_install']
[0.287s] [34mcolcon.colcon_core.package_identification[0m [1;30mLevel 1[0m _identify(isaaclab_tasks/isaaclab_tasks/manager_based/manipulation/stack/config/ur10_gripper/__pycache__) by extension 'ignore'
[0.287s] [34mcolcon.colcon_core.package_identification[0m [1;30mLevel 1[0m _identify(isaaclab_tasks/isaaclab_tasks/manager_based/manipulation/stack/config/ur10_gripper/__pycache__) by extension 'ignore_ament_install'
[0.287s] [34mcolcon.colcon_core.package_identification[0m [1;30mLevel 1[0m _identify(isaaclab_tasks/isaaclab_tasks/manager_based/manipulation/stack/config/ur10_gripper/__pycache__) by extensions ['colcon_pkg']
[0.287s] [34mcolcon.colcon_core.package_identification[0m [1;30mLevel 1[0m _identify(isaaclab_tasks/isaaclab_tasks/manager_based/manipulation/stack/config/ur10_gripper/__pycache__) by extension 'colcon_pkg'
[0.287s] [34mcolcon.colcon_core.package_identification[0m [1;30mLevel 1[0m _identify(isaaclab_tasks/isaaclab_tasks/manager_based/manipulation/stack/config/ur10_gripper/__pycache__) by extensions ['colcon_meta']
[0.287s] [34mcolcon.colcon_core.package_identification[0m [1;30mLevel 1[0m _identify(isaaclab_tasks/isaaclab_tasks/manager_based/manipulation/stack/config/ur10_gripper/__pycache__) by extension 'colcon_meta'
[0.287s] [34mcolcon.colcon_core.package_identification[0m [1;30mLevel 1[0m _identify(isaaclab_tasks/isaaclab_tasks/manager_based/manipulation/stack/config/ur10_gripper/__pycache__) by extensions ['ros']
[0.287s] [34mcolcon.colcon_core.package_identification[0m [1;30mLevel 1[0m _identify(isaaclab_tasks/isaaclab_tasks/manager_based/manipulation/stack/config/ur10_gripper/__pycache__) by extension 'ros'
[0.287s] [34mcolcon.colcon_core.package_identification[0m [1;30mLevel 1[0m _identify(isaaclab_tasks/isaaclab_tasks/manager_based/manipulation/stack/config/ur10_gripper/__pycache__) by extensions ['cmake', 'python']
[0.287s] [34mcolcon.colcon_core.package_identification[0m [1;30mLevel 1[0m _identify(isaaclab_tasks/isaaclab_tasks/manager_based/manipulation/stack/config/ur10_gripper/__pycache__) by extension 'cmake'
[0.287s] [34mcolcon.colcon_core.package_identification[0m [1;30mLevel 1[0m _identify(isaaclab_tasks/isaaclab_tasks/manager_based/manipulation/stack/config/ur10_gripper/__pycache__) by extension 'python'
[0.287s] [34mcolcon.colcon_core.package_identification[0m [1;30mLevel 1[0m _identify(isaaclab_tasks/isaaclab_tasks/manager_based/manipulation/stack/config/ur10_gripper/__pycache__) by extensions ['python_setup_py']
[0.287s] [34mcolcon.colcon_core.package_identification[0m [1;30mLevel 1[0m _identify(isaaclab_tasks/isaaclab_tasks/manager_based/manipulation/stack/config/ur10_gripper/__pycache__) by extension 'python_setup_py'
[0.287s] [34mcolcon.colcon_core.package_identification[0m [1;30mLevel 1[0m _identify(isaaclab_tasks/isaaclab_tasks/manager_based/manipulation/stack/mdp) by extensions ['ignore', 'ignore_ament_install']
[0.287s] [34mcolcon.colcon_core.package_identification[0m [1;30mLevel 1[0m _identify(isaaclab_tasks/isaaclab_tasks/manager_based/manipulation/stack/mdp) by extension 'ignore'
[0.287s] [34mcolcon.colcon_core.package_identification[0m [1;30mLevel 1[0m _identify(isaaclab_tasks/isaaclab_tasks/manager_based/manipulation/stack/mdp) by extension 'ignore_ament_install'
[0.287s] [34mcolcon.colcon_core.package_identification[0m [1;30mLevel 1[0m _identify(isaaclab_tasks/isaaclab_tasks/manager_based/manipulation/stack/mdp) by extensions ['colcon_pkg']
[0.287s] [34mcolcon.colcon_core.package_identification[0m [1;30mLevel 1[0m _identify(isaaclab_tasks/isaaclab_tasks/manager_based/manipulation/stack/mdp) by extension 'colcon_pkg'
[0.287s] [34mcolcon.colcon_core.package_identification[0m [1;30mLevel 1[0m _identify(isaaclab_tasks/isaaclab_tasks/manager_based/manipulation/stack/mdp) by extensions ['colcon_meta']
[0.287s] [34mcolcon.colcon_core.package_identification[0m [1;30mLevel 1[0m _identify(isaaclab_tasks/isaaclab_tasks/manager_based/manipulation/stack/mdp) by extension 'colcon_meta'
[0.287s] [34mcolcon.colcon_core.package_identification[0m [1;30mLevel 1[0m _identify(isaaclab_tasks/isaaclab_tasks/manager_based/manipulation/stack/mdp) by extensions ['ros']
[0.287s] [34mcolcon.colcon_core.package_identification[0m [1;30mLevel 1[0m _identify(isaaclab_tasks/isaaclab_tasks/manager_based/manipulation/stack/mdp) by extension 'ros'
[0.287s] [34mcolcon.colcon_core.package_identification[0m [1;30mLevel 1[0m _identify(isaaclab_tasks/isaaclab_tasks/manager_based/manipulation/stack/mdp) by extensions ['cmake', 'python']
[0.287s] [34mcolcon.colcon_core.package_identification[0m [1;30mLevel 1[0m _identify(isaaclab_tasks/isaaclab_tasks/manager_based/manipulation/stack/mdp) by extension 'cmake'
[0.287s] [34mcolcon.colcon_core.package_identification[0m [1;30mLevel 1[0m _identify(isaaclab_tasks/isaaclab_tasks/manager_based/manipulation/stack/mdp) by extension 'python'
[0.287s] [34mcolcon.colcon_core.package_identification[0m [1;30mLevel 1[0m _identify(isaaclab_tasks/isaaclab_tasks/manager_based/manipulation/stack/mdp) by extensions ['python_setup_py']
[0.287s] [34mcolcon.colcon_core.package_identification[0m [1;30mLevel 1[0m _identify(isaaclab_tasks/isaaclab_tasks/manager_based/manipulation/stack/mdp) by extension 'python_setup_py'
[0.288s] [34mcolcon.colcon_core.package_identification[0m [1;30mLevel 1[0m _identify(isaaclab_tasks/isaaclab_tasks/manager_based/navigation) by extensions ['ignore', 'ignore_ament_install']
[0.288s] [34mcolcon.colcon_core.package_identification[0m [1;30mLevel 1[0m _identify(isaaclab_tasks/isaaclab_tasks/manager_based/navigation) by extension 'ignore'
[0.288s] [34mcolcon.colcon_core.package_identification[0m [1;30mLevel 1[0m _identify(isaaclab_tasks/isaaclab_tasks/manager_based/navigation) by extension 'ignore_ament_install'
[0.288s] [34mcolcon.colcon_core.package_identification[0m [1;30mLevel 1[0m _identify(isaaclab_tasks/isaaclab_tasks/manager_based/navigation) by extensions ['colcon_pkg']
[0.288s] [34mcolcon.colcon_core.package_identification[0m [1;30mLevel 1[0m _identify(isaaclab_tasks/isaaclab_tasks/manager_based/navigation) by extension 'colcon_pkg'
[0.288s] [34mcolcon.colcon_core.package_identification[0m [1;30mLevel 1[0m _identify(isaaclab_tasks/isaaclab_tasks/manager_based/navigation) by extensions ['colcon_meta']
[0.288s] [34mcolcon.colcon_core.package_identification[0m [1;30mLevel 1[0m _identify(isaaclab_tasks/isaaclab_tasks/manager_based/navigation) by extension 'colcon_meta'
[0.288s] [34mcolcon.colcon_core.package_identification[0m [1;30mLevel 1[0m _identify(isaaclab_tasks/isaaclab_tasks/manager_based/navigation) by extensions ['ros']
[0.288s] [34mcolcon.colcon_core.package_identification[0m [1;30mLevel 1[0m _identify(isaaclab_tasks/isaaclab_tasks/manager_based/navigation) by extension 'ros'
[0.288s] [34mcolcon.colcon_core.package_identification[0m [1;30mLevel 1[0m _identify(isaaclab_tasks/isaaclab_tasks/manager_based/navigation) by extensions ['cmake', 'python']
[0.288s] [34mcolcon.colcon_core.package_identification[0m [1;30mLevel 1[0m _identify(isaaclab_tasks/isaaclab_tasks/manager_based/navigation) by extension 'cmake'
[0.288s] [34mcolcon.colcon_core.package_identification[0m [1;30mLevel 1[0m _identify(isaaclab_tasks/isaaclab_tasks/manager_based/navigation) by extension 'python'
[0.288s] [34mcolcon.colcon_core.package_identification[0m [1;30mLevel 1[0m _identify(isaaclab_tasks/isaaclab_tasks/manager_based/navigation) by extensions ['python_setup_py']
[0.288s] [34mcolcon.colcon_core.package_identification[0m [1;30mLevel 1[0m _identify(isaaclab_tasks/isaaclab_tasks/manager_based/navigation) by extension 'python_setup_py'
[0.288s] [34mcolcon.colcon_core.package_identification[0m [1;30mLevel 1[0m _identify(isaaclab_tasks/isaaclab_tasks/manager_based/navigation/__pycache__) by extensions ['ignore', 'ignore_ament_install']
[0.288s] [34mcolcon.colcon_core.package_identification[0m [1;30mLevel 1[0m _identify(isaaclab_tasks/isaaclab_tasks/manager_based/navigation/__pycache__) by extension 'ignore'
[0.288s] [34mcolcon.colcon_core.package_identification[0m [1;30mLevel 1[0m _identify(isaaclab_tasks/isaaclab_tasks/manager_based/navigation/__pycache__) by extension 'ignore_ament_install'
[0.288s] [34mcolcon.colcon_core.package_identification[0m [1;30mLevel 1[0m _identify(isaaclab_tasks/isaaclab_tasks/manager_based/navigation/__pycache__) by extensions ['colcon_pkg']
[0.288s] [34mcolcon.colcon_core.package_identification[0m [1;30mLevel 1[0m _identify(isaaclab_tasks/isaaclab_tasks/manager_based/navigation/__pycache__) by extension 'colcon_pkg'
[0.288s] [34mcolcon.colcon_core.package_identification[0m [1;30mLevel 1[0m _identify(isaaclab_tasks/isaaclab_tasks/manager_based/navigation/__pycache__) by extensions ['colcon_meta']
[0.288s] [34mcolcon.colcon_core.package_identification[0m [1;30mLevel 1[0m _identify(isaaclab_tasks/isaaclab_tasks/manager_based/navigation/__pycache__) by extension 'colcon_meta'
[0.288s] [34mcolcon.colcon_core.package_identification[0m [1;30mLevel 1[0m _identify(isaaclab_tasks/isaaclab_tasks/manager_based/navigation/__pycache__) by extensions ['ros']
[0.288s] [34mcolcon.colcon_core.package_identification[0m [1;30mLevel 1[0m _identify(isaaclab_tasks/isaaclab_tasks/manager_based/navigation/__pycache__) by extension 'ros'
[0.288s] [34mcolcon.colcon_core.package_identification[0m [1;30mLevel 1[0m _identify(isaaclab_tasks/isaaclab_tasks/manager_based/navigation/__pycache__) by extensions ['cmake', 'python']
[0.288s] [34mcolcon.colcon_core.package_identification[0m [1;30mLevel 1[0m _identify(isaaclab_tasks/isaaclab_tasks/manager_based/navigation/__pycache__) by extension 'cmake'
[0.288s] [34mcolcon.colcon_core.package_identification[0m [1;30mLevel 1[0m _identify(isaaclab_tasks/isaaclab_tasks/manager_based/navigation/__pycache__) by extension 'python'
[0.288s] [34mcolcon.colcon_core.package_identification[0m [1;30mLevel 1[0m _identify(isaaclab_tasks/isaaclab_tasks/manager_based/navigation/__pycache__) by extensions ['python_setup_py']
[0.288s] [34mcolcon.colcon_core.package_identification[0m [1;30mLevel 1[0m _identify(isaaclab_tasks/isaaclab_tasks/manager_based/navigation/__pycache__) by extension 'python_setup_py'
[0.288s] [34mcolcon.colcon_core.package_identification[0m [1;30mLevel 1[0m _identify(isaaclab_tasks/isaaclab_tasks/manager_based/navigation/config) by extensions ['ignore', 'ignore_ament_install']
[0.288s] [34mcolcon.colcon_core.package_identification[0m [1;30mLevel 1[0m _identify(isaaclab_tasks/isaaclab_tasks/manager_based/navigation/config) by extension 'ignore'
[0.288s] [34mcolcon.colcon_core.package_identification[0m [1;30mLevel 1[0m _identify(isaaclab_tasks/isaaclab_tasks/manager_based/navigation/config) by extension 'ignore_ament_install'
[0.288s] [34mcolcon.colcon_core.package_identification[0m [1;30mLevel 1[0m _identify(isaaclab_tasks/isaaclab_tasks/manager_based/navigation/config) by extensions ['colcon_pkg']
[0.288s] [34mcolcon.colcon_core.package_identification[0m [1;30mLevel 1[0m _identify(isaaclab_tasks/isaaclab_tasks/manager_based/navigation/config) by extension 'colcon_pkg'
[0.288s] [34mcolcon.colcon_core.package_identification[0m [1;30mLevel 1[0m _identify(isaaclab_tasks/isaaclab_tasks/manager_based/navigation/config) by extensions ['colcon_meta']
[0.288s] [34mcolcon.colcon_core.package_identification[0m [1;30mLevel 1[0m _identify(isaaclab_tasks/isaaclab_tasks/manager_based/navigation/config) by extension 'colcon_meta'
[0.288s] [34mcolcon.colcon_core.package_identification[0m [1;30mLevel 1[0m _identify(isaaclab_tasks/isaaclab_tasks/manager_based/navigation/config) by extensions ['ros']
[0.288s] [34mcolcon.colcon_core.package_identification[0m [1;30mLevel 1[0m _identify(isaaclab_tasks/isaaclab_tasks/manager_based/navigation/config) by extension 'ros'
[0.288s] [34mcolcon.colcon_core.package_identification[0m [1;30mLevel 1[0m _identify(isaaclab_tasks/isaaclab_tasks/manager_based/navigation/config) by extensions ['cmake', 'python']
[0.288s] [34mcolcon.colcon_core.package_identification[0m [1;30mLevel 1[0m _identify(isaaclab_tasks/isaaclab_tasks/manager_based/navigation/config) by extension 'cmake'
[0.288s] [34mcolcon.colcon_core.package_identification[0m [1;30mLevel 1[0m _identify(isaaclab_tasks/isaaclab_tasks/manager_based/navigation/config) by extension 'python'
[0.288s] [34mcolcon.colcon_core.package_identification[0m [1;30mLevel 1[0m _identify(isaaclab_tasks/isaaclab_tasks/manager_based/navigation/config) by extensions ['python_setup_py']
[0.288s] [34mcolcon.colcon_core.package_identification[0m [1;30mLevel 1[0m _identify(isaaclab_tasks/isaaclab_tasks/manager_based/navigation/config) by extension 'python_setup_py'
[0.288s] [34mcolcon.colcon_core.package_identification[0m [1;30mLevel 1[0m _identify(isaaclab_tasks/isaaclab_tasks/manager_based/navigation/config/__pycache__) by extensions ['ignore', 'ignore_ament_install']
[0.288s] [34mcolcon.colcon_core.package_identification[0m [1;30mLevel 1[0m _identify(isaaclab_tasks/isaaclab_tasks/manager_based/navigation/config/__pycache__) by extension 'ignore'
[0.288s] [34mcolcon.colcon_core.package_identification[0m [1;30mLevel 1[0m _identify(isaaclab_tasks/isaaclab_tasks/manager_based/navigation/config/__pycache__) by extension 'ignore_ament_install'
[0.288s] [34mcolcon.colcon_core.package_identification[0m [1;30mLevel 1[0m _identify(isaaclab_tasks/isaaclab_tasks/manager_based/navigation/config/__pycache__) by extensions ['colcon_pkg']
[0.288s] [34mcolcon.colcon_core.package_identification[0m [1;30mLevel 1[0m _identify(isaaclab_tasks/isaaclab_tasks/manager_based/navigation/config/__pycache__) by extension 'colcon_pkg'
[0.288s] [34mcolcon.colcon_core.package_identification[0m [1;30mLevel 1[0m _identify(isaaclab_tasks/isaaclab_tasks/manager_based/navigation/config/__pycache__) by extensions ['colcon_meta']
[0.288s] [34mcolcon.colcon_core.package_identification[0m [1;30mLevel 1[0m _identify(isaaclab_tasks/isaaclab_tasks/manager_based/navigation/config/__pycache__) by extension 'colcon_meta'
[0.288s] [34mcolcon.colcon_core.package_identification[0m [1;30mLevel 1[0m _identify(isaaclab_tasks/isaaclab_tasks/manager_based/navigation/config/__pycache__) by extensions ['ros']
[0.288s] [34mcolcon.colcon_core.package_identification[0m [1;30mLevel 1[0m _identify(isaaclab_tasks/isaaclab_tasks/manager_based/navigation/config/__pycache__) by extension 'ros'
[0.288s] [34mcolcon.colcon_core.package_identification[0m [1;30mLevel 1[0m _identify(isaaclab_tasks/isaaclab_tasks/manager_based/navigation/config/__pycache__) by extensions ['cmake', 'python']
[0.288s] [34mcolcon.colcon_core.package_identification[0m [1;30mLevel 1[0m _identify(isaaclab_tasks/isaaclab_tasks/manager_based/navigation/config/__pycache__) by extension 'cmake'
[0.288s] [34mcolcon.colcon_core.package_identification[0m [1;30mLevel 1[0m _identify(isaaclab_tasks/isaaclab_tasks/manager_based/navigation/config/__pycache__) by extension 'python'
[0.289s] [34mcolcon.colcon_core.package_identification[0m [1;30mLevel 1[0m _identify(isaaclab_tasks/isaaclab_tasks/manager_based/navigation/config/__pycache__) by extensions ['python_setup_py']
[0.289s] [34mcolcon.colcon_core.package_identification[0m [1;30mLevel 1[0m _identify(isaaclab_tasks/isaaclab_tasks/manager_based/navigation/config/__pycache__) by extension 'python_setup_py'
[0.289s] [34mcolcon.colcon_core.package_identification[0m [1;30mLevel 1[0m _identify(isaaclab_tasks/isaaclab_tasks/manager_based/navigation/config/anymal_c) by extensions ['ignore', 'ignore_ament_install']
[0.289s] [34mcolcon.colcon_core.package_identification[0m [1;30mLevel 1[0m _identify(isaaclab_tasks/isaaclab_tasks/manager_based/navigation/config/anymal_c) by extension 'ignore'
[0.289s] [34mcolcon.colcon_core.package_identification[0m [1;30mLevel 1[0m _identify(isaaclab_tasks/isaaclab_tasks/manager_based/navigation/config/anymal_c) by extension 'ignore_ament_install'
[0.289s] [34mcolcon.colcon_core.package_identification[0m [1;30mLevel 1[0m _identify(isaaclab_tasks/isaaclab_tasks/manager_based/navigation/config/anymal_c) by extensions ['colcon_pkg']
[0.289s] [34mcolcon.colcon_core.package_identification[0m [1;30mLevel 1[0m _identify(isaaclab_tasks/isaaclab_tasks/manager_based/navigation/config/anymal_c) by extension 'colcon_pkg'
[0.289s] [34mcolcon.colcon_core.package_identification[0m [1;30mLevel 1[0m _identify(isaaclab_tasks/isaaclab_tasks/manager_based/navigation/config/anymal_c) by extensions ['colcon_meta']
[0.289s] [34mcolcon.colcon_core.package_identification[0m [1;30mLevel 1[0m _identify(isaaclab_tasks/isaaclab_tasks/manager_based/navigation/config/anymal_c) by extension 'colcon_meta'
[0.289s] [34mcolcon.colcon_core.package_identification[0m [1;30mLevel 1[0m _identify(isaaclab_tasks/isaaclab_tasks/manager_based/navigation/config/anymal_c) by extensions ['ros']
[0.289s] [34mcolcon.colcon_core.package_identification[0m [1;30mLevel 1[0m _identify(isaaclab_tasks/isaaclab_tasks/manager_based/navigation/config/anymal_c) by extension 'ros'
[0.289s] [34mcolcon.colcon_core.package_identification[0m [1;30mLevel 1[0m _identify(isaaclab_tasks/isaaclab_tasks/manager_based/navigation/config/anymal_c) by extensions ['cmake', 'python']
[0.289s] [34mcolcon.colcon_core.package_identification[0m [1;30mLevel 1[0m _identify(isaaclab_tasks/isaaclab_tasks/manager_based/navigation/config/anymal_c) by extension 'cmake'
[0.289s] [34mcolcon.colcon_core.package_identification[0m [1;30mLevel 1[0m _identify(isaaclab_tasks/isaaclab_tasks/manager_based/navigation/config/anymal_c) by extension 'python'
[0.289s] [34mcolcon.colcon_core.package_identification[0m [1;30mLevel 1[0m _identify(isaaclab_tasks/isaaclab_tasks/manager_based/navigation/config/anymal_c) by extensions ['python_setup_py']
[0.289s] [34mcolcon.colcon_core.package_identification[0m [1;30mLevel 1[0m _identify(isaaclab_tasks/isaaclab_tasks/manager_based/navigation/config/anymal_c) by extension 'python_setup_py'
[0.289s] [34mcolcon.colcon_core.package_identification[0m [1;30mLevel 1[0m _identify(isaaclab_tasks/isaaclab_tasks/manager_based/navigation/config/anymal_c/__pycache__) by extensions ['ignore', 'ignore_ament_install']
[0.289s] [34mcolcon.colcon_core.package_identification[0m [1;30mLevel 1[0m _identify(isaaclab_tasks/isaaclab_tasks/manager_based/navigation/config/anymal_c/__pycache__) by extension 'ignore'
[0.289s] [34mcolcon.colcon_core.package_identification[0m [1;30mLevel 1[0m _identify(isaaclab_tasks/isaaclab_tasks/manager_based/navigation/config/anymal_c/__pycache__) by extension 'ignore_ament_install'
[0.289s] [34mcolcon.colcon_core.package_identification[0m [1;30mLevel 1[0m _identify(isaaclab_tasks/isaaclab_tasks/manager_based/navigation/config/anymal_c/__pycache__) by extensions ['colcon_pkg']
[0.289s] [34mcolcon.colcon_core.package_identification[0m [1;30mLevel 1[0m _identify(isaaclab_tasks/isaaclab_tasks/manager_based/navigation/config/anymal_c/__pycache__) by extension 'colcon_pkg'
[0.289s] [34mcolcon.colcon_core.package_identification[0m [1;30mLevel 1[0m _identify(isaaclab_tasks/isaaclab_tasks/manager_based/navigation/config/anymal_c/__pycache__) by extensions ['colcon_meta']
[0.289s] [34mcolcon.colcon_core.package_identification[0m [1;30mLevel 1[0m _identify(isaaclab_tasks/isaaclab_tasks/manager_based/navigation/config/anymal_c/__pycache__) by extension 'colcon_meta'
[0.289s] [34mcolcon.colcon_core.package_identification[0m [1;30mLevel 1[0m _identify(isaaclab_tasks/isaaclab_tasks/manager_based/navigation/config/anymal_c/__pycache__) by extensions ['ros']
[0.289s] [34mcolcon.colcon_core.package_identification[0m [1;30mLevel 1[0m _identify(isaaclab_tasks/isaaclab_tasks/manager_based/navigation/config/anymal_c/__pycache__) by extension 'ros'
[0.289s] [34mcolcon.colcon_core.package_identification[0m [1;30mLevel 1[0m _identify(isaaclab_tasks/isaaclab_tasks/manager_based/navigation/config/anymal_c/__pycache__) by extensions ['cmake', 'python']
[0.289s] [34mcolcon.colcon_core.package_identification[0m [1;30mLevel 1[0m _identify(isaaclab_tasks/isaaclab_tasks/manager_based/navigation/config/anymal_c/__pycache__) by extension 'cmake'
[0.289s] [34mcolcon.colcon_core.package_identification[0m [1;30mLevel 1[0m _identify(isaaclab_tasks/isaaclab_tasks/manager_based/navigation/config/anymal_c/__pycache__) by extension 'python'
[0.289s] [34mcolcon.colcon_core.package_identification[0m [1;30mLevel 1[0m _identify(isaaclab_tasks/isaaclab_tasks/manager_based/navigation/config/anymal_c/__pycache__) by extensions ['python_setup_py']
[0.289s] [34mcolcon.colcon_core.package_identification[0m [1;30mLevel 1[0m _identify(isaaclab_tasks/isaaclab_tasks/manager_based/navigation/config/anymal_c/__pycache__) by extension 'python_setup_py'
[0.289s] [34mcolcon.colcon_core.package_identification[0m [1;30mLevel 1[0m _identify(isaaclab_tasks/isaaclab_tasks/manager_based/navigation/config/anymal_c/agents) by extensions ['ignore', 'ignore_ament_install']
[0.289s] [34mcolcon.colcon_core.package_identification[0m [1;30mLevel 1[0m _identify(isaaclab_tasks/isaaclab_tasks/manager_based/navigation/config/anymal_c/agents) by extension 'ignore'
[0.289s] [34mcolcon.colcon_core.package_identification[0m [1;30mLevel 1[0m _identify(isaaclab_tasks/isaaclab_tasks/manager_based/navigation/config/anymal_c/agents) by extension 'ignore_ament_install'
[0.289s] [34mcolcon.colcon_core.package_identification[0m [1;30mLevel 1[0m _identify(isaaclab_tasks/isaaclab_tasks/manager_based/navigation/config/anymal_c/agents) by extensions ['colcon_pkg']
[0.289s] [34mcolcon.colcon_core.package_identification[0m [1;30mLevel 1[0m _identify(isaaclab_tasks/isaaclab_tasks/manager_based/navigation/config/anymal_c/agents) by extension 'colcon_pkg'
[0.289s] [34mcolcon.colcon_core.package_identification[0m [1;30mLevel 1[0m _identify(isaaclab_tasks/isaaclab_tasks/manager_based/navigation/config/anymal_c/agents) by extensions ['colcon_meta']
[0.289s] [34mcolcon.colcon_core.package_identification[0m [1;30mLevel 1[0m _identify(isaaclab_tasks/isaaclab_tasks/manager_based/navigation/config/anymal_c/agents) by extension 'colcon_meta'
[0.289s] [34mcolcon.colcon_core.package_identification[0m [1;30mLevel 1[0m _identify(isaaclab_tasks/isaaclab_tasks/manager_based/navigation/config/anymal_c/agents) by extensions ['ros']
[0.289s] [34mcolcon.colcon_core.package_identification[0m [1;30mLevel 1[0m _identify(isaaclab_tasks/isaaclab_tasks/manager_based/navigation/config/anymal_c/agents) by extension 'ros'
[0.289s] [34mcolcon.colcon_core.package_identification[0m [1;30mLevel 1[0m _identify(isaaclab_tasks/isaaclab_tasks/manager_based/navigation/config/anymal_c/agents) by extensions ['cmake', 'python']
[0.289s] [34mcolcon.colcon_core.package_identification[0m [1;30mLevel 1[0m _identify(isaaclab_tasks/isaaclab_tasks/manager_based/navigation/config/anymal_c/agents) by extension 'cmake'
[0.289s] [34mcolcon.colcon_core.package_identification[0m [1;30mLevel 1[0m _identify(isaaclab_tasks/isaaclab_tasks/manager_based/navigation/config/anymal_c/agents) by extension 'python'
[0.289s] [34mcolcon.colcon_core.package_identification[0m [1;30mLevel 1[0m _identify(isaaclab_tasks/isaaclab_tasks/manager_based/navigation/config/anymal_c/agents) by extensions ['python_setup_py']
[0.289s] [34mcolcon.colcon_core.package_identification[0m [1;30mLevel 1[0m _identify(isaaclab_tasks/isaaclab_tasks/manager_based/navigation/config/anymal_c/agents) by extension 'python_setup_py'
[0.289s] [34mcolcon.colcon_core.package_identification[0m [1;30mLevel 1[0m _identify(isaaclab_tasks/isaaclab_tasks/manager_based/navigation/config/anymal_c/agents/__pycache__) by extensions ['ignore', 'ignore_ament_install']
[0.289s] [34mcolcon.colcon_core.package_identification[0m [1;30mLevel 1[0m _identify(isaaclab_tasks/isaaclab_tasks/manager_based/navigation/config/anymal_c/agents/__pycache__) by extension 'ignore'
[0.289s] [34mcolcon.colcon_core.package_identification[0m [1;30mLevel 1[0m _identify(isaaclab_tasks/isaaclab_tasks/manager_based/navigation/config/anymal_c/agents/__pycache__) by extension 'ignore_ament_install'
[0.289s] [34mcolcon.colcon_core.package_identification[0m [1;30mLevel 1[0m _identify(isaaclab_tasks/isaaclab_tasks/manager_based/navigation/config/anymal_c/agents/__pycache__) by extensions ['colcon_pkg']
[0.289s] [34mcolcon.colcon_core.package_identification[0m [1;30mLevel 1[0m _identify(isaaclab_tasks/isaaclab_tasks/manager_based/navigation/config/anymal_c/agents/__pycache__) by extension 'colcon_pkg'
[0.289s] [34mcolcon.colcon_core.package_identification[0m [1;30mLevel 1[0m _identify(isaaclab_tasks/isaaclab_tasks/manager_based/navigation/config/anymal_c/agents/__pycache__) by extensions ['colcon_meta']
[0.290s] [34mcolcon.colcon_core.package_identification[0m [1;30mLevel 1[0m _identify(isaaclab_tasks/isaaclab_tasks/manager_based/navigation/config/anymal_c/agents/__pycache__) by extension 'colcon_meta'
[0.290s] [34mcolcon.colcon_core.package_identification[0m [1;30mLevel 1[0m _identify(isaaclab_tasks/isaaclab_tasks/manager_based/navigation/config/anymal_c/agents/__pycache__) by extensions ['ros']
[0.290s] [34mcolcon.colcon_core.package_identification[0m [1;30mLevel 1[0m _identify(isaaclab_tasks/isaaclab_tasks/manager_based/navigation/config/anymal_c/agents/__pycache__) by extension 'ros'
[0.290s] [34mcolcon.colcon_core.package_identification[0m [1;30mLevel 1[0m _identify(isaaclab_tasks/isaaclab_tasks/manager_based/navigation/config/anymal_c/agents/__pycache__) by extensions ['cmake', 'python']
[0.290s] [34mcolcon.colcon_core.package_identification[0m [1;30mLevel 1[0m _identify(isaaclab_tasks/isaaclab_tasks/manager_based/navigation/config/anymal_c/agents/__pycache__) by extension 'cmake'
[0.290s] [34mcolcon.colcon_core.package_identification[0m [1;30mLevel 1[0m _identify(isaaclab_tasks/isaaclab_tasks/manager_based/navigation/config/anymal_c/agents/__pycache__) by extension 'python'
[0.290s] [34mcolcon.colcon_core.package_identification[0m [1;30mLevel 1[0m _identify(isaaclab_tasks/isaaclab_tasks/manager_based/navigation/config/anymal_c/agents/__pycache__) by extensions ['python_setup_py']
[0.290s] [34mcolcon.colcon_core.package_identification[0m [1;30mLevel 1[0m _identify(isaaclab_tasks/isaaclab_tasks/manager_based/navigation/config/anymal_c/agents/__pycache__) by extension 'python_setup_py'
[0.290s] [34mcolcon.colcon_core.package_identification[0m [1;30mLevel 1[0m _identify(isaaclab_tasks/isaaclab_tasks/manager_based/navigation/mdp) by extensions ['ignore', 'ignore_ament_install']
[0.290s] [34mcolcon.colcon_core.package_identification[0m [1;30mLevel 1[0m _identify(isaaclab_tasks/isaaclab_tasks/manager_based/navigation/mdp) by extension 'ignore'
[0.290s] [34mcolcon.colcon_core.package_identification[0m [1;30mLevel 1[0m _identify(isaaclab_tasks/isaaclab_tasks/manager_based/navigation/mdp) by extension 'ignore_ament_install'
[0.290s] [34mcolcon.colcon_core.package_identification[0m [1;30mLevel 1[0m _identify(isaaclab_tasks/isaaclab_tasks/manager_based/navigation/mdp) by extensions ['colcon_pkg']
[0.290s] [34mcolcon.colcon_core.package_identification[0m [1;30mLevel 1[0m _identify(isaaclab_tasks/isaaclab_tasks/manager_based/navigation/mdp) by extension 'colcon_pkg'
[0.290s] [34mcolcon.colcon_core.package_identification[0m [1;30mLevel 1[0m _identify(isaaclab_tasks/isaaclab_tasks/manager_based/navigation/mdp) by extensions ['colcon_meta']
[0.290s] [34mcolcon.colcon_core.package_identification[0m [1;30mLevel 1[0m _identify(isaaclab_tasks/isaaclab_tasks/manager_based/navigation/mdp) by extension 'colcon_meta'
[0.290s] [34mcolcon.colcon_core.package_identification[0m [1;30mLevel 1[0m _identify(isaaclab_tasks/isaaclab_tasks/manager_based/navigation/mdp) by extensions ['ros']
[0.290s] [34mcolcon.colcon_core.package_identification[0m [1;30mLevel 1[0m _identify(isaaclab_tasks/isaaclab_tasks/manager_based/navigation/mdp) by extension 'ros'
[0.290s] [34mcolcon.colcon_core.package_identification[0m [1;30mLevel 1[0m _identify(isaaclab_tasks/isaaclab_tasks/manager_based/navigation/mdp) by extensions ['cmake', 'python']
[0.290s] [34mcolcon.colcon_core.package_identification[0m [1;30mLevel 1[0m _identify(isaaclab_tasks/isaaclab_tasks/manager_based/navigation/mdp) by extension 'cmake'
[0.290s] [34mcolcon.colcon_core.package_identification[0m [1;30mLevel 1[0m _identify(isaaclab_tasks/isaaclab_tasks/manager_based/navigation/mdp) by extension 'python'
[0.290s] [34mcolcon.colcon_core.package_identification[0m [1;30mLevel 1[0m _identify(isaaclab_tasks/isaaclab_tasks/manager_based/navigation/mdp) by extensions ['python_setup_py']
[0.290s] [34mcolcon.colcon_core.package_identification[0m [1;30mLevel 1[0m _identify(isaaclab_tasks/isaaclab_tasks/manager_based/navigation/mdp) by extension 'python_setup_py'
[0.290s] [34mcolcon.colcon_core.package_identification[0m [1;30mLevel 1[0m _identify(isaaclab_tasks/isaaclab_tasks/manager_based/project) by extensions ['ignore', 'ignore_ament_install']
[0.290s] [34mcolcon.colcon_core.package_identification[0m [1;30mLevel 1[0m _identify(isaaclab_tasks/isaaclab_tasks/manager_based/project) by extension 'ignore'
[0.290s] [34mcolcon.colcon_core.package_identification[0m [1;30mLevel 1[0m _identify(isaaclab_tasks/isaaclab_tasks/manager_based/project) by extension 'ignore_ament_install'
[0.290s] [34mcolcon.colcon_core.package_identification[0m [1;30mLevel 1[0m _identify(isaaclab_tasks/isaaclab_tasks/manager_based/project) by extensions ['colcon_pkg']
[0.290s] [34mcolcon.colcon_core.package_identification[0m [1;30mLevel 1[0m _identify(isaaclab_tasks/isaaclab_tasks/manager_based/project) by extension 'colcon_pkg'
[0.290s] [34mcolcon.colcon_core.package_identification[0m [1;30mLevel 1[0m _identify(isaaclab_tasks/isaaclab_tasks/manager_based/project) by extensions ['colcon_meta']
[0.290s] [34mcolcon.colcon_core.package_identification[0m [1;30mLevel 1[0m _identify(isaaclab_tasks/isaaclab_tasks/manager_based/project) by extension 'colcon_meta'
[0.290s] [34mcolcon.colcon_core.package_identification[0m [1;30mLevel 1[0m _identify(isaaclab_tasks/isaaclab_tasks/manager_based/project) by extensions ['ros']
[0.290s] [34mcolcon.colcon_core.package_identification[0m [1;30mLevel 1[0m _identify(isaaclab_tasks/isaaclab_tasks/manager_based/project) by extension 'ros'
[0.290s] [34mcolcon.colcon_core.package_identification[0m [1;30mLevel 1[0m _identify(isaaclab_tasks/isaaclab_tasks/manager_based/project) by extensions ['cmake', 'python']
[0.290s] [34mcolcon.colcon_core.package_identification[0m [1;30mLevel 1[0m _identify(isaaclab_tasks/isaaclab_tasks/manager_based/project) by extension 'cmake'
[0.290s] [34mcolcon.colcon_core.package_identification[0m [1;30mLevel 1[0m _identify(isaaclab_tasks/isaaclab_tasks/manager_based/project) by extension 'python'
[0.290s] [34mcolcon.colcon_core.package_identification[0m [1;30mLevel 1[0m _identify(isaaclab_tasks/isaaclab_tasks/manager_based/project) by extensions ['python_setup_py']
[0.290s] [34mcolcon.colcon_core.package_identification[0m [1;30mLevel 1[0m _identify(isaaclab_tasks/isaaclab_tasks/manager_based/project) by extension 'python_setup_py'
[0.290s] [34mcolcon.colcon_core.package_identification[0m [1;30mLevel 1[0m _identify(isaaclab_tasks/isaaclab_tasks/manager_based/project/__pycache__) by extensions ['ignore', 'ignore_ament_install']
[0.290s] [34mcolcon.colcon_core.package_identification[0m [1;30mLevel 1[0m _identify(isaaclab_tasks/isaaclab_tasks/manager_based/project/__pycache__) by extension 'ignore'
[0.290s] [34mcolcon.colcon_core.package_identification[0m [1;30mLevel 1[0m _identify(isaaclab_tasks/isaaclab_tasks/manager_based/project/__pycache__) by extension 'ignore_ament_install'
[0.290s] [34mcolcon.colcon_core.package_identification[0m [1;30mLevel 1[0m _identify(isaaclab_tasks/isaaclab_tasks/manager_based/project/__pycache__) by extensions ['colcon_pkg']
[0.290s] [34mcolcon.colcon_core.package_identification[0m [1;30mLevel 1[0m _identify(isaaclab_tasks/isaaclab_tasks/manager_based/project/__pycache__) by extension 'colcon_pkg'
[0.290s] [34mcolcon.colcon_core.package_identification[0m [1;30mLevel 1[0m _identify(isaaclab_tasks/isaaclab_tasks/manager_based/project/__pycache__) by extensions ['colcon_meta']
[0.290s] [34mcolcon.colcon_core.package_identification[0m [1;30mLevel 1[0m _identify(isaaclab_tasks/isaaclab_tasks/manager_based/project/__pycache__) by extension 'colcon_meta'
[0.290s] [34mcolcon.colcon_core.package_identification[0m [1;30mLevel 1[0m _identify(isaaclab_tasks/isaaclab_tasks/manager_based/project/__pycache__) by extensions ['ros']
[0.290s] [34mcolcon.colcon_core.package_identification[0m [1;30mLevel 1[0m _identify(isaaclab_tasks/isaaclab_tasks/manager_based/project/__pycache__) by extension 'ros'
[0.290s] [34mcolcon.colcon_core.package_identification[0m [1;30mLevel 1[0m _identify(isaaclab_tasks/isaaclab_tasks/manager_based/project/__pycache__) by extensions ['cmake', 'python']
[0.290s] [34mcolcon.colcon_core.package_identification[0m [1;30mLevel 1[0m _identify(isaaclab_tasks/isaaclab_tasks/manager_based/project/__pycache__) by extension 'cmake'
[0.290s] [34mcolcon.colcon_core.package_identification[0m [1;30mLevel 1[0m _identify(isaaclab_tasks/isaaclab_tasks/manager_based/project/__pycache__) by extension 'python'
[0.290s] [34mcolcon.colcon_core.package_identification[0m [1;30mLevel 1[0m _identify(isaaclab_tasks/isaaclab_tasks/manager_based/project/__pycache__) by extensions ['python_setup_py']
[0.290s] [34mcolcon.colcon_core.package_identification[0m [1;30mLevel 1[0m _identify(isaaclab_tasks/isaaclab_tasks/manager_based/project/__pycache__) by extension 'python_setup_py'
[0.290s] [34mcolcon.colcon_core.package_identification[0m [1;30mLevel 1[0m _identify(isaaclab_tasks/isaaclab_tasks/manager_based/project/agents) by extensions ['ignore', 'ignore_ament_install']
[0.290s] [34mcolcon.colcon_core.package_identification[0m [1;30mLevel 1[0m _identify(isaaclab_tasks/isaaclab_tasks/manager_based/project/agents) by extension 'ignore'
[0.290s] [34mcolcon.colcon_core.package_identification[0m [1;30mLevel 1[0m _identify(isaaclab_tasks/isaaclab_tasks/manager_based/project/agents) by extension 'ignore_ament_install'
[0.291s] [34mcolcon.colcon_core.package_identification[0m [1;30mLevel 1[0m _identify(isaaclab_tasks/isaaclab_tasks/manager_based/project/agents) by extensions ['colcon_pkg']
[0.291s] [34mcolcon.colcon_core.package_identification[0m [1;30mLevel 1[0m _identify(isaaclab_tasks/isaaclab_tasks/manager_based/project/agents) by extension 'colcon_pkg'
[0.291s] [34mcolcon.colcon_core.package_identification[0m [1;30mLevel 1[0m _identify(isaaclab_tasks/isaaclab_tasks/manager_based/project/agents) by extensions ['colcon_meta']
[0.291s] [34mcolcon.colcon_core.package_identification[0m [1;30mLevel 1[0m _identify(isaaclab_tasks/isaaclab_tasks/manager_based/project/agents) by extension 'colcon_meta'
[0.291s] [34mcolcon.colcon_core.package_identification[0m [1;30mLevel 1[0m _identify(isaaclab_tasks/isaaclab_tasks/manager_based/project/agents) by extensions ['ros']
[0.291s] [34mcolcon.colcon_core.package_identification[0m [1;30mLevel 1[0m _identify(isaaclab_tasks/isaaclab_tasks/manager_based/project/agents) by extension 'ros'
[0.291s] [34mcolcon.colcon_core.package_identification[0m [1;30mLevel 1[0m _identify(isaaclab_tasks/isaaclab_tasks/manager_based/project/agents) by extensions ['cmake', 'python']
[0.291s] [34mcolcon.colcon_core.package_identification[0m [1;30mLevel 1[0m _identify(isaaclab_tasks/isaaclab_tasks/manager_based/project/agents) by extension 'cmake'
[0.291s] [34mcolcon.colcon_core.package_identification[0m [1;30mLevel 1[0m _identify(isaaclab_tasks/isaaclab_tasks/manager_based/project/agents) by extension 'python'
[0.291s] [34mcolcon.colcon_core.package_identification[0m [1;30mLevel 1[0m _identify(isaaclab_tasks/isaaclab_tasks/manager_based/project/agents) by extensions ['python_setup_py']
[0.291s] [34mcolcon.colcon_core.package_identification[0m [1;30mLevel 1[0m _identify(isaaclab_tasks/isaaclab_tasks/manager_based/project/agents) by extension 'python_setup_py'
[0.291s] [34mcolcon.colcon_core.package_identification[0m [1;30mLevel 1[0m _identify(isaaclab_tasks/isaaclab_tasks/manager_based/project/agents/__pycache__) by extensions ['ignore', 'ignore_ament_install']
[0.291s] [34mcolcon.colcon_core.package_identification[0m [1;30mLevel 1[0m _identify(isaaclab_tasks/isaaclab_tasks/manager_based/project/agents/__pycache__) by extension 'ignore'
[0.291s] [34mcolcon.colcon_core.package_identification[0m [1;30mLevel 1[0m _identify(isaaclab_tasks/isaaclab_tasks/manager_based/project/agents/__pycache__) by extension 'ignore_ament_install'
[0.291s] [34mcolcon.colcon_core.package_identification[0m [1;30mLevel 1[0m _identify(isaaclab_tasks/isaaclab_tasks/manager_based/project/agents/__pycache__) by extensions ['colcon_pkg']
[0.291s] [34mcolcon.colcon_core.package_identification[0m [1;30mLevel 1[0m _identify(isaaclab_tasks/isaaclab_tasks/manager_based/project/agents/__pycache__) by extension 'colcon_pkg'
[0.291s] [34mcolcon.colcon_core.package_identification[0m [1;30mLevel 1[0m _identify(isaaclab_tasks/isaaclab_tasks/manager_based/project/agents/__pycache__) by extensions ['colcon_meta']
[0.291s] [34mcolcon.colcon_core.package_identification[0m [1;30mLevel 1[0m _identify(isaaclab_tasks/isaaclab_tasks/manager_based/project/agents/__pycache__) by extension 'colcon_meta'
[0.291s] [34mcolcon.colcon_core.package_identification[0m [1;30mLevel 1[0m _identify(isaaclab_tasks/isaaclab_tasks/manager_based/project/agents/__pycache__) by extensions ['ros']
[0.291s] [34mcolcon.colcon_core.package_identification[0m [1;30mLevel 1[0m _identify(isaaclab_tasks/isaaclab_tasks/manager_based/project/agents/__pycache__) by extension 'ros'
[0.291s] [34mcolcon.colcon_core.package_identification[0m [1;30mLevel 1[0m _identify(isaaclab_tasks/isaaclab_tasks/manager_based/project/agents/__pycache__) by extensions ['cmake', 'python']
[0.291s] [34mcolcon.colcon_core.package_identification[0m [1;30mLevel 1[0m _identify(isaaclab_tasks/isaaclab_tasks/manager_based/project/agents/__pycache__) by extension 'cmake'
[0.291s] [34mcolcon.colcon_core.package_identification[0m [1;30mLevel 1[0m _identify(isaaclab_tasks/isaaclab_tasks/manager_based/project/agents/__pycache__) by extension 'python'
[0.291s] [34mcolcon.colcon_core.package_identification[0m [1;30mLevel 1[0m _identify(isaaclab_tasks/isaaclab_tasks/manager_based/project/agents/__pycache__) by extensions ['python_setup_py']
[0.291s] [34mcolcon.colcon_core.package_identification[0m [1;30mLevel 1[0m _identify(isaaclab_tasks/isaaclab_tasks/manager_based/project/agents/__pycache__) by extension 'python_setup_py'
[0.291s] [34mcolcon.colcon_core.package_identification[0m [1;30mLevel 1[0m _identify(isaaclab_tasks/isaaclab_tasks/manager_based/project/assets) by extensions ['ignore', 'ignore_ament_install']
[0.291s] [34mcolcon.colcon_core.package_identification[0m [1;30mLevel 1[0m _identify(isaaclab_tasks/isaaclab_tasks/manager_based/project/assets) by extension 'ignore'
[0.291s] [34mcolcon.colcon_core.package_identification[0m [1;30mLevel 1[0m _identify(isaaclab_tasks/isaaclab_tasks/manager_based/project/assets) by extension 'ignore_ament_install'
[0.291s] [34mcolcon.colcon_core.package_identification[0m [1;30mLevel 1[0m _identify(isaaclab_tasks/isaaclab_tasks/manager_based/project/assets) by extensions ['colcon_pkg']
[0.291s] [34mcolcon.colcon_core.package_identification[0m [1;30mLevel 1[0m _identify(isaaclab_tasks/isaaclab_tasks/manager_based/project/assets) by extension 'colcon_pkg'
[0.291s] [34mcolcon.colcon_core.package_identification[0m [1;30mLevel 1[0m _identify(isaaclab_tasks/isaaclab_tasks/manager_based/project/assets) by extensions ['colcon_meta']
[0.291s] [34mcolcon.colcon_core.package_identification[0m [1;30mLevel 1[0m _identify(isaaclab_tasks/isaaclab_tasks/manager_based/project/assets) by extension 'colcon_meta'
[0.291s] [34mcolcon.colcon_core.package_identification[0m [1;30mLevel 1[0m _identify(isaaclab_tasks/isaaclab_tasks/manager_based/project/assets) by extensions ['ros']
[0.291s] [34mcolcon.colcon_core.package_identification[0m [1;30mLevel 1[0m _identify(isaaclab_tasks/isaaclab_tasks/manager_based/project/assets) by extension 'ros'
[0.291s] [34mcolcon.colcon_core.package_identification[0m [1;30mLevel 1[0m _identify(isaaclab_tasks/isaaclab_tasks/manager_based/project/assets) by extensions ['cmake', 'python']
[0.291s] [34mcolcon.colcon_core.package_identification[0m [1;30mLevel 1[0m _identify(isaaclab_tasks/isaaclab_tasks/manager_based/project/assets) by extension 'cmake'
[0.291s] [34mcolcon.colcon_core.package_identification[0m [1;30mLevel 1[0m _identify(isaaclab_tasks/isaaclab_tasks/manager_based/project/assets) by extension 'python'
[0.291s] [34mcolcon.colcon_core.package_identification[0m [1;30mLevel 1[0m _identify(isaaclab_tasks/isaaclab_tasks/manager_based/project/assets) by extensions ['python_setup_py']
[0.291s] [34mcolcon.colcon_core.package_identification[0m [1;30mLevel 1[0m _identify(isaaclab_tasks/isaaclab_tasks/manager_based/project/assets) by extension 'python_setup_py'
[0.291s] [34mcolcon.colcon_core.package_identification[0m [1;30mLevel 1[0m _identify(isaaclab_tasks/isaaclab_tasks/manager_based/project/config) by extensions ['ignore', 'ignore_ament_install']
[0.291s] [34mcolcon.colcon_core.package_identification[0m [1;30mLevel 1[0m _identify(isaaclab_tasks/isaaclab_tasks/manager_based/project/config) by extension 'ignore'
[0.291s] [34mcolcon.colcon_core.package_identification[0m [1;30mLevel 1[0m _identify(isaaclab_tasks/isaaclab_tasks/manager_based/project/config) by extension 'ignore_ament_install'
[0.291s] [34mcolcon.colcon_core.package_identification[0m [1;30mLevel 1[0m _identify(isaaclab_tasks/isaaclab_tasks/manager_based/project/config) by extensions ['colcon_pkg']
[0.291s] [34mcolcon.colcon_core.package_identification[0m [1;30mLevel 1[0m _identify(isaaclab_tasks/isaaclab_tasks/manager_based/project/config) by extension 'colcon_pkg'
[0.291s] [34mcolcon.colcon_core.package_identification[0m [1;30mLevel 1[0m _identify(isaaclab_tasks/isaaclab_tasks/manager_based/project/config) by extensions ['colcon_meta']
[0.291s] [34mcolcon.colcon_core.package_identification[0m [1;30mLevel 1[0m _identify(isaaclab_tasks/isaaclab_tasks/manager_based/project/config) by extension 'colcon_meta'
[0.291s] [34mcolcon.colcon_core.package_identification[0m [1;30mLevel 1[0m _identify(isaaclab_tasks/isaaclab_tasks/manager_based/project/config) by extensions ['ros']
[0.291s] [34mcolcon.colcon_core.package_identification[0m [1;30mLevel 1[0m _identify(isaaclab_tasks/isaaclab_tasks/manager_based/project/config) by extension 'ros'
[0.291s] [34mcolcon.colcon_core.package_identification[0m [1;30mLevel 1[0m _identify(isaaclab_tasks/isaaclab_tasks/manager_based/project/config) by extensions ['cmake', 'python']
[0.291s] [34mcolcon.colcon_core.package_identification[0m [1;30mLevel 1[0m _identify(isaaclab_tasks/isaaclab_tasks/manager_based/project/config) by extension 'cmake'
[0.291s] [34mcolcon.colcon_core.package_identification[0m [1;30mLevel 1[0m _identify(isaaclab_tasks/isaaclab_tasks/manager_based/project/config) by extension 'python'
[0.291s] [34mcolcon.colcon_core.package_identification[0m [1;30mLevel 1[0m _identify(isaaclab_tasks/isaaclab_tasks/manager_based/project/config) by extensions ['python_setup_py']
[0.291s] [34mcolcon.colcon_core.package_identification[0m [1;30mLevel 1[0m _identify(isaaclab_tasks/isaaclab_tasks/manager_based/project/config) by extension 'python_setup_py'
[0.291s] [34mcolcon.colcon_core.package_identification[0m [1;30mLevel 1[0m _identify(isaaclab_tasks/isaaclab_tasks/manager_based/project/config/__pycache__) by extensions ['ignore', 'ignore_ament_install']
[0.292s] [34mcolcon.colcon_core.package_identification[0m [1;30mLevel 1[0m _identify(isaaclab_tasks/isaaclab_tasks/manager_based/project/config/__pycache__) by extension 'ignore'
[0.292s] [34mcolcon.colcon_core.package_identification[0m [1;30mLevel 1[0m _identify(isaaclab_tasks/isaaclab_tasks/manager_based/project/config/__pycache__) by extension 'ignore_ament_install'
[0.292s] [34mcolcon.colcon_core.package_identification[0m [1;30mLevel 1[0m _identify(isaaclab_tasks/isaaclab_tasks/manager_based/project/config/__pycache__) by extensions ['colcon_pkg']
[0.292s] [34mcolcon.colcon_core.package_identification[0m [1;30mLevel 1[0m _identify(isaaclab_tasks/isaaclab_tasks/manager_based/project/config/__pycache__) by extension 'colcon_pkg'
[0.292s] [34mcolcon.colcon_core.package_identification[0m [1;30mLevel 1[0m _identify(isaaclab_tasks/isaaclab_tasks/manager_based/project/config/__pycache__) by extensions ['colcon_meta']
[0.292s] [34mcolcon.colcon_core.package_identification[0m [1;30mLevel 1[0m _identify(isaaclab_tasks/isaaclab_tasks/manager_based/project/config/__pycache__) by extension 'colcon_meta'
[0.292s] [34mcolcon.colcon_core.package_identification[0m [1;30mLevel 1[0m _identify(isaaclab_tasks/isaaclab_tasks/manager_based/project/config/__pycache__) by extensions ['ros']
[0.292s] [34mcolcon.colcon_core.package_identification[0m [1;30mLevel 1[0m _identify(isaaclab_tasks/isaaclab_tasks/manager_based/project/config/__pycache__) by extension 'ros'
[0.292s] [34mcolcon.colcon_core.package_identification[0m [1;30mLevel 1[0m _identify(isaaclab_tasks/isaaclab_tasks/manager_based/project/config/__pycache__) by extensions ['cmake', 'python']
[0.292s] [34mcolcon.colcon_core.package_identification[0m [1;30mLevel 1[0m _identify(isaaclab_tasks/isaaclab_tasks/manager_based/project/config/__pycache__) by extension 'cmake'
[0.292s] [34mcolcon.colcon_core.package_identification[0m [1;30mLevel 1[0m _identify(isaaclab_tasks/isaaclab_tasks/manager_based/project/config/__pycache__) by extension 'python'
[0.292s] [34mcolcon.colcon_core.package_identification[0m [1;30mLevel 1[0m _identify(isaaclab_tasks/isaaclab_tasks/manager_based/project/config/__pycache__) by extensions ['python_setup_py']
[0.292s] [34mcolcon.colcon_core.package_identification[0m [1;30mLevel 1[0m _identify(isaaclab_tasks/isaaclab_tasks/manager_based/project/config/__pycache__) by extension 'python_setup_py'
[0.292s] [34mcolcon.colcon_core.package_identification[0m [1;30mLevel 1[0m _identify(isaaclab_tasks/isaaclab_tasks/manager_based/project/config/franka) by extensions ['ignore', 'ignore_ament_install']
[0.292s] [34mcolcon.colcon_core.package_identification[0m [1;30mLevel 1[0m _identify(isaaclab_tasks/isaaclab_tasks/manager_based/project/config/franka) by extension 'ignore'
[0.292s] [34mcolcon.colcon_core.package_identification[0m [1;30mLevel 1[0m _identify(isaaclab_tasks/isaaclab_tasks/manager_based/project/config/franka) by extension 'ignore_ament_install'
[0.292s] [34mcolcon.colcon_core.package_identification[0m [1;30mLevel 1[0m _identify(isaaclab_tasks/isaaclab_tasks/manager_based/project/config/franka) by extensions ['colcon_pkg']
[0.292s] [34mcolcon.colcon_core.package_identification[0m [1;30mLevel 1[0m _identify(isaaclab_tasks/isaaclab_tasks/manager_based/project/config/franka) by extension 'colcon_pkg'
[0.292s] [34mcolcon.colcon_core.package_identification[0m [1;30mLevel 1[0m _identify(isaaclab_tasks/isaaclab_tasks/manager_based/project/config/franka) by extensions ['colcon_meta']
[0.292s] [34mcolcon.colcon_core.package_identification[0m [1;30mLevel 1[0m _identify(isaaclab_tasks/isaaclab_tasks/manager_based/project/config/franka) by extension 'colcon_meta'
[0.292s] [34mcolcon.colcon_core.package_identification[0m [1;30mLevel 1[0m _identify(isaaclab_tasks/isaaclab_tasks/manager_based/project/config/franka) by extensions ['ros']
[0.292s] [34mcolcon.colcon_core.package_identification[0m [1;30mLevel 1[0m _identify(isaaclab_tasks/isaaclab_tasks/manager_based/project/config/franka) by extension 'ros'
[0.292s] [34mcolcon.colcon_core.package_identification[0m [1;30mLevel 1[0m _identify(isaaclab_tasks/isaaclab_tasks/manager_based/project/config/franka) by extensions ['cmake', 'python']
[0.292s] [34mcolcon.colcon_core.package_identification[0m [1;30mLevel 1[0m _identify(isaaclab_tasks/isaaclab_tasks/manager_based/project/config/franka) by extension 'cmake'
[0.292s] [34mcolcon.colcon_core.package_identification[0m [1;30mLevel 1[0m _identify(isaaclab_tasks/isaaclab_tasks/manager_based/project/config/franka) by extension 'python'
[0.292s] [34mcolcon.colcon_core.package_identification[0m [1;30mLevel 1[0m _identify(isaaclab_tasks/isaaclab_tasks/manager_based/project/config/franka) by extensions ['python_setup_py']
[0.292s] [34mcolcon.colcon_core.package_identification[0m [1;30mLevel 1[0m _identify(isaaclab_tasks/isaaclab_tasks/manager_based/project/config/franka) by extension 'python_setup_py'
[0.292s] [34mcolcon.colcon_core.package_identification[0m [1;30mLevel 1[0m _identify(isaaclab_tasks/isaaclab_tasks/manager_based/project/config/franka/__pycache__) by extensions ['ignore', 'ignore_ament_install']
[0.292s] [34mcolcon.colcon_core.package_identification[0m [1;30mLevel 1[0m _identify(isaaclab_tasks/isaaclab_tasks/manager_based/project/config/franka/__pycache__) by extension 'ignore'
[0.292s] [34mcolcon.colcon_core.package_identification[0m [1;30mLevel 1[0m _identify(isaaclab_tasks/isaaclab_tasks/manager_based/project/config/franka/__pycache__) by extension 'ignore_ament_install'
[0.292s] [34mcolcon.colcon_core.package_identification[0m [1;30mLevel 1[0m _identify(isaaclab_tasks/isaaclab_tasks/manager_based/project/config/franka/__pycache__) by extensions ['colcon_pkg']
[0.292s] [34mcolcon.colcon_core.package_identification[0m [1;30mLevel 1[0m _identify(isaaclab_tasks/isaaclab_tasks/manager_based/project/config/franka/__pycache__) by extension 'colcon_pkg'
[0.292s] [34mcolcon.colcon_core.package_identification[0m [1;30mLevel 1[0m _identify(isaaclab_tasks/isaaclab_tasks/manager_based/project/config/franka/__pycache__) by extensions ['colcon_meta']
[0.292s] [34mcolcon.colcon_core.package_identification[0m [1;30mLevel 1[0m _identify(isaaclab_tasks/isaaclab_tasks/manager_based/project/config/franka/__pycache__) by extension 'colcon_meta'
[0.292s] [34mcolcon.colcon_core.package_identification[0m [1;30mLevel 1[0m _identify(isaaclab_tasks/isaaclab_tasks/manager_based/project/config/franka/__pycache__) by extensions ['ros']
[0.292s] [34mcolcon.colcon_core.package_identification[0m [1;30mLevel 1[0m _identify(isaaclab_tasks/isaaclab_tasks/manager_based/project/config/franka/__pycache__) by extension 'ros'
[0.292s] [34mcolcon.colcon_core.package_identification[0m [1;30mLevel 1[0m _identify(isaaclab_tasks/isaaclab_tasks/manager_based/project/config/franka/__pycache__) by extensions ['cmake', 'python']
[0.292s] [34mcolcon.colcon_core.package_identification[0m [1;30mLevel 1[0m _identify(isaaclab_tasks/isaaclab_tasks/manager_based/project/config/franka/__pycache__) by extension 'cmake'
[0.292s] [34mcolcon.colcon_core.package_identification[0m [1;30mLevel 1[0m _identify(isaaclab_tasks/isaaclab_tasks/manager_based/project/config/franka/__pycache__) by extension 'python'
[0.292s] [34mcolcon.colcon_core.package_identification[0m [1;30mLevel 1[0m _identify(isaaclab_tasks/isaaclab_tasks/manager_based/project/config/franka/__pycache__) by extensions ['python_setup_py']
[0.292s] [34mcolcon.colcon_core.package_identification[0m [1;30mLevel 1[0m _identify(isaaclab_tasks/isaaclab_tasks/manager_based/project/config/franka/__pycache__) by extension 'python_setup_py'
[0.292s] [34mcolcon.colcon_core.package_identification[0m [1;30mLevel 1[0m _identify(isaaclab_tasks/isaaclab_tasks/manager_based/project/config/franka/agents) by extensions ['ignore', 'ignore_ament_install']
[0.292s] [34mcolcon.colcon_core.package_identification[0m [1;30mLevel 1[0m _identify(isaaclab_tasks/isaaclab_tasks/manager_based/project/config/franka/agents) by extension 'ignore'
[0.292s] [34mcolcon.colcon_core.package_identification[0m [1;30mLevel 1[0m _identify(isaaclab_tasks/isaaclab_tasks/manager_based/project/config/franka/agents) by extension 'ignore_ament_install'
[0.292s] [34mcolcon.colcon_core.package_identification[0m [1;30mLevel 1[0m _identify(isaaclab_tasks/isaaclab_tasks/manager_based/project/config/franka/agents) by extensions ['colcon_pkg']
[0.292s] [34mcolcon.colcon_core.package_identification[0m [1;30mLevel 1[0m _identify(isaaclab_tasks/isaaclab_tasks/manager_based/project/config/franka/agents) by extension 'colcon_pkg'
[0.292s] [34mcolcon.colcon_core.package_identification[0m [1;30mLevel 1[0m _identify(isaaclab_tasks/isaaclab_tasks/manager_based/project/config/franka/agents) by extensions ['colcon_meta']
[0.292s] [34mcolcon.colcon_core.package_identification[0m [1;30mLevel 1[0m _identify(isaaclab_tasks/isaaclab_tasks/manager_based/project/config/franka/agents) by extension 'colcon_meta'
[0.292s] [34mcolcon.colcon_core.package_identification[0m [1;30mLevel 1[0m _identify(isaaclab_tasks/isaaclab_tasks/manager_based/project/config/franka/agents) by extensions ['ros']
[0.292s] [34mcolcon.colcon_core.package_identification[0m [1;30mLevel 1[0m _identify(isaaclab_tasks/isaaclab_tasks/manager_based/project/config/franka/agents) by extension 'ros'
[0.292s] [34mcolcon.colcon_core.package_identification[0m [1;30mLevel 1[0m _identify(isaaclab_tasks/isaaclab_tasks/manager_based/project/config/franka/agents) by extensions ['cmake', 'python']
[0.292s] [34mcolcon.colcon_core.package_identification[0m [1;30mLevel 1[0m _identify(isaaclab_tasks/isaaclab_tasks/manager_based/project/config/franka/agents) by extension 'cmake'
[0.293s] [34mcolcon.colcon_core.package_identification[0m [1;30mLevel 1[0m _identify(isaaclab_tasks/isaaclab_tasks/manager_based/project/config/franka/agents) by extension 'python'
[0.293s] [34mcolcon.colcon_core.package_identification[0m [1;30mLevel 1[0m _identify(isaaclab_tasks/isaaclab_tasks/manager_based/project/config/franka/agents) by extensions ['python_setup_py']
[0.293s] [34mcolcon.colcon_core.package_identification[0m [1;30mLevel 1[0m _identify(isaaclab_tasks/isaaclab_tasks/manager_based/project/config/franka/agents) by extension 'python_setup_py'
[0.293s] [34mcolcon.colcon_core.package_identification[0m [1;30mLevel 1[0m _identify(isaaclab_tasks/isaaclab_tasks/manager_based/project/config/franka/agents/__pycache__) by extensions ['ignore', 'ignore_ament_install']
[0.293s] [34mcolcon.colcon_core.package_identification[0m [1;30mLevel 1[0m _identify(isaaclab_tasks/isaaclab_tasks/manager_based/project/config/franka/agents/__pycache__) by extension 'ignore'
[0.293s] [34mcolcon.colcon_core.package_identification[0m [1;30mLevel 1[0m _identify(isaaclab_tasks/isaaclab_tasks/manager_based/project/config/franka/agents/__pycache__) by extension 'ignore_ament_install'
[0.293s] [34mcolcon.colcon_core.package_identification[0m [1;30mLevel 1[0m _identify(isaaclab_tasks/isaaclab_tasks/manager_based/project/config/franka/agents/__pycache__) by extensions ['colcon_pkg']
[0.293s] [34mcolcon.colcon_core.package_identification[0m [1;30mLevel 1[0m _identify(isaaclab_tasks/isaaclab_tasks/manager_based/project/config/franka/agents/__pycache__) by extension 'colcon_pkg'
[0.293s] [34mcolcon.colcon_core.package_identification[0m [1;30mLevel 1[0m _identify(isaaclab_tasks/isaaclab_tasks/manager_based/project/config/franka/agents/__pycache__) by extensions ['colcon_meta']
[0.293s] [34mcolcon.colcon_core.package_identification[0m [1;30mLevel 1[0m _identify(isaaclab_tasks/isaaclab_tasks/manager_based/project/config/franka/agents/__pycache__) by extension 'colcon_meta'
[0.293s] [34mcolcon.colcon_core.package_identification[0m [1;30mLevel 1[0m _identify(isaaclab_tasks/isaaclab_tasks/manager_based/project/config/franka/agents/__pycache__) by extensions ['ros']
[0.293s] [34mcolcon.colcon_core.package_identification[0m [1;30mLevel 1[0m _identify(isaaclab_tasks/isaaclab_tasks/manager_based/project/config/franka/agents/__pycache__) by extension 'ros'
[0.293s] [34mcolcon.colcon_core.package_identification[0m [1;30mLevel 1[0m _identify(isaaclab_tasks/isaaclab_tasks/manager_based/project/config/franka/agents/__pycache__) by extensions ['cmake', 'python']
[0.293s] [34mcolcon.colcon_core.package_identification[0m [1;30mLevel 1[0m _identify(isaaclab_tasks/isaaclab_tasks/manager_based/project/config/franka/agents/__pycache__) by extension 'cmake'
[0.293s] [34mcolcon.colcon_core.package_identification[0m [1;30mLevel 1[0m _identify(isaaclab_tasks/isaaclab_tasks/manager_based/project/config/franka/agents/__pycache__) by extension 'python'
[0.293s] [34mcolcon.colcon_core.package_identification[0m [1;30mLevel 1[0m _identify(isaaclab_tasks/isaaclab_tasks/manager_based/project/config/franka/agents/__pycache__) by extensions ['python_setup_py']
[0.293s] [34mcolcon.colcon_core.package_identification[0m [1;30mLevel 1[0m _identify(isaaclab_tasks/isaaclab_tasks/manager_based/project/config/franka/agents/__pycache__) by extension 'python_setup_py'
[0.293s] [34mcolcon.colcon_core.package_identification[0m [1;30mLevel 1[0m _identify(isaaclab_tasks/isaaclab_tasks/manager_based/project/config/franka/agents/robomimic) by extensions ['ignore', 'ignore_ament_install']
[0.293s] [34mcolcon.colcon_core.package_identification[0m [1;30mLevel 1[0m _identify(isaaclab_tasks/isaaclab_tasks/manager_based/project/config/franka/agents/robomimic) by extension 'ignore'
[0.293s] [34mcolcon.colcon_core.package_identification[0m [1;30mLevel 1[0m _identify(isaaclab_tasks/isaaclab_tasks/manager_based/project/config/franka/agents/robomimic) by extension 'ignore_ament_install'
[0.293s] [34mcolcon.colcon_core.package_identification[0m [1;30mLevel 1[0m _identify(isaaclab_tasks/isaaclab_tasks/manager_based/project/config/franka/agents/robomimic) by extensions ['colcon_pkg']
[0.293s] [34mcolcon.colcon_core.package_identification[0m [1;30mLevel 1[0m _identify(isaaclab_tasks/isaaclab_tasks/manager_based/project/config/franka/agents/robomimic) by extension 'colcon_pkg'
[0.293s] [34mcolcon.colcon_core.package_identification[0m [1;30mLevel 1[0m _identify(isaaclab_tasks/isaaclab_tasks/manager_based/project/config/franka/agents/robomimic) by extensions ['colcon_meta']
[0.293s] [34mcolcon.colcon_core.package_identification[0m [1;30mLevel 1[0m _identify(isaaclab_tasks/isaaclab_tasks/manager_based/project/config/franka/agents/robomimic) by extension 'colcon_meta'
[0.293s] [34mcolcon.colcon_core.package_identification[0m [1;30mLevel 1[0m _identify(isaaclab_tasks/isaaclab_tasks/manager_based/project/config/franka/agents/robomimic) by extensions ['ros']
[0.293s] [34mcolcon.colcon_core.package_identification[0m [1;30mLevel 1[0m _identify(isaaclab_tasks/isaaclab_tasks/manager_based/project/config/franka/agents/robomimic) by extension 'ros'
[0.293s] [34mcolcon.colcon_core.package_identification[0m [1;30mLevel 1[0m _identify(isaaclab_tasks/isaaclab_tasks/manager_based/project/config/franka/agents/robomimic) by extensions ['cmake', 'python']
[0.293s] [34mcolcon.colcon_core.package_identification[0m [1;30mLevel 1[0m _identify(isaaclab_tasks/isaaclab_tasks/manager_based/project/config/franka/agents/robomimic) by extension 'cmake'
[0.293s] [34mcolcon.colcon_core.package_identification[0m [1;30mLevel 1[0m _identify(isaaclab_tasks/isaaclab_tasks/manager_based/project/config/franka/agents/robomimic) by extension 'python'
[0.293s] [34mcolcon.colcon_core.package_identification[0m [1;30mLevel 1[0m _identify(isaaclab_tasks/isaaclab_tasks/manager_based/project/config/franka/agents/robomimic) by extensions ['python_setup_py']
[0.293s] [34mcolcon.colcon_core.package_identification[0m [1;30mLevel 1[0m _identify(isaaclab_tasks/isaaclab_tasks/manager_based/project/config/franka/agents/robomimic) by extension 'python_setup_py'
[0.293s] [34mcolcon.colcon_core.package_identification[0m [1;30mLevel 1[0m _identify(isaaclab_tasks/isaaclab_tasks/manager_based/project/mdp) by extensions ['ignore', 'ignore_ament_install']
[0.293s] [34mcolcon.colcon_core.package_identification[0m [1;30mLevel 1[0m _identify(isaaclab_tasks/isaaclab_tasks/manager_based/project/mdp) by extension 'ignore'
[0.293s] [34mcolcon.colcon_core.package_identification[0m [1;30mLevel 1[0m _identify(isaaclab_tasks/isaaclab_tasks/manager_based/project/mdp) by extension 'ignore_ament_install'
[0.293s] [34mcolcon.colcon_core.package_identification[0m [1;30mLevel 1[0m _identify(isaaclab_tasks/isaaclab_tasks/manager_based/project/mdp) by extensions ['colcon_pkg']
[0.293s] [34mcolcon.colcon_core.package_identification[0m [1;30mLevel 1[0m _identify(isaaclab_tasks/isaaclab_tasks/manager_based/project/mdp) by extension 'colcon_pkg'
[0.293s] [34mcolcon.colcon_core.package_identification[0m [1;30mLevel 1[0m _identify(isaaclab_tasks/isaaclab_tasks/manager_based/project/mdp) by extensions ['colcon_meta']
[0.293s] [34mcolcon.colcon_core.package_identification[0m [1;30mLevel 1[0m _identify(isaaclab_tasks/isaaclab_tasks/manager_based/project/mdp) by extension 'colcon_meta'
[0.293s] [34mcolcon.colcon_core.package_identification[0m [1;30mLevel 1[0m _identify(isaaclab_tasks/isaaclab_tasks/manager_based/project/mdp) by extensions ['ros']
[0.293s] [34mcolcon.colcon_core.package_identification[0m [1;30mLevel 1[0m _identify(isaaclab_tasks/isaaclab_tasks/manager_based/project/mdp) by extension 'ros'
[0.293s] [34mcolcon.colcon_core.package_identification[0m [1;30mLevel 1[0m _identify(isaaclab_tasks/isaaclab_tasks/manager_based/project/mdp) by extensions ['cmake', 'python']
[0.293s] [34mcolcon.colcon_core.package_identification[0m [1;30mLevel 1[0m _identify(isaaclab_tasks/isaaclab_tasks/manager_based/project/mdp) by extension 'cmake'
[0.293s] [34mcolcon.colcon_core.package_identification[0m [1;30mLevel 1[0m _identify(isaaclab_tasks/isaaclab_tasks/manager_based/project/mdp) by extension 'python'
[0.293s] [34mcolcon.colcon_core.package_identification[0m [1;30mLevel 1[0m _identify(isaaclab_tasks/isaaclab_tasks/manager_based/project/mdp) by extensions ['python_setup_py']
[0.293s] [34mcolcon.colcon_core.package_identification[0m [1;30mLevel 1[0m _identify(isaaclab_tasks/isaaclab_tasks/manager_based/project/mdp) by extension 'python_setup_py'
[0.293s] [34mcolcon.colcon_core.package_identification[0m [1;30mLevel 1[0m _identify(isaaclab_tasks/isaaclab_tasks/manager_based/project/mdp/__pycache__) by extensions ['ignore', 'ignore_ament_install']
[0.293s] [34mcolcon.colcon_core.package_identification[0m [1;30mLevel 1[0m _identify(isaaclab_tasks/isaaclab_tasks/manager_based/project/mdp/__pycache__) by extension 'ignore'
[0.293s] [34mcolcon.colcon_core.package_identification[0m [1;30mLevel 1[0m _identify(isaaclab_tasks/isaaclab_tasks/manager_based/project/mdp/__pycache__) by extension 'ignore_ament_install'
[0.294s] [34mcolcon.colcon_core.package_identification[0m [1;30mLevel 1[0m _identify(isaaclab_tasks/isaaclab_tasks/manager_based/project/mdp/__pycache__) by extensions ['colcon_pkg']
[0.294s] [34mcolcon.colcon_core.package_identification[0m [1;30mLevel 1[0m _identify(isaaclab_tasks/isaaclab_tasks/manager_based/project/mdp/__pycache__) by extension 'colcon_pkg'
[0.294s] [34mcolcon.colcon_core.package_identification[0m [1;30mLevel 1[0m _identify(isaaclab_tasks/isaaclab_tasks/manager_based/project/mdp/__pycache__) by extensions ['colcon_meta']
[0.294s] [34mcolcon.colcon_core.package_identification[0m [1;30mLevel 1[0m _identify(isaaclab_tasks/isaaclab_tasks/manager_based/project/mdp/__pycache__) by extension 'colcon_meta'
[0.294s] [34mcolcon.colcon_core.package_identification[0m [1;30mLevel 1[0m _identify(isaaclab_tasks/isaaclab_tasks/manager_based/project/mdp/__pycache__) by extensions ['ros']
[0.294s] [34mcolcon.colcon_core.package_identification[0m [1;30mLevel 1[0m _identify(isaaclab_tasks/isaaclab_tasks/manager_based/project/mdp/__pycache__) by extension 'ros'
[0.294s] [34mcolcon.colcon_core.package_identification[0m [1;30mLevel 1[0m _identify(isaaclab_tasks/isaaclab_tasks/manager_based/project/mdp/__pycache__) by extensions ['cmake', 'python']
[0.294s] [34mcolcon.colcon_core.package_identification[0m [1;30mLevel 1[0m _identify(isaaclab_tasks/isaaclab_tasks/manager_based/project/mdp/__pycache__) by extension 'cmake'
[0.294s] [34mcolcon.colcon_core.package_identification[0m [1;30mLevel 1[0m _identify(isaaclab_tasks/isaaclab_tasks/manager_based/project/mdp/__pycache__) by extension 'python'
[0.294s] [34mcolcon.colcon_core.package_identification[0m [1;30mLevel 1[0m _identify(isaaclab_tasks/isaaclab_tasks/manager_based/project/mdp/__pycache__) by extensions ['python_setup_py']
[0.294s] [34mcolcon.colcon_core.package_identification[0m [1;30mLevel 1[0m _identify(isaaclab_tasks/isaaclab_tasks/manager_based/project/mdp/__pycache__) by extension 'python_setup_py'
[0.294s] [34mcolcon.colcon_core.package_identification[0m [1;30mLevel 1[0m _identify(isaaclab_tasks/isaaclab_tasks/utils) by extensions ['ignore', 'ignore_ament_install']
[0.294s] [34mcolcon.colcon_core.package_identification[0m [1;30mLevel 1[0m _identify(isaaclab_tasks/isaaclab_tasks/utils) by extension 'ignore'
[0.294s] [34mcolcon.colcon_core.package_identification[0m [1;30mLevel 1[0m _identify(isaaclab_tasks/isaaclab_tasks/utils) by extension 'ignore_ament_install'
[0.294s] [34mcolcon.colcon_core.package_identification[0m [1;30mLevel 1[0m _identify(isaaclab_tasks/isaaclab_tasks/utils) by extensions ['colcon_pkg']
[0.294s] [34mcolcon.colcon_core.package_identification[0m [1;30mLevel 1[0m _identify(isaaclab_tasks/isaaclab_tasks/utils) by extension 'colcon_pkg'
[0.294s] [34mcolcon.colcon_core.package_identification[0m [1;30mLevel 1[0m _identify(isaaclab_tasks/isaaclab_tasks/utils) by extensions ['colcon_meta']
[0.294s] [34mcolcon.colcon_core.package_identification[0m [1;30mLevel 1[0m _identify(isaaclab_tasks/isaaclab_tasks/utils) by extension 'colcon_meta'
[0.294s] [34mcolcon.colcon_core.package_identification[0m [1;30mLevel 1[0m _identify(isaaclab_tasks/isaaclab_tasks/utils) by extensions ['ros']
[0.294s] [34mcolcon.colcon_core.package_identification[0m [1;30mLevel 1[0m _identify(isaaclab_tasks/isaaclab_tasks/utils) by extension 'ros'
[0.294s] [34mcolcon.colcon_core.package_identification[0m [1;30mLevel 1[0m _identify(isaaclab_tasks/isaaclab_tasks/utils) by extensions ['cmake', 'python']
[0.294s] [34mcolcon.colcon_core.package_identification[0m [1;30mLevel 1[0m _identify(isaaclab_tasks/isaaclab_tasks/utils) by extension 'cmake'
[0.294s] [34mcolcon.colcon_core.package_identification[0m [1;30mLevel 1[0m _identify(isaaclab_tasks/isaaclab_tasks/utils) by extension 'python'
[0.294s] [34mcolcon.colcon_core.package_identification[0m [1;30mLevel 1[0m _identify(isaaclab_tasks/isaaclab_tasks/utils) by extensions ['python_setup_py']
[0.294s] [34mcolcon.colcon_core.package_identification[0m [1;30mLevel 1[0m _identify(isaaclab_tasks/isaaclab_tasks/utils) by extension 'python_setup_py'
[0.294s] [34mcolcon.colcon_core.package_identification[0m [1;30mLevel 1[0m _identify(isaaclab_tasks/isaaclab_tasks/utils/__pycache__) by extensions ['ignore', 'ignore_ament_install']
[0.294s] [34mcolcon.colcon_core.package_identification[0m [1;30mLevel 1[0m _identify(isaaclab_tasks/isaaclab_tasks/utils/__pycache__) by extension 'ignore'
[0.294s] [34mcolcon.colcon_core.package_identification[0m [1;30mLevel 1[0m _identify(isaaclab_tasks/isaaclab_tasks/utils/__pycache__) by extension 'ignore_ament_install'
[0.294s] [34mcolcon.colcon_core.package_identification[0m [1;30mLevel 1[0m _identify(isaaclab_tasks/isaaclab_tasks/utils/__pycache__) by extensions ['colcon_pkg']
[0.294s] [34mcolcon.colcon_core.package_identification[0m [1;30mLevel 1[0m _identify(isaaclab_tasks/isaaclab_tasks/utils/__pycache__) by extension 'colcon_pkg'
[0.294s] [34mcolcon.colcon_core.package_identification[0m [1;30mLevel 1[0m _identify(isaaclab_tasks/isaaclab_tasks/utils/__pycache__) by extensions ['colcon_meta']
[0.294s] [34mcolcon.colcon_core.package_identification[0m [1;30mLevel 1[0m _identify(isaaclab_tasks/isaaclab_tasks/utils/__pycache__) by extension 'colcon_meta'
[0.294s] [34mcolcon.colcon_core.package_identification[0m [1;30mLevel 1[0m _identify(isaaclab_tasks/isaaclab_tasks/utils/__pycache__) by extensions ['ros']
[0.294s] [34mcolcon.colcon_core.package_identification[0m [1;30mLevel 1[0m _identify(isaaclab_tasks/isaaclab_tasks/utils/__pycache__) by extension 'ros'
[0.294s] [34mcolcon.colcon_core.package_identification[0m [1;30mLevel 1[0m _identify(isaaclab_tasks/isaaclab_tasks/utils/__pycache__) by extensions ['cmake', 'python']
[0.294s] [34mcolcon.colcon_core.package_identification[0m [1;30mLevel 1[0m _identify(isaaclab_tasks/isaaclab_tasks/utils/__pycache__) by extension 'cmake'
[0.294s] [34mcolcon.colcon_core.package_identification[0m [1;30mLevel 1[0m _identify(isaaclab_tasks/isaaclab_tasks/utils/__pycache__) by extension 'python'
[0.294s] [34mcolcon.colcon_core.package_identification[0m [1;30mLevel 1[0m _identify(isaaclab_tasks/isaaclab_tasks/utils/__pycache__) by extensions ['python_setup_py']
[0.294s] [34mcolcon.colcon_core.package_identification[0m [1;30mLevel 1[0m _identify(isaaclab_tasks/isaaclab_tasks/utils/__pycache__) by extension 'python_setup_py'
[0.294s] [34mcolcon.colcon_core.package_identification[0m [1;30mLevel 1[0m _identify(isaaclab_tasks/isaaclab_tasks.egg-info) by extensions ['ignore', 'ignore_ament_install']
[0.294s] [34mcolcon.colcon_core.package_identification[0m [1;30mLevel 1[0m _identify(isaaclab_tasks/isaaclab_tasks.egg-info) by extension 'ignore'
[0.294s] [34mcolcon.colcon_core.package_identification[0m [1;30mLevel 1[0m _identify(isaaclab_tasks/isaaclab_tasks.egg-info) by extension 'ignore_ament_install'
[0.294s] [34mcolcon.colcon_core.package_identification[0m [1;30mLevel 1[0m _identify(isaaclab_tasks/isaaclab_tasks.egg-info) by extensions ['colcon_pkg']
[0.294s] [34mcolcon.colcon_core.package_identification[0m [1;30mLevel 1[0m _identify(isaaclab_tasks/isaaclab_tasks.egg-info) by extension 'colcon_pkg'
[0.294s] [34mcolcon.colcon_core.package_identification[0m [1;30mLevel 1[0m _identify(isaaclab_tasks/isaaclab_tasks.egg-info) by extensions ['colcon_meta']
[0.294s] [34mcolcon.colcon_core.package_identification[0m [1;30mLevel 1[0m _identify(isaaclab_tasks/isaaclab_tasks.egg-info) by extension 'colcon_meta'
[0.294s] [34mcolcon.colcon_core.package_identification[0m [1;30mLevel 1[0m _identify(isaaclab_tasks/isaaclab_tasks.egg-info) by extensions ['ros']
[0.294s] [34mcolcon.colcon_core.package_identification[0m [1;30mLevel 1[0m _identify(isaaclab_tasks/isaaclab_tasks.egg-info) by extension 'ros'
[0.294s] [34mcolcon.colcon_core.package_identification[0m [1;30mLevel 1[0m _identify(isaaclab_tasks/isaaclab_tasks.egg-info) by extensions ['cmake', 'python']
[0.294s] [34mcolcon.colcon_core.package_identification[0m [1;30mLevel 1[0m _identify(isaaclab_tasks/isaaclab_tasks.egg-info) by extension 'cmake'
[0.294s] [34mcolcon.colcon_core.package_identification[0m [1;30mLevel 1[0m _identify(isaaclab_tasks/isaaclab_tasks.egg-info) by extension 'python'
[0.294s] [34mcolcon.colcon_core.package_identification[0m [1;30mLevel 1[0m _identify(isaaclab_tasks/isaaclab_tasks.egg-info) by extensions ['python_setup_py']
[0.294s] [34mcolcon.colcon_core.package_identification[0m [1;30mLevel 1[0m _identify(isaaclab_tasks/isaaclab_tasks.egg-info) by extension 'python_setup_py'
[0.294s] [34mcolcon.colcon_core.package_identification[0m [1;30mLevel 1[0m _identify(isaaclab_tasks/log) by extensions ['ignore', 'ignore_ament_install']
[0.294s] [34mcolcon.colcon_core.package_identification[0m [1;30mLevel 1[0m _identify(isaaclab_tasks/log) by extension 'ignore'
[0.294s] [34mcolcon.colcon_core.package_identification[0m [1;30mLevel 1[0m _identify(isaaclab_tasks/log) ignored
[0.295s] [34mcolcon.colcon_core.package_identification[0m [1;30mLevel 1[0m _identify(isaaclab_tasks/test) by extensions ['ignore', 'ignore_ament_install']
[0.295s] [34mcolcon.colcon_core.package_identification[0m [1;30mLevel 1[0m _identify(isaaclab_tasks/test) by extension 'ignore'
[0.295s] [34mcolcon.colcon_core.package_identification[0m [1;30mLevel 1[0m _identify(isaaclab_tasks/test) by extension 'ignore_ament_install'
[0.295s] [34mcolcon.colcon_core.package_identification[0m [1;30mLevel 1[0m _identify(isaaclab_tasks/test) by extensions ['colcon_pkg']
[0.295s] [34mcolcon.colcon_core.package_identification[0m [1;30mLevel 1[0m _identify(isaaclab_tasks/test) by extension 'colcon_pkg'
[0.295s] [34mcolcon.colcon_core.package_identification[0m [1;30mLevel 1[0m _identify(isaaclab_tasks/test) by extensions ['colcon_meta']
[0.295s] [34mcolcon.colcon_core.package_identification[0m [1;30mLevel 1[0m _identify(isaaclab_tasks/test) by extension 'colcon_meta'
[0.295s] [34mcolcon.colcon_core.package_identification[0m [1;30mLevel 1[0m _identify(isaaclab_tasks/test) by extensions ['ros']
[0.295s] [34mcolcon.colcon_core.package_identification[0m [1;30mLevel 1[0m _identify(isaaclab_tasks/test) by extension 'ros'
[0.295s] [34mcolcon.colcon_core.package_identification[0m [1;30mLevel 1[0m _identify(isaaclab_tasks/test) by extensions ['cmake', 'python']
[0.295s] [34mcolcon.colcon_core.package_identification[0m [1;30mLevel 1[0m _identify(isaaclab_tasks/test) by extension 'cmake'
[0.295s] [34mcolcon.colcon_core.package_identification[0m [1;30mLevel 1[0m _identify(isaaclab_tasks/test) by extension 'python'
[0.295s] [34mcolcon.colcon_core.package_identification[0m [1;30mLevel 1[0m _identify(isaaclab_tasks/test) by extensions ['python_setup_py']
[0.295s] [34mcolcon.colcon_core.package_identification[0m [1;30mLevel 1[0m _identify(isaaclab_tasks/test) by extension 'python_setup_py'
[0.295s] [34mcolcon.colcon_core.package_identification[0m [1;30mLevel 1[0m _identify(isaaclab_tasks/test/benchmarking) by extensions ['ignore', 'ignore_ament_install']
[0.295s] [34mcolcon.colcon_core.package_identification[0m [1;30mLevel 1[0m _identify(isaaclab_tasks/test/benchmarking) by extension 'ignore'
[0.295s] [34mcolcon.colcon_core.package_identification[0m [1;30mLevel 1[0m _identify(isaaclab_tasks/test/benchmarking) by extension 'ignore_ament_install'
[0.295s] [34mcolcon.colcon_core.package_identification[0m [1;30mLevel 1[0m _identify(isaaclab_tasks/test/benchmarking) by extensions ['colcon_pkg']
[0.295s] [34mcolcon.colcon_core.package_identification[0m [1;30mLevel 1[0m _identify(isaaclab_tasks/test/benchmarking) by extension 'colcon_pkg'
[0.295s] [34mcolcon.colcon_core.package_identification[0m [1;30mLevel 1[0m _identify(isaaclab_tasks/test/benchmarking) by extensions ['colcon_meta']
[0.295s] [34mcolcon.colcon_core.package_identification[0m [1;30mLevel 1[0m _identify(isaaclab_tasks/test/benchmarking) by extension 'colcon_meta'
[0.295s] [34mcolcon.colcon_core.package_identification[0m [1;30mLevel 1[0m _identify(isaaclab_tasks/test/benchmarking) by extensions ['ros']
[0.295s] [34mcolcon.colcon_core.package_identification[0m [1;30mLevel 1[0m _identify(isaaclab_tasks/test/benchmarking) by extension 'ros'
[0.295s] [34mcolcon.colcon_core.package_identification[0m [1;30mLevel 1[0m _identify(isaaclab_tasks/test/benchmarking) by extensions ['cmake', 'python']
[0.295s] [34mcolcon.colcon_core.package_identification[0m [1;30mLevel 1[0m _identify(isaaclab_tasks/test/benchmarking) by extension 'cmake'
[0.295s] [34mcolcon.colcon_core.package_identification[0m [1;30mLevel 1[0m _identify(isaaclab_tasks/test/benchmarking) by extension 'python'
[0.295s] [34mcolcon.colcon_core.package_identification[0m [1;30mLevel 1[0m _identify(isaaclab_tasks/test/benchmarking) by extensions ['python_setup_py']
[0.295s] [34mcolcon.colcon_core.package_identification[0m [1;30mLevel 1[0m _identify(isaaclab_tasks/test/benchmarking) by extension 'python_setup_py'
[0.295s] [34mcolcon.colcon_core.package_identification[0m [1;30mLevel 1[0m _identify(log) by extensions ['ignore', 'ignore_ament_install']
[0.295s] [34mcolcon.colcon_core.package_identification[0m [1;30mLevel 1[0m _identify(log) by extension 'ignore'
[0.295s] [34mcolcon.colcon_core.package_identification[0m [1;30mLevel 1[0m _identify(log) ignored
[0.295s] [34mcolcon.colcon_core.package_identification[0m [1;30mLevel 1[0m _identify(src) by extensions ['ignore', 'ignore_ament_install']
[0.295s] [34mcolcon.colcon_core.package_identification[0m [1;30mLevel 1[0m _identify(src) by extension 'ignore'
[0.295s] [34mcolcon.colcon_core.package_identification[0m [1;30mLevel 1[0m _identify(src) by extension 'ignore_ament_install'
[0.295s] [34mcolcon.colcon_core.package_identification[0m [1;30mLevel 1[0m _identify(src) by extensions ['colcon_pkg']
[0.295s] [34mcolcon.colcon_core.package_identification[0m [1;30mLevel 1[0m _identify(src) by extension 'colcon_pkg'
[0.295s] [34mcolcon.colcon_core.package_identification[0m [1;30mLevel 1[0m _identify(src) by extensions ['colcon_meta']
[0.295s] [34mcolcon.colcon_core.package_identification[0m [1;30mLevel 1[0m _identify(src) by extension 'colcon_meta'
[0.295s] [34mcolcon.colcon_core.package_identification[0m [1;30mLevel 1[0m _identify(src) by extensions ['ros']
[0.295s] [34mcolcon.colcon_core.package_identification[0m [1;30mLevel 1[0m _identify(src) by extension 'ros'
[0.295s] [34mcolcon.colcon_core.package_identification[0m [1;30mLevel 1[0m _identify(src) by extensions ['cmake', 'python']
[0.295s] [34mcolcon.colcon_core.package_identification[0m [1;30mLevel 1[0m _identify(src) by extension 'cmake'
[0.295s] [34mcolcon.colcon_core.package_identification[0m [1;30mLevel 1[0m _identify(src) by extension 'python'
[0.295s] [34mcolcon.colcon_core.package_identification[0m [1;30mLevel 1[0m _identify(src) by extensions ['python_setup_py']
[0.295s] [34mcolcon.colcon_core.package_identification[0m [1;30mLevel 1[0m _identify(src) by extension 'python_setup_py'
[0.295s] [34mcolcon.colcon_core.package_identification[0m [1;30mLevel 1[0m _identify(src/bussing_gui) by extensions ['ignore', 'ignore_ament_install']
[0.295s] [34mcolcon.colcon_core.package_identification[0m [1;30mLevel 1[0m _identify(src/bussing_gui) by extension 'ignore'
[0.295s] [34mcolcon.colcon_core.package_identification[0m [1;30mLevel 1[0m _identify(src/bussing_gui) by extension 'ignore_ament_install'
[0.295s] [34mcolcon.colcon_core.package_identification[0m [1;30mLevel 1[0m _identify(src/bussing_gui) by extensions ['colcon_pkg']
[0.295s] [34mcolcon.colcon_core.package_identification[0m [1;30mLevel 1[0m _identify(src/bussing_gui) by extension 'colcon_pkg'
[0.295s] [34mcolcon.colcon_core.package_identification[0m [1;30mLevel 1[0m _identify(src/bussing_gui) by extensions ['colcon_meta']
[0.295s] [34mcolcon.colcon_core.package_identification[0m [1;30mLevel 1[0m _identify(src/bussing_gui) by extension 'colcon_meta'
[0.295s] [34mcolcon.colcon_core.package_identification[0m [1;30mLevel 1[0m _identify(src/bussing_gui) by extensions ['ros']
[0.295s] [34mcolcon.colcon_core.package_identification[0m [1;30mLevel 1[0m _identify(src/bussing_gui) by extension 'ros'
[0.295s] [34mcolcon.colcon_core.package_identification[0m [1;30mLevel 1[0m _identify(src/bussing_gui) by extensions ['cmake', 'python']
[0.295s] [34mcolcon.colcon_core.package_identification[0m [1;30mLevel 1[0m _identify(src/bussing_gui) by extension 'cmake'
[0.296s] [34mcolcon.colcon_core.package_identification[0m [1;30mLevel 1[0m _identify(src/bussing_gui) by extension 'python'
[0.296s] [34mcolcon.colcon_core.package_identification[0m [1;30mLevel 1[0m _identify(src/bussing_gui) by extensions ['python_setup_py']
[0.296s] [34mcolcon.colcon_core.package_identification[0m [1;30mLevel 1[0m _identify(src/bussing_gui) by extension 'python_setup_py'
[0.296s] [34mcolcon.colcon_core.package_identification[0m [1;30mLevel 1[0m _identify(src/bussing_gui/robot-topview) by extensions ['ignore', 'ignore_ament_install']
[0.296s] [34mcolcon.colcon_core.package_identification[0m [1;30mLevel 1[0m _identify(src/bussing_gui/robot-topview) by extension 'ignore'
[0.296s] [34mcolcon.colcon_core.package_identification[0m [1;30mLevel 1[0m _identify(src/bussing_gui/robot-topview) by extension 'ignore_ament_install'
[0.296s] [34mcolcon.colcon_core.package_identification[0m [1;30mLevel 1[0m _identify(src/bussing_gui/robot-topview) by extensions ['colcon_pkg']
[0.296s] [34mcolcon.colcon_core.package_identification[0m [1;30mLevel 1[0m _identify(src/bussing_gui/robot-topview) by extension 'colcon_pkg'
[0.296s] [34mcolcon.colcon_core.package_identification[0m [1;30mLevel 1[0m _identify(src/bussing_gui/robot-topview) by extensions ['colcon_meta']
[0.296s] [34mcolcon.colcon_core.package_identification[0m [1;30mLevel 1[0m _identify(src/bussing_gui/robot-topview) by extension 'colcon_meta'
[0.296s] [34mcolcon.colcon_core.package_identification[0m [1;30mLevel 1[0m _identify(src/bussing_gui/robot-topview) by extensions ['ros']
[0.296s] [34mcolcon.colcon_core.package_identification[0m [1;30mLevel 1[0m _identify(src/bussing_gui/robot-topview) by extension 'ros'
[0.296s] [34mcolcon.colcon_core.package_identification[0m [1;30mLevel 1[0m _identify(src/bussing_gui/robot-topview) by extensions ['cmake', 'python']
[0.296s] [34mcolcon.colcon_core.package_identification[0m [1;30mLevel 1[0m _identify(src/bussing_gui/robot-topview) by extension 'cmake'
[0.296s] [34mcolcon.colcon_core.package_identification[0m [1;30mLevel 1[0m _identify(src/bussing_gui/robot-topview) by extension 'python'
[0.296s] [34mcolcon.colcon_core.package_identification[0m [1;30mLevel 1[0m _identify(src/bussing_gui/robot-topview) by extensions ['python_setup_py']
[0.296s] [34mcolcon.colcon_core.package_identification[0m [1;30mLevel 1[0m _identify(src/bussing_gui/robot-topview) by extension 'python_setup_py'
[0.296s] [34mcolcon.colcon_core.package_identification[0m [1;30mLevel 1[0m _identify(src/bussing_gui/robot-topview/public) by extensions ['ignore', 'ignore_ament_install']
[0.296s] [34mcolcon.colcon_core.package_identification[0m [1;30mLevel 1[0m _identify(src/bussing_gui/robot-topview/public) by extension 'ignore'
[0.296s] [34mcolcon.colcon_core.package_identification[0m [1;30mLevel 1[0m _identify(src/bussing_gui/robot-topview/public) by extension 'ignore_ament_install'
[0.296s] [34mcolcon.colcon_core.package_identification[0m [1;30mLevel 1[0m _identify(src/bussing_gui/robot-topview/public) by extensions ['colcon_pkg']
[0.296s] [34mcolcon.colcon_core.package_identification[0m [1;30mLevel 1[0m _identify(src/bussing_gui/robot-topview/public) by extension 'colcon_pkg'
[0.296s] [34mcolcon.colcon_core.package_identification[0m [1;30mLevel 1[0m _identify(src/bussing_gui/robot-topview/public) by extensions ['colcon_meta']
[0.296s] [34mcolcon.colcon_core.package_identification[0m [1;30mLevel 1[0m _identify(src/bussing_gui/robot-topview/public) by extension 'colcon_meta'
[0.296s] [34mcolcon.colcon_core.package_identification[0m [1;30mLevel 1[0m _identify(src/bussing_gui/robot-topview/public) by extensions ['ros']
[0.296s] [34mcolcon.colcon_core.package_identification[0m [1;30mLevel 1[0m _identify(src/bussing_gui/robot-topview/public) by extension 'ros'
[0.296s] [34mcolcon.colcon_core.package_identification[0m [1;30mLevel 1[0m _identify(src/bussing_gui/robot-topview/public) by extensions ['cmake', 'python']
[0.296s] [34mcolcon.colcon_core.package_identification[0m [1;30mLevel 1[0m _identify(src/bussing_gui/robot-topview/public) by extension 'cmake'
[0.296s] [34mcolcon.colcon_core.package_identification[0m [1;30mLevel 1[0m _identify(src/bussing_gui/robot-topview/public) by extension 'python'
[0.296s] [34mcolcon.colcon_core.package_identification[0m [1;30mLevel 1[0m _identify(src/bussing_gui/robot-topview/public) by extensions ['python_setup_py']
[0.296s] [34mcolcon.colcon_core.package_identification[0m [1;30mLevel 1[0m _identify(src/bussing_gui/robot-topview/public) by extension 'python_setup_py'
[0.296s] [34mcolcon.colcon_core.package_identification[0m [1;30mLevel 1[0m _identify(src/bussing_gui/robot-topview/src) by extensions ['ignore', 'ignore_ament_install']
[0.296s] [34mcolcon.colcon_core.package_identification[0m [1;30mLevel 1[0m _identify(src/bussing_gui/robot-topview/src) by extension 'ignore'
[0.296s] [34mcolcon.colcon_core.package_identification[0m [1;30mLevel 1[0m _identify(src/bussing_gui/robot-topview/src) by extension 'ignore_ament_install'
[0.296s] [34mcolcon.colcon_core.package_identification[0m [1;30mLevel 1[0m _identify(src/bussing_gui/robot-topview/src) by extensions ['colcon_pkg']
[0.296s] [34mcolcon.colcon_core.package_identification[0m [1;30mLevel 1[0m _identify(src/bussing_gui/robot-topview/src) by extension 'colcon_pkg'
[0.296s] [34mcolcon.colcon_core.package_identification[0m [1;30mLevel 1[0m _identify(src/bussing_gui/robot-topview/src) by extensions ['colcon_meta']
[0.296s] [34mcolcon.colcon_core.package_identification[0m [1;30mLevel 1[0m _identify(src/bussing_gui/robot-topview/src) by extension 'colcon_meta'
[0.296s] [34mcolcon.colcon_core.package_identification[0m [1;30mLevel 1[0m _identify(src/bussing_gui/robot-topview/src) by extensions ['ros']
[0.296s] [34mcolcon.colcon_core.package_identification[0m [1;30mLevel 1[0m _identify(src/bussing_gui/robot-topview/src) by extension 'ros'
[0.296s] [34mcolcon.colcon_core.package_identification[0m [1;30mLevel 1[0m _identify(src/bussing_gui/robot-topview/src) by extensions ['cmake', 'python']
[0.296s] [34mcolcon.colcon_core.package_identification[0m [1;30mLevel 1[0m _identify(src/bussing_gui/robot-topview/src) by extension 'cmake'
[0.296s] [34mcolcon.colcon_core.package_identification[0m [1;30mLevel 1[0m _identify(src/bussing_gui/robot-topview/src) by extension 'python'
[0.296s] [34mcolcon.colcon_core.package_identification[0m [1;30mLevel 1[0m _identify(src/bussing_gui/robot-topview/src) by extensions ['python_setup_py']
[0.296s] [34mcolcon.colcon_core.package_identification[0m [1;30mLevel 1[0m _identify(src/bussing_gui/robot-topview/src) by extension 'python_setup_py'
[0.296s] [34mcolcon.colcon_core.package_identification[0m [1;30mLevel 1[0m _identify(src/bussing_gui/robot-topview/src/assets) by extensions ['ignore', 'ignore_ament_install']
[0.296s] [34mcolcon.colcon_core.package_identification[0m [1;30mLevel 1[0m _identify(src/bussing_gui/robot-topview/src/assets) by extension 'ignore'
[0.296s] [34mcolcon.colcon_core.package_identification[0m [1;30mLevel 1[0m _identify(src/bussing_gui/robot-topview/src/assets) by extension 'ignore_ament_install'
[0.296s] [34mcolcon.colcon_core.package_identification[0m [1;30mLevel 1[0m _identify(src/bussing_gui/robot-topview/src/assets) by extensions ['colcon_pkg']
[0.296s] [34mcolcon.colcon_core.package_identification[0m [1;30mLevel 1[0m _identify(src/bussing_gui/robot-topview/src/assets) by extension 'colcon_pkg'
[0.296s] [34mcolcon.colcon_core.package_identification[0m [1;30mLevel 1[0m _identify(src/bussing_gui/robot-topview/src/assets) by extensions ['colcon_meta']
[0.296s] [34mcolcon.colcon_core.package_identification[0m [1;30mLevel 1[0m _identify(src/bussing_gui/robot-topview/src/assets) by extension 'colcon_meta'
[0.296s] [34mcolcon.colcon_core.package_identification[0m [1;30mLevel 1[0m _identify(src/bussing_gui/robot-topview/src/assets) by extensions ['ros']
[0.296s] [34mcolcon.colcon_core.package_identification[0m [1;30mLevel 1[0m _identify(src/bussing_gui/robot-topview/src/assets) by extension 'ros'
[0.296s] [34mcolcon.colcon_core.package_identification[0m [1;30mLevel 1[0m _identify(src/bussing_gui/robot-topview/src/assets) by extensions ['cmake', 'python']
[0.297s] [34mcolcon.colcon_core.package_identification[0m [1;30mLevel 1[0m _identify(src/bussing_gui/robot-topview/src/assets) by extension 'cmake'
[0.297s] [34mcolcon.colcon_core.package_identification[0m [1;30mLevel 1[0m _identify(src/bussing_gui/robot-topview/src/assets) by extension 'python'
[0.297s] [34mcolcon.colcon_core.package_identification[0m [1;30mLevel 1[0m _identify(src/bussing_gui/robot-topview/src/assets) by extensions ['python_setup_py']
[0.297s] [34mcolcon.colcon_core.package_identification[0m [1;30mLevel 1[0m _identify(src/bussing_gui/robot-topview/src/assets) by extension 'python_setup_py'
[0.297s] [34mcolcon.colcon_core.package_identification[0m [1;30mLevel 1[0m _identify(src/llm_for_pick_place_voice) by extensions ['ignore', 'ignore_ament_install']
[0.297s] [34mcolcon.colcon_core.package_identification[0m [1;30mLevel 1[0m _identify(src/llm_for_pick_place_voice) by extension 'ignore'
[0.297s] [34mcolcon.colcon_core.package_identification[0m [1;30mLevel 1[0m _identify(src/llm_for_pick_place_voice) by extension 'ignore_ament_install'
[0.297s] [34mcolcon.colcon_core.package_identification[0m [1;30mLevel 1[0m _identify(src/llm_for_pick_place_voice) by extensions ['colcon_pkg']
[0.297s] [34mcolcon.colcon_core.package_identification[0m [1;30mLevel 1[0m _identify(src/llm_for_pick_place_voice) by extension 'colcon_pkg'
[0.297s] [34mcolcon.colcon_core.package_identification[0m [1;30mLevel 1[0m _identify(src/llm_for_pick_place_voice) by extensions ['colcon_meta']
[0.297s] [34mcolcon.colcon_core.package_identification[0m [1;30mLevel 1[0m _identify(src/llm_for_pick_place_voice) by extension 'colcon_meta'
[0.297s] [34mcolcon.colcon_core.package_identification[0m [1;30mLevel 1[0m _identify(src/llm_for_pick_place_voice) by extensions ['ros']
[0.297s] [34mcolcon.colcon_core.package_identification[0m [1;30mLevel 1[0m _identify(src/llm_for_pick_place_voice) by extension 'ros'
[0.298s] [34mcolcon.colcon_core.package_identification[0m [1;30mDEBUG[0m [32mPackage 'src/llm_for_pick_place_voice' with type 'ros.ament_python' and name 'llm_for_pick_place_voice'[0m
[0.298s] [34mcolcon.colcon_core.package_identification[0m [1;30mLevel 1[0m _identify(src/log) by extensions ['ignore', 'ignore_ament_install']
[0.298s] [34mcolcon.colcon_core.package_identification[0m [1;30mLevel 1[0m _identify(src/log) by extension 'ignore'
[0.298s] [34mcolcon.colcon_core.package_identification[0m [1;30mLevel 1[0m _identify(src/log) ignored
[0.298s] [34mcolcon.colcon_core.package_discovery[0m [1;30mLevel 1[0m discover_packages(recursive) using defaults
[0.299s] [34mcolcon.colcon_core.package_discovery[0m [1;30mLevel 1[0m discover_packages(ignore) discover
[0.299s] [34mcolcon.colcon_core.package_discovery[0m [1;30mLevel 1[0m discover_packages(ignore) using defaults
[0.299s] [34mcolcon.colcon_core.package_discovery[0m [1;30mLevel 1[0m discover_packages(path) discover
[0.299s] [34mcolcon.colcon_core.package_discovery[0m [1;30mLevel 1[0m discover_packages(path) using defaults
[0.308s] [34mcolcon.colcon_core.package_discovery[0m [1;30mLevel 1[0m discover_packages(prefix_path) check parameters
[0.308s] [34mcolcon.colcon_core.package_discovery[0m [1;30mLevel 1[0m discover_packages(prefix_path) discover
[0.309s] [34mcolcon.colcon_installed_package_information.package_discovery[0m [1;30mDEBUG[0m [32mFound 0 installed packages in /home/jw/BussingMate/install[0m
[0.309s] [34mcolcon.colcon_installed_package_information.package_discovery[0m [1;30mDEBUG[0m [32mFound 1 installed packages in /home/jw/YongYiHanYong/install[0m
[0.310s] [34mcolcon.colcon_installed_package_information.package_discovery[0m [1;30mDEBUG[0m [32mFound 21 installed packages in /home/jw/ros2_ws/install[0m
[0.311s] [34mcolcon.colcon_installed_package_information.package_discovery[0m [1;30mDEBUG[0m [32mFound 430 installed packages in /opt/ros/jazzy[0m
[0.312s] [34mcolcon.colcon_core.package_discovery[0m [1;30mLevel 1[0m discover_packages(prefix_path) using defaults
[0.343s] [34mcolcon.colcon_core.verb[0m [1;30mLevel 5[0m set package 'llm_for_pick_place_voice' build argument 'cmake_args' from command line to 'None'
[0.343s] [34mcolcon.colcon_core.verb[0m [1;30mLevel 5[0m set package 'llm_for_pick_place_voice' build argument 'cmake_target' from command line to 'None'
[0.343s] [34mcolcon.colcon_core.verb[0m [1;30mLevel 5[0m set package 'llm_for_pick_place_voice' build argument 'cmake_target_skip_unavailable' from command line to 'False'
[0.343s] [34mcolcon.colcon_core.verb[0m [1;30mLevel 5[0m set package 'llm_for_pick_place_voice' build argument 'cmake_clean_cache' from command line to 'False'
[0.343s] [34mcolcon.colcon_core.verb[0m [1;30mLevel 5[0m set package 'llm_for_pick_place_voice' build argument 'cmake_clean_first' from command line to 'False'
[0.343s] [34mcolcon.colcon_core.verb[0m [1;30mLevel 5[0m set package 'llm_for_pick_place_voice' build argument 'cmake_force_configure' from command line to 'False'
[0.343s] [34mcolcon.colcon_core.verb[0m [1;30mLevel 5[0m set package 'llm_for_pick_place_voice' build argument 'ament_cmake_args' from command line to 'None'
[0.343s] [34mcolcon.colcon_core.verb[0m [1;30mLevel 5[0m set package 'llm_for_pick_place_voice' build argument 'catkin_cmake_args' from command line to 'None'
[0.343s] [34mcolcon.colcon_core.verb[0m [1;30mLevel 5[0m set package 'llm_for_pick_place_voice' build argument 'catkin_skip_building_tests' from command line to 'False'
[0.343s] [34mcolcon.colcon_core.verb[0m [1;30mDEBUG[0m [32mBuilding package 'llm_for_pick_place_voice' with the following arguments: {'ament_cmake_args': None, 'build_base': '/home/jw/BussingMate/build/llm_for_pick_place_voice', 'catkin_cmake_args': None, 'catkin_skip_building_tests': False, 'cmake_args': None, 'cmake_clean_cache': False, 'cmake_clean_first': False, 'cmake_force_configure': False, 'cmake_target': None, 'cmake_target_skip_unavailable': False, 'install_base': '/home/jw/BussingMate/install/llm_for_pick_place_voice', 'merge_install': False, 'path': '/home/jw/BussingMate/src/llm_for_pick_place_voice', 'symlink_install': True, 'test_result_base': None}[0m
[0.343s] [34mcolcon.colcon_core.executor[0m [1;30mINFO[0m Executing jobs using 'parallel' executor
[0.344s] [34mcolcon.colcon_parallel_executor.executor.parallel[0m [1;30mDEBUG[0m [32mrun_until_complete[0m
[0.344s] [34mcolcon.colcon_ros.task.ament_python.build[0m [1;30mINFO[0m Building ROS package in '/home/jw/BussingMate/src/llm_for_pick_place_voice' with build type 'ament_python'
[0.344s] [34mcolcon.colcon_core.shell[0m [1;30mLevel 1[0m create_environment_hook('llm_for_pick_place_voice', 'ament_prefix_path')
[0.346s] [34mcolcon.colcon_core.plugin_system[0m [1;30mINFO[0m Skipping extension 'colcon_core.shell.bat': Not used on non-Windows systems
[0.346s] [34mcolcon.colcon_core.shell[0m [1;30mINFO[0m Creating environment hook '/home/jw/BussingMate/install/llm_for_pick_place_voice/share/llm_for_pick_place_voice/hook/ament_prefix_path.ps1'
[0.347s] [34mcolcon.colcon_core.shell[0m [1;30mINFO[0m Creating environment descriptor '/home/jw/BussingMate/install/llm_for_pick_place_voice/share/llm_for_pick_place_voice/hook/ament_prefix_path.dsv'
[0.348s] [34mcolcon.colcon_core.shell[0m [1;30mINFO[0m Creating environment hook '/home/jw/BussingMate/install/llm_for_pick_place_voice/share/llm_for_pick_place_voice/hook/ament_prefix_path.sh'
[0.348s] [34mcolcon.colcon_core.shell[0m [1;30mINFO[0m Skip shell extension 'powershell' for command environment: Not usable outside of PowerShell
[0.348s] [34mcolcon.colcon_core.shell[0m [1;30mDEBUG[0m [32mSkip shell extension 'dsv' for command environment[0m
[0.494s] [34mcolcon.colcon_core.task.python.build[0m [1;30mINFO[0m Building Python package in '/home/jw/BussingMate/src/llm_for_pick_place_voice'
[0.495s] [34mcolcon.colcon_core.shell[0m [1;30mINFO[0m Skip shell extension 'powershell' for command environment: Not usable outside of PowerShell
[0.495s] [34mcolcon.colcon_core.shell[0m [1;30mDEBUG[0m [32mSkip shell extension 'dsv' for command environment[0m
[0.891s] [34mcolcon.colcon_core.event_handler.log_command[0m [1;30mDEBUG[0m [32mInvoking command in '/home/jw/BussingMate/build/llm_for_pick_place_voice': DEBUGINFOD_URLS=https://debuginfod.ubuntu.com PYTHONPATH=/home/jw/BussingMate/build/llm_for_pick_place_voice/prefix_override:/usr/lib/python3/dist-packages/colcon_core/task/python/colcon_distutils_commands:/home/jw/BussingMate/install/llm_for_pick_place_voice/lib/python3.12/site-packages:${PYTHONPATH} /usr/bin/python3 -W ignore:setup.py install is deprecated -W ignore:easy_install command is deprecated setup.py develop --editable --build-directory /home/jw/BussingMate/build/llm_for_pick_place_voice/build --no-deps symlink_data[0m
[1.308s] [34mcolcon.colcon_core.event_handler.log_command[0m [1;30mDEBUG[0m [32mInvoked command in '/home/jw/BussingMate/build/llm_for_pick_place_voice' returned '1': DEBUGINFOD_URLS=https://debuginfod.ubuntu.com PYTHONPATH=/home/jw/BussingMate/build/llm_for_pick_place_voice/prefix_override:/usr/lib/python3/dist-packages/colcon_core/task/python/colcon_distutils_commands:/home/jw/BussingMate/install/llm_for_pick_place_voice/lib/python3.12/site-packages:${PYTHONPATH} /usr/bin/python3 -W ignore:setup.py install is deprecated -W ignore:easy_install command is deprecated setup.py develop --editable --build-directory /home/jw/BussingMate/build/llm_for_pick_place_voice/build --no-deps symlink_data[0m
[1.318s] [34mcolcon.colcon_parallel_executor.executor.parallel[0m [1;30mDEBUG[0m [32mclosing loop[0m
[1.318s] [34mcolcon.colcon_parallel_executor.executor.parallel[0m [1;30mDEBUG[0m [32mloop closed[0m
[1.318s] [34mcolcon.colcon_parallel_executor.executor.parallel[0m [1;30mDEBUG[0m [32mrun_until_complete finished with '1'[0m
[1.319s] [34mcolcon.colcon_core.event_reactor[0m [1;30mDEBUG[0m [32mjoining thread[0m
[1.339s] [34mcolcon.colcon_core.plugin_system[0m [1;30mINFO[0m Skipping extension 'colcon_notification.desktop_notification.terminal_notifier': Not used on non-Darwin systems
[1.340s] [34mcolcon.colcon_core.plugin_system[0m [1;30mINFO[0m Skipping extension 'colcon_notification.desktop_notification.win32': Not used on non-Windows systems
[1.340s] [34mcolcon.colcon_notification.desktop_notification[0m [1;30mINFO[0m Sending desktop notification using 'notify2'
[1.349s] [34mcolcon.colcon_core.event_reactor[0m [1;30mDEBUG[0m [32mjoined thread[0m
[1.349s] [34mcolcon.colcon_core.shell[0m [1;30mINFO[0m Creating prefix script '/home/jw/BussingMate/install/local_setup.ps1'
[1.350s] [34mcolcon.colcon_core.shell[0m [1;30mINFO[0m Creating prefix util module '/home/jw/BussingMate/install/_local_setup_util_ps1.py'
[1.350s] [34mcolcon.colcon_core.shell[0m [1;30mINFO[0m Creating prefix chain script '/home/jw/BussingMate/install/setup.ps1'
[1.351s] [34mcolcon.colcon_core.shell[0m [1;30mINFO[0m Creating prefix script '/home/jw/BussingMate/install/local_setup.sh'
[1.352s] [34mcolcon.colcon_core.shell[0m [1;30mINFO[0m Creating prefix util module '/home/jw/BussingMate/install/_local_setup_util_sh.py'
[1.352s] [34mcolcon.colcon_core.shell[0m [1;30mINFO[0m Creating prefix chain script '/home/jw/BussingMate/install/setup.sh'
[1.353s] [34mcolcon.colcon_core.shell[0m [1;30mINFO[0m Creating prefix script '/home/jw/BussingMate/install/local_setup.bash'
[1.353s] [34mcolcon.colcon_core.shell[0m [1;30mINFO[0m Creating prefix chain script '/home/jw/BussingMate/install/setup.bash'
[1.354s] [34mcolcon.colcon_core.shell[0m [1;30mINFO[0m Creating prefix script '/home/jw/BussingMate/install/local_setup.zsh'
[1.354s] [34mcolcon.colcon_core.shell[0m [1;30mINFO[0m Creating prefix chain script '/home/jw/BussingMate/install/setup.zsh'
